source_job_id,phase,dataset,setting,method,kind,hf_budget,lf_multiplier,seed,freq_start,freq_end,explicit_scientific_options_json
original_tm_hf50_lfx05_seed_200,phase1_accuracy,TM,hf50_lfx05,HF-only+AR1/co-kriging+Neural-GP MF,original_bundle,50,5,200,,,"{""fpca_var_ratio"":""0.999"",""gp_ard"":""1"",""methods"":""hf_only,ar1,ours"",""svgp_M"":""64"",""svgp_steps"":""2000"",""wl_high"":""750.0"",""wl_low"":""380.0""}"
original_tm_hf50_lfx05_seed_210,phase1_accuracy,TM,hf50_lfx05,HF-only+AR1/co-kriging+Neural-GP MF,original_bundle,50,5,210,,,"{""fpca_var_ratio"":""0.999"",""gp_ard"":""1"",""methods"":""hf_only,ar1,ours"",""svgp_M"":""64"",""svgp_steps"":""2000"",""wl_high"":""750.0"",""wl_low"":""380.0""}"
original_tm_hf50_lfx05_seed_220,phase1_accuracy,TM,hf50_lfx05,HF-only+AR1/co-kriging+Neural-GP MF,original_bundle,50,5,220,,,"{""fpca_var_ratio"":""0.999"",""gp_ard"":""1"",""methods"":""hf_only,ar1,ours"",""svgp_M"":""64"",""svgp_steps"":""2000"",""wl_high"":""750.0"",""wl_low"":""380.0""}"
original_tm_hf50_lfx05_seed_230,phase1_accuracy,TM,hf50_lfx05,HF-only+AR1/co-kriging+Neural-GP MF,original_bundle,50,5,230,,,"{""fpca_var_ratio"":""0.999"",""gp_ard"":""1"",""methods"":""hf_only,ar1,ours"",""svgp_M"":""64"",""svgp_steps"":""2000"",""wl_high"":""750.0"",""wl_low"":""380.0""}"
original_tm_hf50_lfx05_seed_240,phase1_accuracy,TM,hf50_lfx05,HF-only+AR1/co-kriging+Neural-GP MF,original_bundle,50,5,240,,,"{""fpca_var_ratio"":""0.999"",""gp_ard"":""1"",""methods"":""hf_only,ar1,ours"",""svgp_M"":""64"",""svgp_steps"":""2000"",""wl_high"":""750.0"",""wl_low"":""380.0""}"
original_tm_hf50_lfx05_seed_250,phase1_accuracy,TM,hf50_lfx05,HF-only+AR1/co-kriging+Neural-GP MF,original_bundle,50,5,250,,,"{""fpca_var_ratio"":""0.999"",""gp_ard"":""1"",""methods"":""hf_only,ar1,ours"",""svgp_M"":""64"",""svgp_steps"":""2000"",""wl_high"":""750.0"",""wl_low"":""380.0""}"
original_tm_hf50_lfx05_seed_260,phase1_accuracy,TM,hf50_lfx05,HF-only+AR1/co-kriging+Neural-GP MF,original_bundle,50,5,260,,,"{""fpca_var_ratio"":""0.999"",""gp_ard"":""1"",""methods"":""hf_only,ar1,ours"",""svgp_M"":""64"",""svgp_steps"":""2000"",""wl_high"":""750.0"",""wl_low"":""380.0""}"
original_tm_hf50_lfx05_seed_270,phase1_accuracy,TM,hf50_lfx05,HF-only+AR1/co-kriging+Neural-GP MF,original_bundle,50,5,270,,,"{""fpca_var_ratio"":""0.999"",""gp_ard"":""1"",""methods"":""hf_only,ar1,ours"",""svgp_M"":""64"",""svgp_steps"":""2000"",""wl_high"":""750.0"",""wl_low"":""380.0""}"
original_tm_hf50_lfx05_seed_280,phase1_accuracy,TM,hf50_lfx05,HF-only+AR1/co-kriging+Neural-GP MF,original_bundle,50,5,280,,,"{""fpca_var_ratio"":""0.999"",""gp_ard"":""1"",""methods"":""hf_only,ar1,ours"",""svgp_M"":""64"",""svgp_steps"":""2000"",""wl_high"":""750.0"",""wl_low"":""380.0""}"
original_tm_hf50_lfx05_seed_290,phase1_accuracy,TM,hf50_lfx05,HF-only+AR1/co-kriging+Neural-GP MF,original_bundle,50,5,290,,,"{""fpca_var_ratio"":""0.999"",""gp_ard"":""1"",""methods"":""hf_only,ar1,ours"",""svgp_M"":""64"",""svgp_steps"":""2000"",""wl_high"":""750.0"",""wl_low"":""380.0""}"
original_tm_hf50_lfx05_seed_300,phase1_accuracy,TM,hf50_lfx05,HF-only+AR1/co-kriging+Neural-GP MF,original_bundle,50,5,300,,,"{""fpca_var_ratio"":""0.999"",""gp_ard"":""1"",""methods"":""hf_only,ar1,ours"",""svgp_M"":""64"",""svgp_steps"":""2000"",""wl_high"":""750.0"",""wl_low"":""380.0""}"
original_tm_hf50_lfx05_seed_311,phase1_accuracy,TM,hf50_lfx05,HF-only+AR1/co-kriging+Neural-GP MF,original_bundle,50,5,311,,,"{""fpca_var_ratio"":""0.999"",""gp_ard"":""1"",""methods"":""hf_only,ar1,ours"",""svgp_M"":""64"",""svgp_steps"":""2000"",""wl_high"":""750.0"",""wl_low"":""380.0""}"
original_tm_hf50_lfx05_seed_322,phase1_accuracy,TM,hf50_lfx05,HF-only+AR1/co-kriging+Neural-GP MF,original_bundle,50,5,322,,,"{""fpca_var_ratio"":""0.999"",""gp_ard"":""1"",""methods"":""hf_only,ar1,ours"",""svgp_M"":""64"",""svgp_steps"":""2000"",""wl_high"":""750.0"",""wl_low"":""380.0""}"
original_tm_hf50_lfx05_seed_333,phase1_accuracy,TM,hf50_lfx05,HF-only+AR1/co-kriging+Neural-GP MF,original_bundle,50,5,333,,,"{""fpca_var_ratio"":""0.999"",""gp_ard"":""1"",""methods"":""hf_only,ar1,ours"",""svgp_M"":""64"",""svgp_steps"":""2000"",""wl_high"":""750.0"",""wl_low"":""380.0""}"
original_tm_hf50_lfx05_seed_344,phase1_accuracy,TM,hf50_lfx05,HF-only+AR1/co-kriging+Neural-GP MF,original_bundle,50,5,344,,,"{""fpca_var_ratio"":""0.999"",""gp_ard"":""1"",""methods"":""hf_only,ar1,ours"",""svgp_M"":""64"",""svgp_steps"":""2000"",""wl_high"":""750.0"",""wl_low"":""380.0""}"
original_tm_hf50_lfx05_seed_355,phase1_accuracy,TM,hf50_lfx05,HF-only+AR1/co-kriging+Neural-GP MF,original_bundle,50,5,355,,,"{""fpca_var_ratio"":""0.999"",""gp_ard"":""1"",""methods"":""hf_only,ar1,ours"",""svgp_M"":""64"",""svgp_steps"":""2000"",""wl_high"":""750.0"",""wl_low"":""380.0""}"
original_tm_hf50_lfx05_seed_366,phase1_accuracy,TM,hf50_lfx05,HF-only+AR1/co-kriging+Neural-GP MF,original_bundle,50,5,366,,,"{""fpca_var_ratio"":""0.999"",""gp_ard"":""1"",""methods"":""hf_only,ar1,ours"",""svgp_M"":""64"",""svgp_steps"":""2000"",""wl_high"":""750.0"",""wl_low"":""380.0""}"
original_tm_hf50_lfx05_seed_377,phase1_accuracy,TM,hf50_lfx05,HF-only+AR1/co-kriging+Neural-GP MF,original_bundle,50,5,377,,,"{""fpca_var_ratio"":""0.999"",""gp_ard"":""1"",""methods"":""hf_only,ar1,ours"",""svgp_M"":""64"",""svgp_steps"":""2000"",""wl_high"":""750.0"",""wl_low"":""380.0""}"
original_tm_hf50_lfx05_seed_388,phase1_accuracy,TM,hf50_lfx05,HF-only+AR1/co-kriging+Neural-GP MF,original_bundle,50,5,388,,,"{""fpca_var_ratio"":""0.999"",""gp_ard"":""1"",""methods"":""hf_only,ar1,ours"",""svgp_M"":""64"",""svgp_steps"":""2000"",""wl_high"":""750.0"",""wl_low"":""380.0""}"
original_tm_hf50_lfx05_seed_399,phase1_accuracy,TM,hf50_lfx05,HF-only+AR1/co-kriging+Neural-GP MF,original_bundle,50,5,399,,,"{""fpca_var_ratio"":""0.999"",""gp_ard"":""1"",""methods"":""hf_only,ar1,ours"",""svgp_M"":""64"",""svgp_steps"":""2000"",""wl_high"":""750.0"",""wl_low"":""380.0""}"
original_tm_hf50_lfx10_seed_200,phase1_accuracy,TM,hf50_lfx10,HF-only+AR1/co-kriging+Neural-GP MF,original_bundle,50,10,200,,,"{""fpca_var_ratio"":""0.999"",""gp_ard"":""1"",""methods"":""hf_only,ar1,ours"",""svgp_M"":""64"",""svgp_steps"":""2000"",""wl_high"":""750.0"",""wl_low"":""380.0""}"
original_tm_hf50_lfx10_seed_210,phase1_accuracy,TM,hf50_lfx10,HF-only+AR1/co-kriging+Neural-GP MF,original_bundle,50,10,210,,,"{""fpca_var_ratio"":""0.999"",""gp_ard"":""1"",""methods"":""hf_only,ar1,ours"",""svgp_M"":""64"",""svgp_steps"":""2000"",""wl_high"":""750.0"",""wl_low"":""380.0""}"
original_tm_hf50_lfx10_seed_220,phase1_accuracy,TM,hf50_lfx10,HF-only+AR1/co-kriging+Neural-GP MF,original_bundle,50,10,220,,,"{""fpca_var_ratio"":""0.999"",""gp_ard"":""1"",""methods"":""hf_only,ar1,ours"",""svgp_M"":""64"",""svgp_steps"":""2000"",""wl_high"":""750.0"",""wl_low"":""380.0""}"
original_tm_hf50_lfx10_seed_230,phase1_accuracy,TM,hf50_lfx10,HF-only+AR1/co-kriging+Neural-GP MF,original_bundle,50,10,230,,,"{""fpca_var_ratio"":""0.999"",""gp_ard"":""1"",""methods"":""hf_only,ar1,ours"",""svgp_M"":""64"",""svgp_steps"":""2000"",""wl_high"":""750.0"",""wl_low"":""380.0""}"
original_tm_hf50_lfx10_seed_240,phase1_accuracy,TM,hf50_lfx10,HF-only+AR1/co-kriging+Neural-GP MF,original_bundle,50,10,240,,,"{""fpca_var_ratio"":""0.999"",""gp_ard"":""1"",""methods"":""hf_only,ar1,ours"",""svgp_M"":""64"",""svgp_steps"":""2000"",""wl_high"":""750.0"",""wl_low"":""380.0""}"
original_tm_hf50_lfx10_seed_250,phase1_accuracy,TM,hf50_lfx10,HF-only+AR1/co-kriging+Neural-GP MF,original_bundle,50,10,250,,,"{""fpca_var_ratio"":""0.999"",""gp_ard"":""1"",""methods"":""hf_only,ar1,ours"",""svgp_M"":""64"",""svgp_steps"":""2000"",""wl_high"":""750.0"",""wl_low"":""380.0""}"
original_tm_hf50_lfx10_seed_260,phase1_accuracy,TM,hf50_lfx10,HF-only+AR1/co-kriging+Neural-GP MF,original_bundle,50,10,260,,,"{""fpca_var_ratio"":""0.999"",""gp_ard"":""1"",""methods"":""hf_only,ar1,ours"",""svgp_M"":""64"",""svgp_steps"":""2000"",""wl_high"":""750.0"",""wl_low"":""380.0""}"
original_tm_hf50_lfx10_seed_270,phase1_accuracy,TM,hf50_lfx10,HF-only+AR1/co-kriging+Neural-GP MF,original_bundle,50,10,270,,,"{""fpca_var_ratio"":""0.999"",""gp_ard"":""1"",""methods"":""hf_only,ar1,ours"",""svgp_M"":""64"",""svgp_steps"":""2000"",""wl_high"":""750.0"",""wl_low"":""380.0""}"
original_tm_hf50_lfx10_seed_280,phase1_accuracy,TM,hf50_lfx10,HF-only+AR1/co-kriging+Neural-GP MF,original_bundle,50,10,280,,,"{""fpca_var_ratio"":""0.999"",""gp_ard"":""1"",""methods"":""hf_only,ar1,ours"",""svgp_M"":""64"",""svgp_steps"":""2000"",""wl_high"":""750.0"",""wl_low"":""380.0""}"
original_tm_hf50_lfx10_seed_290,phase1_accuracy,TM,hf50_lfx10,HF-only+AR1/co-kriging+Neural-GP MF,original_bundle,50,10,290,,,"{""fpca_var_ratio"":""0.999"",""gp_ard"":""1"",""methods"":""hf_only,ar1,ours"",""svgp_M"":""64"",""svgp_steps"":""2000"",""wl_high"":""750.0"",""wl_low"":""380.0""}"
original_tm_hf50_lfx10_seed_300,phase1_accuracy,TM,hf50_lfx10,HF-only+AR1/co-kriging+Neural-GP MF,original_bundle,50,10,300,,,"{""fpca_var_ratio"":""0.999"",""gp_ard"":""1"",""methods"":""hf_only,ar1,ours"",""svgp_M"":""64"",""svgp_steps"":""2000"",""wl_high"":""750.0"",""wl_low"":""380.0""}"
original_tm_hf50_lfx10_seed_311,phase1_accuracy,TM,hf50_lfx10,HF-only+AR1/co-kriging+Neural-GP MF,original_bundle,50,10,311,,,"{""fpca_var_ratio"":""0.999"",""gp_ard"":""1"",""methods"":""hf_only,ar1,ours"",""svgp_M"":""64"",""svgp_steps"":""2000"",""wl_high"":""750.0"",""wl_low"":""380.0""}"
original_tm_hf50_lfx10_seed_322,phase1_accuracy,TM,hf50_lfx10,HF-only+AR1/co-kriging+Neural-GP MF,original_bundle,50,10,322,,,"{""fpca_var_ratio"":""0.999"",""gp_ard"":""1"",""methods"":""hf_only,ar1,ours"",""svgp_M"":""64"",""svgp_steps"":""2000"",""wl_high"":""750.0"",""wl_low"":""380.0""}"
original_tm_hf50_lfx10_seed_333,phase1_accuracy,TM,hf50_lfx10,HF-only+AR1/co-kriging+Neural-GP MF,original_bundle,50,10,333,,,"{""fpca_var_ratio"":""0.999"",""gp_ard"":""1"",""methods"":""hf_only,ar1,ours"",""svgp_M"":""64"",""svgp_steps"":""2000"",""wl_high"":""750.0"",""wl_low"":""380.0""}"
original_tm_hf50_lfx10_seed_344,phase1_accuracy,TM,hf50_lfx10,HF-only+AR1/co-kriging+Neural-GP MF,original_bundle,50,10,344,,,"{""fpca_var_ratio"":""0.999"",""gp_ard"":""1"",""methods"":""hf_only,ar1,ours"",""svgp_M"":""64"",""svgp_steps"":""2000"",""wl_high"":""750.0"",""wl_low"":""380.0""}"
original_tm_hf50_lfx10_seed_355,phase1_accuracy,TM,hf50_lfx10,HF-only+AR1/co-kriging+Neural-GP MF,original_bundle,50,10,355,,,"{""fpca_var_ratio"":""0.999"",""gp_ard"":""1"",""methods"":""hf_only,ar1,ours"",""svgp_M"":""64"",""svgp_steps"":""2000"",""wl_high"":""750.0"",""wl_low"":""380.0""}"
original_tm_hf50_lfx10_seed_366,phase1_accuracy,TM,hf50_lfx10,HF-only+AR1/co-kriging+Neural-GP MF,original_bundle,50,10,366,,,"{""fpca_var_ratio"":""0.999"",""gp_ard"":""1"",""methods"":""hf_only,ar1,ours"",""svgp_M"":""64"",""svgp_steps"":""2000"",""wl_high"":""750.0"",""wl_low"":""380.0""}"
original_tm_hf50_lfx10_seed_377,phase1_accuracy,TM,hf50_lfx10,HF-only+AR1/co-kriging+Neural-GP MF,original_bundle,50,10,377,,,"{""fpca_var_ratio"":""0.999"",""gp_ard"":""1"",""methods"":""hf_only,ar1,ours"",""svgp_M"":""64"",""svgp_steps"":""2000"",""wl_high"":""750.0"",""wl_low"":""380.0""}"
original_tm_hf50_lfx10_seed_388,phase1_accuracy,TM,hf50_lfx10,HF-only+AR1/co-kriging+Neural-GP MF,original_bundle,50,10,388,,,"{""fpca_var_ratio"":""0.999"",""gp_ard"":""1"",""methods"":""hf_only,ar1,ours"",""svgp_M"":""64"",""svgp_steps"":""2000"",""wl_high"":""750.0"",""wl_low"":""380.0""}"
original_tm_hf50_lfx10_seed_399,phase1_accuracy,TM,hf50_lfx10,HF-only+AR1/co-kriging+Neural-GP MF,original_bundle,50,10,399,,,"{""fpca_var_ratio"":""0.999"",""gp_ard"":""1"",""methods"":""hf_only,ar1,ours"",""svgp_M"":""64"",""svgp_steps"":""2000"",""wl_high"":""750.0"",""wl_low"":""380.0""}"
original_tm_hf50_lfx15_seed_200,phase1_accuracy,TM,hf50_lfx15,HF-only+AR1/co-kriging+Neural-GP MF,original_bundle,50,15,200,,,"{""fpca_var_ratio"":""0.999"",""gp_ard"":""1"",""methods"":""hf_only,ar1,ours"",""svgp_M"":""64"",""svgp_steps"":""2000"",""wl_high"":""750.0"",""wl_low"":""380.0""}"
original_tm_hf50_lfx15_seed_210,phase1_accuracy,TM,hf50_lfx15,HF-only+AR1/co-kriging+Neural-GP MF,original_bundle,50,15,210,,,"{""fpca_var_ratio"":""0.999"",""gp_ard"":""1"",""methods"":""hf_only,ar1,ours"",""svgp_M"":""64"",""svgp_steps"":""2000"",""wl_high"":""750.0"",""wl_low"":""380.0""}"
original_tm_hf50_lfx15_seed_220,phase1_accuracy,TM,hf50_lfx15,HF-only+AR1/co-kriging+Neural-GP MF,original_bundle,50,15,220,,,"{""fpca_var_ratio"":""0.999"",""gp_ard"":""1"",""methods"":""hf_only,ar1,ours"",""svgp_M"":""64"",""svgp_steps"":""2000"",""wl_high"":""750.0"",""wl_low"":""380.0""}"
original_tm_hf50_lfx15_seed_230,phase1_accuracy,TM,hf50_lfx15,HF-only+AR1/co-kriging+Neural-GP MF,original_bundle,50,15,230,,,"{""fpca_var_ratio"":""0.999"",""gp_ard"":""1"",""methods"":""hf_only,ar1,ours"",""svgp_M"":""64"",""svgp_steps"":""2000"",""wl_high"":""750.0"",""wl_low"":""380.0""}"
original_tm_hf50_lfx15_seed_240,phase1_accuracy,TM,hf50_lfx15,HF-only+AR1/co-kriging+Neural-GP MF,original_bundle,50,15,240,,,"{""fpca_var_ratio"":""0.999"",""gp_ard"":""1"",""methods"":""hf_only,ar1,ours"",""svgp_M"":""64"",""svgp_steps"":""2000"",""wl_high"":""750.0"",""wl_low"":""380.0""}"
original_tm_hf50_lfx15_seed_250,phase1_accuracy,TM,hf50_lfx15,HF-only+AR1/co-kriging+Neural-GP MF,original_bundle,50,15,250,,,"{""fpca_var_ratio"":""0.999"",""gp_ard"":""1"",""methods"":""hf_only,ar1,ours"",""svgp_M"":""64"",""svgp_steps"":""2000"",""wl_high"":""750.0"",""wl_low"":""380.0""}"
original_tm_hf50_lfx15_seed_260,phase1_accuracy,TM,hf50_lfx15,HF-only+AR1/co-kriging+Neural-GP MF,original_bundle,50,15,260,,,"{""fpca_var_ratio"":""0.999"",""gp_ard"":""1"",""methods"":""hf_only,ar1,ours"",""svgp_M"":""64"",""svgp_steps"":""2000"",""wl_high"":""750.0"",""wl_low"":""380.0""}"
original_tm_hf50_lfx15_seed_270,phase1_accuracy,TM,hf50_lfx15,HF-only+AR1/co-kriging+Neural-GP MF,original_bundle,50,15,270,,,"{""fpca_var_ratio"":""0.999"",""gp_ard"":""1"",""methods"":""hf_only,ar1,ours"",""svgp_M"":""64"",""svgp_steps"":""2000"",""wl_high"":""750.0"",""wl_low"":""380.0""}"
original_tm_hf50_lfx15_seed_280,phase1_accuracy,TM,hf50_lfx15,HF-only+AR1/co-kriging+Neural-GP MF,original_bundle,50,15,280,,,"{""fpca_var_ratio"":""0.999"",""gp_ard"":""1"",""methods"":""hf_only,ar1,ours"",""svgp_M"":""64"",""svgp_steps"":""2000"",""wl_high"":""750.0"",""wl_low"":""380.0""}"
original_tm_hf50_lfx15_seed_290,phase1_accuracy,TM,hf50_lfx15,HF-only+AR1/co-kriging+Neural-GP MF,original_bundle,50,15,290,,,"{""fpca_var_ratio"":""0.999"",""gp_ard"":""1"",""methods"":""hf_only,ar1,ours"",""svgp_M"":""64"",""svgp_steps"":""2000"",""wl_high"":""750.0"",""wl_low"":""380.0""}"
original_tm_hf50_lfx15_seed_300,phase1_accuracy,TM,hf50_lfx15,HF-only+AR1/co-kriging+Neural-GP MF,original_bundle,50,15,300,,,"{""fpca_var_ratio"":""0.999"",""gp_ard"":""1"",""methods"":""hf_only,ar1,ours"",""svgp_M"":""64"",""svgp_steps"":""2000"",""wl_high"":""750.0"",""wl_low"":""380.0""}"
original_tm_hf50_lfx15_seed_311,phase1_accuracy,TM,hf50_lfx15,HF-only+AR1/co-kriging+Neural-GP MF,original_bundle,50,15,311,,,"{""fpca_var_ratio"":""0.999"",""gp_ard"":""1"",""methods"":""hf_only,ar1,ours"",""svgp_M"":""64"",""svgp_steps"":""2000"",""wl_high"":""750.0"",""wl_low"":""380.0""}"
original_tm_hf50_lfx15_seed_322,phase1_accuracy,TM,hf50_lfx15,HF-only+AR1/co-kriging+Neural-GP MF,original_bundle,50,15,322,,,"{""fpca_var_ratio"":""0.999"",""gp_ard"":""1"",""methods"":""hf_only,ar1,ours"",""svgp_M"":""64"",""svgp_steps"":""2000"",""wl_high"":""750.0"",""wl_low"":""380.0""}"
original_tm_hf50_lfx15_seed_333,phase1_accuracy,TM,hf50_lfx15,HF-only+AR1/co-kriging+Neural-GP MF,original_bundle,50,15,333,,,"{""fpca_var_ratio"":""0.999"",""gp_ard"":""1"",""methods"":""hf_only,ar1,ours"",""svgp_M"":""64"",""svgp_steps"":""2000"",""wl_high"":""750.0"",""wl_low"":""380.0""}"
original_tm_hf50_lfx15_seed_344,phase1_accuracy,TM,hf50_lfx15,HF-only+AR1/co-kriging+Neural-GP MF,original_bundle,50,15,344,,,"{""fpca_var_ratio"":""0.999"",""gp_ard"":""1"",""methods"":""hf_only,ar1,ours"",""svgp_M"":""64"",""svgp_steps"":""2000"",""wl_high"":""750.0"",""wl_low"":""380.0""}"
original_tm_hf50_lfx15_seed_355,phase1_accuracy,TM,hf50_lfx15,HF-only+AR1/co-kriging+Neural-GP MF,original_bundle,50,15,355,,,"{""fpca_var_ratio"":""0.999"",""gp_ard"":""1"",""methods"":""hf_only,ar1,ours"",""svgp_M"":""64"",""svgp_steps"":""2000"",""wl_high"":""750.0"",""wl_low"":""380.0""}"
original_tm_hf50_lfx15_seed_366,phase1_accuracy,TM,hf50_lfx15,HF-only+AR1/co-kriging+Neural-GP MF,original_bundle,50,15,366,,,"{""fpca_var_ratio"":""0.999"",""gp_ard"":""1"",""methods"":""hf_only,ar1,ours"",""svgp_M"":""64"",""svgp_steps"":""2000"",""wl_high"":""750.0"",""wl_low"":""380.0""}"
original_tm_hf50_lfx15_seed_377,phase1_accuracy,TM,hf50_lfx15,HF-only+AR1/co-kriging+Neural-GP MF,original_bundle,50,15,377,,,"{""fpca_var_ratio"":""0.999"",""gp_ard"":""1"",""methods"":""hf_only,ar1,ours"",""svgp_M"":""64"",""svgp_steps"":""2000"",""wl_high"":""750.0"",""wl_low"":""380.0""}"
original_tm_hf50_lfx15_seed_388,phase1_accuracy,TM,hf50_lfx15,HF-only+AR1/co-kriging+Neural-GP MF,original_bundle,50,15,388,,,"{""fpca_var_ratio"":""0.999"",""gp_ard"":""1"",""methods"":""hf_only,ar1,ours"",""svgp_M"":""64"",""svgp_steps"":""2000"",""wl_high"":""750.0"",""wl_low"":""380.0""}"
original_tm_hf50_lfx15_seed_399,phase1_accuracy,TM,hf50_lfx15,HF-only+AR1/co-kriging+Neural-GP MF,original_bundle,50,15,399,,,"{""fpca_var_ratio"":""0.999"",""gp_ard"":""1"",""methods"":""hf_only,ar1,ours"",""svgp_M"":""64"",""svgp_steps"":""2000"",""wl_high"":""750.0"",""wl_low"":""380.0""}"
original_tm_hf100_lfx05_seed_200,phase1_accuracy,TM,hf100_lfx05,HF-only+AR1/co-kriging+Neural-GP MF,original_bundle,100,5,200,,,"{""fpca_var_ratio"":""0.999"",""gp_ard"":""1"",""methods"":""hf_only,ar1,ours"",""svgp_M"":""64"",""svgp_steps"":""2000"",""wl_high"":""750.0"",""wl_low"":""380.0""}"
original_tm_hf100_lfx05_seed_210,phase1_accuracy,TM,hf100_lfx05,HF-only+AR1/co-kriging+Neural-GP MF,original_bundle,100,5,210,,,"{""fpca_var_ratio"":""0.999"",""gp_ard"":""1"",""methods"":""hf_only,ar1,ours"",""svgp_M"":""64"",""svgp_steps"":""2000"",""wl_high"":""750.0"",""wl_low"":""380.0""}"
original_tm_hf100_lfx05_seed_220,phase1_accuracy,TM,hf100_lfx05,HF-only+AR1/co-kriging+Neural-GP MF,original_bundle,100,5,220,,,"{""fpca_var_ratio"":""0.999"",""gp_ard"":""1"",""methods"":""hf_only,ar1,ours"",""svgp_M"":""64"",""svgp_steps"":""2000"",""wl_high"":""750.0"",""wl_low"":""380.0""}"
original_tm_hf100_lfx05_seed_230,phase1_accuracy,TM,hf100_lfx05,HF-only+AR1/co-kriging+Neural-GP MF,original_bundle,100,5,230,,,"{""fpca_var_ratio"":""0.999"",""gp_ard"":""1"",""methods"":""hf_only,ar1,ours"",""svgp_M"":""64"",""svgp_steps"":""2000"",""wl_high"":""750.0"",""wl_low"":""380.0""}"
original_tm_hf100_lfx05_seed_240,phase1_accuracy,TM,hf100_lfx05,HF-only+AR1/co-kriging+Neural-GP MF,original_bundle,100,5,240,,,"{""fpca_var_ratio"":""0.999"",""gp_ard"":""1"",""methods"":""hf_only,ar1,ours"",""svgp_M"":""64"",""svgp_steps"":""2000"",""wl_high"":""750.0"",""wl_low"":""380.0""}"
original_tm_hf100_lfx05_seed_250,phase1_accuracy,TM,hf100_lfx05,HF-only+AR1/co-kriging+Neural-GP MF,original_bundle,100,5,250,,,"{""fpca_var_ratio"":""0.999"",""gp_ard"":""1"",""methods"":""hf_only,ar1,ours"",""svgp_M"":""64"",""svgp_steps"":""2000"",""wl_high"":""750.0"",""wl_low"":""380.0""}"
original_tm_hf100_lfx05_seed_260,phase1_accuracy,TM,hf100_lfx05,HF-only+AR1/co-kriging+Neural-GP MF,original_bundle,100,5,260,,,"{""fpca_var_ratio"":""0.999"",""gp_ard"":""1"",""methods"":""hf_only,ar1,ours"",""svgp_M"":""64"",""svgp_steps"":""2000"",""wl_high"":""750.0"",""wl_low"":""380.0""}"
original_tm_hf100_lfx05_seed_270,phase1_accuracy,TM,hf100_lfx05,HF-only+AR1/co-kriging+Neural-GP MF,original_bundle,100,5,270,,,"{""fpca_var_ratio"":""0.999"",""gp_ard"":""1"",""methods"":""hf_only,ar1,ours"",""svgp_M"":""64"",""svgp_steps"":""2000"",""wl_high"":""750.0"",""wl_low"":""380.0""}"
original_tm_hf100_lfx05_seed_280,phase1_accuracy,TM,hf100_lfx05,HF-only+AR1/co-kriging+Neural-GP MF,original_bundle,100,5,280,,,"{""fpca_var_ratio"":""0.999"",""gp_ard"":""1"",""methods"":""hf_only,ar1,ours"",""svgp_M"":""64"",""svgp_steps"":""2000"",""wl_high"":""750.0"",""wl_low"":""380.0""}"
original_tm_hf100_lfx05_seed_290,phase1_accuracy,TM,hf100_lfx05,HF-only+AR1/co-kriging+Neural-GP MF,original_bundle,100,5,290,,,"{""fpca_var_ratio"":""0.999"",""gp_ard"":""1"",""methods"":""hf_only,ar1,ours"",""svgp_M"":""64"",""svgp_steps"":""2000"",""wl_high"":""750.0"",""wl_low"":""380.0""}"
original_tm_hf100_lfx05_seed_300,phase1_accuracy,TM,hf100_lfx05,HF-only+AR1/co-kriging+Neural-GP MF,original_bundle,100,5,300,,,"{""fpca_var_ratio"":""0.999"",""gp_ard"":""1"",""methods"":""hf_only,ar1,ours"",""svgp_M"":""64"",""svgp_steps"":""2000"",""wl_high"":""750.0"",""wl_low"":""380.0""}"
original_tm_hf100_lfx05_seed_311,phase1_accuracy,TM,hf100_lfx05,HF-only+AR1/co-kriging+Neural-GP MF,original_bundle,100,5,311,,,"{""fpca_var_ratio"":""0.999"",""gp_ard"":""1"",""methods"":""hf_only,ar1,ours"",""svgp_M"":""64"",""svgp_steps"":""2000"",""wl_high"":""750.0"",""wl_low"":""380.0""}"
original_tm_hf100_lfx05_seed_322,phase1_accuracy,TM,hf100_lfx05,HF-only+AR1/co-kriging+Neural-GP MF,original_bundle,100,5,322,,,"{""fpca_var_ratio"":""0.999"",""gp_ard"":""1"",""methods"":""hf_only,ar1,ours"",""svgp_M"":""64"",""svgp_steps"":""2000"",""wl_high"":""750.0"",""wl_low"":""380.0""}"
original_tm_hf100_lfx05_seed_333,phase1_accuracy,TM,hf100_lfx05,HF-only+AR1/co-kriging+Neural-GP MF,original_bundle,100,5,333,,,"{""fpca_var_ratio"":""0.999"",""gp_ard"":""1"",""methods"":""hf_only,ar1,ours"",""svgp_M"":""64"",""svgp_steps"":""2000"",""wl_high"":""750.0"",""wl_low"":""380.0""}"
original_tm_hf100_lfx05_seed_344,phase1_accuracy,TM,hf100_lfx05,HF-only+AR1/co-kriging+Neural-GP MF,original_bundle,100,5,344,,,"{""fpca_var_ratio"":""0.999"",""gp_ard"":""1"",""methods"":""hf_only,ar1,ours"",""svgp_M"":""64"",""svgp_steps"":""2000"",""wl_high"":""750.0"",""wl_low"":""380.0""}"
original_tm_hf100_lfx05_seed_355,phase1_accuracy,TM,hf100_lfx05,HF-only+AR1/co-kriging+Neural-GP MF,original_bundle,100,5,355,,,"{""fpca_var_ratio"":""0.999"",""gp_ard"":""1"",""methods"":""hf_only,ar1,ours"",""svgp_M"":""64"",""svgp_steps"":""2000"",""wl_high"":""750.0"",""wl_low"":""380.0""}"
original_tm_hf100_lfx05_seed_366,phase1_accuracy,TM,hf100_lfx05,HF-only+AR1/co-kriging+Neural-GP MF,original_bundle,100,5,366,,,"{""fpca_var_ratio"":""0.999"",""gp_ard"":""1"",""methods"":""hf_only,ar1,ours"",""svgp_M"":""64"",""svgp_steps"":""2000"",""wl_high"":""750.0"",""wl_low"":""380.0""}"
original_tm_hf100_lfx05_seed_377,phase1_accuracy,TM,hf100_lfx05,HF-only+AR1/co-kriging+Neural-GP MF,original_bundle,100,5,377,,,"{""fpca_var_ratio"":""0.999"",""gp_ard"":""1"",""methods"":""hf_only,ar1,ours"",""svgp_M"":""64"",""svgp_steps"":""2000"",""wl_high"":""750.0"",""wl_low"":""380.0""}"
original_tm_hf100_lfx05_seed_388,phase1_accuracy,TM,hf100_lfx05,HF-only+AR1/co-kriging+Neural-GP MF,original_bundle,100,5,388,,,"{""fpca_var_ratio"":""0.999"",""gp_ard"":""1"",""methods"":""hf_only,ar1,ours"",""svgp_M"":""64"",""svgp_steps"":""2000"",""wl_high"":""750.0"",""wl_low"":""380.0""}"
original_tm_hf100_lfx05_seed_399,phase1_accuracy,TM,hf100_lfx05,HF-only+AR1/co-kriging+Neural-GP MF,original_bundle,100,5,399,,,"{""fpca_var_ratio"":""0.999"",""gp_ard"":""1"",""methods"":""hf_only,ar1,ours"",""svgp_M"":""64"",""svgp_steps"":""2000"",""wl_high"":""750.0"",""wl_low"":""380.0""}"
original_tm_hf100_lfx10_seed_200,phase1_accuracy,TM,hf100_lfx10,HF-only+AR1/co-kriging+Neural-GP MF,original_bundle,100,10,200,,,"{""fpca_var_ratio"":""0.999"",""gp_ard"":""1"",""methods"":""hf_only,ar1,ours"",""svgp_M"":""64"",""svgp_steps"":""2000"",""wl_high"":""750.0"",""wl_low"":""380.0""}"
original_tm_hf100_lfx10_seed_210,phase1_accuracy,TM,hf100_lfx10,HF-only+AR1/co-kriging+Neural-GP MF,original_bundle,100,10,210,,,"{""fpca_var_ratio"":""0.999"",""gp_ard"":""1"",""methods"":""hf_only,ar1,ours"",""svgp_M"":""64"",""svgp_steps"":""2000"",""wl_high"":""750.0"",""wl_low"":""380.0""}"
original_tm_hf100_lfx10_seed_220,phase1_accuracy,TM,hf100_lfx10,HF-only+AR1/co-kriging+Neural-GP MF,original_bundle,100,10,220,,,"{""fpca_var_ratio"":""0.999"",""gp_ard"":""1"",""methods"":""hf_only,ar1,ours"",""svgp_M"":""64"",""svgp_steps"":""2000"",""wl_high"":""750.0"",""wl_low"":""380.0""}"
original_tm_hf100_lfx10_seed_230,phase1_accuracy,TM,hf100_lfx10,HF-only+AR1/co-kriging+Neural-GP MF,original_bundle,100,10,230,,,"{""fpca_var_ratio"":""0.999"",""gp_ard"":""1"",""methods"":""hf_only,ar1,ours"",""svgp_M"":""64"",""svgp_steps"":""2000"",""wl_high"":""750.0"",""wl_low"":""380.0""}"
original_tm_hf100_lfx10_seed_240,phase1_accuracy,TM,hf100_lfx10,HF-only+AR1/co-kriging+Neural-GP MF,original_bundle,100,10,240,,,"{""fpca_var_ratio"":""0.999"",""gp_ard"":""1"",""methods"":""hf_only,ar1,ours"",""svgp_M"":""64"",""svgp_steps"":""2000"",""wl_high"":""750.0"",""wl_low"":""380.0""}"
original_tm_hf100_lfx10_seed_250,phase1_accuracy,TM,hf100_lfx10,HF-only+AR1/co-kriging+Neural-GP MF,original_bundle,100,10,250,,,"{""fpca_var_ratio"":""0.999"",""gp_ard"":""1"",""methods"":""hf_only,ar1,ours"",""svgp_M"":""64"",""svgp_steps"":""2000"",""wl_high"":""750.0"",""wl_low"":""380.0""}"
original_tm_hf100_lfx10_seed_260,phase1_accuracy,TM,hf100_lfx10,HF-only+AR1/co-kriging+Neural-GP MF,original_bundle,100,10,260,,,"{""fpca_var_ratio"":""0.999"",""gp_ard"":""1"",""methods"":""hf_only,ar1,ours"",""svgp_M"":""64"",""svgp_steps"":""2000"",""wl_high"":""750.0"",""wl_low"":""380.0""}"
original_tm_hf100_lfx10_seed_270,phase1_accuracy,TM,hf100_lfx10,HF-only+AR1/co-kriging+Neural-GP MF,original_bundle,100,10,270,,,"{""fpca_var_ratio"":""0.999"",""gp_ard"":""1"",""methods"":""hf_only,ar1,ours"",""svgp_M"":""64"",""svgp_steps"":""2000"",""wl_high"":""750.0"",""wl_low"":""380.0""}"
original_tm_hf100_lfx10_seed_280,phase1_accuracy,TM,hf100_lfx10,HF-only+AR1/co-kriging+Neural-GP MF,original_bundle,100,10,280,,,"{""fpca_var_ratio"":""0.999"",""gp_ard"":""1"",""methods"":""hf_only,ar1,ours"",""svgp_M"":""64"",""svgp_steps"":""2000"",""wl_high"":""750.0"",""wl_low"":""380.0""}"
original_tm_hf100_lfx10_seed_290,phase1_accuracy,TM,hf100_lfx10,HF-only+AR1/co-kriging+Neural-GP MF,original_bundle,100,10,290,,,"{""fpca_var_ratio"":""0.999"",""gp_ard"":""1"",""methods"":""hf_only,ar1,ours"",""svgp_M"":""64"",""svgp_steps"":""2000"",""wl_high"":""750.0"",""wl_low"":""380.0""}"
original_tm_hf100_lfx10_seed_300,phase1_accuracy,TM,hf100_lfx10,HF-only+AR1/co-kriging+Neural-GP MF,original_bundle,100,10,300,,,"{""fpca_var_ratio"":""0.999"",""gp_ard"":""1"",""methods"":""hf_only,ar1,ours"",""svgp_M"":""64"",""svgp_steps"":""2000"",""wl_high"":""750.0"",""wl_low"":""380.0""}"
original_tm_hf100_lfx10_seed_311,phase1_accuracy,TM,hf100_lfx10,HF-only+AR1/co-kriging+Neural-GP MF,original_bundle,100,10,311,,,"{""fpca_var_ratio"":""0.999"",""gp_ard"":""1"",""methods"":""hf_only,ar1,ours"",""svgp_M"":""64"",""svgp_steps"":""2000"",""wl_high"":""750.0"",""wl_low"":""380.0""}"
original_tm_hf100_lfx10_seed_322,phase1_accuracy,TM,hf100_lfx10,HF-only+AR1/co-kriging+Neural-GP MF,original_bundle,100,10,322,,,"{""fpca_var_ratio"":""0.999"",""gp_ard"":""1"",""methods"":""hf_only,ar1,ours"",""svgp_M"":""64"",""svgp_steps"":""2000"",""wl_high"":""750.0"",""wl_low"":""380.0""}"
original_tm_hf100_lfx10_seed_333,phase1_accuracy,TM,hf100_lfx10,HF-only+AR1/co-kriging+Neural-GP MF,original_bundle,100,10,333,,,"{""fpca_var_ratio"":""0.999"",""gp_ard"":""1"",""methods"":""hf_only,ar1,ours"",""svgp_M"":""64"",""svgp_steps"":""2000"",""wl_high"":""750.0"",""wl_low"":""380.0""}"
original_tm_hf100_lfx10_seed_344,phase1_accuracy,TM,hf100_lfx10,HF-only+AR1/co-kriging+Neural-GP MF,original_bundle,100,10,344,,,"{""fpca_var_ratio"":""0.999"",""gp_ard"":""1"",""methods"":""hf_only,ar1,ours"",""svgp_M"":""64"",""svgp_steps"":""2000"",""wl_high"":""750.0"",""wl_low"":""380.0""}"
original_tm_hf100_lfx10_seed_355,phase1_accuracy,TM,hf100_lfx10,HF-only+AR1/co-kriging+Neural-GP MF,original_bundle,100,10,355,,,"{""fpca_var_ratio"":""0.999"",""gp_ard"":""1"",""methods"":""hf_only,ar1,ours"",""svgp_M"":""64"",""svgp_steps"":""2000"",""wl_high"":""750.0"",""wl_low"":""380.0""}"
original_tm_hf100_lfx10_seed_366,phase1_accuracy,TM,hf100_lfx10,HF-only+AR1/co-kriging+Neural-GP MF,original_bundle,100,10,366,,,"{""fpca_var_ratio"":""0.999"",""gp_ard"":""1"",""methods"":""hf_only,ar1,ours"",""svgp_M"":""64"",""svgp_steps"":""2000"",""wl_high"":""750.0"",""wl_low"":""380.0""}"
original_tm_hf100_lfx10_seed_377,phase1_accuracy,TM,hf100_lfx10,HF-only+AR1/co-kriging+Neural-GP MF,original_bundle,100,10,377,,,"{""fpca_var_ratio"":""0.999"",""gp_ard"":""1"",""methods"":""hf_only,ar1,ours"",""svgp_M"":""64"",""svgp_steps"":""2000"",""wl_high"":""750.0"",""wl_low"":""380.0""}"
original_tm_hf100_lfx10_seed_388,phase1_accuracy,TM,hf100_lfx10,HF-only+AR1/co-kriging+Neural-GP MF,original_bundle,100,10,388,,,"{""fpca_var_ratio"":""0.999"",""gp_ard"":""1"",""methods"":""hf_only,ar1,ours"",""svgp_M"":""64"",""svgp_steps"":""2000"",""wl_high"":""750.0"",""wl_low"":""380.0""}"
original_tm_hf100_lfx10_seed_399,phase1_accuracy,TM,hf100_lfx10,HF-only+AR1/co-kriging+Neural-GP MF,original_bundle,100,10,399,,,"{""fpca_var_ratio"":""0.999"",""gp_ard"":""1"",""methods"":""hf_only,ar1,ours"",""svgp_M"":""64"",""svgp_steps"":""2000"",""wl_high"":""750.0"",""wl_low"":""380.0""}"
original_tm_hf100_lfx15_seed_200,phase1_accuracy,TM,hf100_lfx15,HF-only+AR1/co-kriging+Neural-GP MF,original_bundle,100,15,200,,,"{""fpca_var_ratio"":""0.999"",""gp_ard"":""1"",""methods"":""hf_only,ar1,ours"",""svgp_M"":""64"",""svgp_steps"":""2000"",""wl_high"":""750.0"",""wl_low"":""380.0""}"
original_tm_hf100_lfx15_seed_210,phase1_accuracy,TM,hf100_lfx15,HF-only+AR1/co-kriging+Neural-GP MF,original_bundle,100,15,210,,,"{""fpca_var_ratio"":""0.999"",""gp_ard"":""1"",""methods"":""hf_only,ar1,ours"",""svgp_M"":""64"",""svgp_steps"":""2000"",""wl_high"":""750.0"",""wl_low"":""380.0""}"
original_tm_hf100_lfx15_seed_220,phase1_accuracy,TM,hf100_lfx15,HF-only+AR1/co-kriging+Neural-GP MF,original_bundle,100,15,220,,,"{""fpca_var_ratio"":""0.999"",""gp_ard"":""1"",""methods"":""hf_only,ar1,ours"",""svgp_M"":""64"",""svgp_steps"":""2000"",""wl_high"":""750.0"",""wl_low"":""380.0""}"
original_tm_hf100_lfx15_seed_230,phase1_accuracy,TM,hf100_lfx15,HF-only+AR1/co-kriging+Neural-GP MF,original_bundle,100,15,230,,,"{""fpca_var_ratio"":""0.999"",""gp_ard"":""1"",""methods"":""hf_only,ar1,ours"",""svgp_M"":""64"",""svgp_steps"":""2000"",""wl_high"":""750.0"",""wl_low"":""380.0""}"
original_tm_hf100_lfx15_seed_240,phase1_accuracy,TM,hf100_lfx15,HF-only+AR1/co-kriging+Neural-GP MF,original_bundle,100,15,240,,,"{""fpca_var_ratio"":""0.999"",""gp_ard"":""1"",""methods"":""hf_only,ar1,ours"",""svgp_M"":""64"",""svgp_steps"":""2000"",""wl_high"":""750.0"",""wl_low"":""380.0""}"
original_tm_hf100_lfx15_seed_250,phase1_accuracy,TM,hf100_lfx15,HF-only+AR1/co-kriging+Neural-GP MF,original_bundle,100,15,250,,,"{""fpca_var_ratio"":""0.999"",""gp_ard"":""1"",""methods"":""hf_only,ar1,ours"",""svgp_M"":""64"",""svgp_steps"":""2000"",""wl_high"":""750.0"",""wl_low"":""380.0""}"
original_tm_hf100_lfx15_seed_260,phase1_accuracy,TM,hf100_lfx15,HF-only+AR1/co-kriging+Neural-GP MF,original_bundle,100,15,260,,,"{""fpca_var_ratio"":""0.999"",""gp_ard"":""1"",""methods"":""hf_only,ar1,ours"",""svgp_M"":""64"",""svgp_steps"":""2000"",""wl_high"":""750.0"",""wl_low"":""380.0""}"
original_tm_hf100_lfx15_seed_270,phase1_accuracy,TM,hf100_lfx15,HF-only+AR1/co-kriging+Neural-GP MF,original_bundle,100,15,270,,,"{""fpca_var_ratio"":""0.999"",""gp_ard"":""1"",""methods"":""hf_only,ar1,ours"",""svgp_M"":""64"",""svgp_steps"":""2000"",""wl_high"":""750.0"",""wl_low"":""380.0""}"
original_tm_hf100_lfx15_seed_280,phase1_accuracy,TM,hf100_lfx15,HF-only+AR1/co-kriging+Neural-GP MF,original_bundle,100,15,280,,,"{""fpca_var_ratio"":""0.999"",""gp_ard"":""1"",""methods"":""hf_only,ar1,ours"",""svgp_M"":""64"",""svgp_steps"":""2000"",""wl_high"":""750.0"",""wl_low"":""380.0""}"
original_tm_hf100_lfx15_seed_290,phase1_accuracy,TM,hf100_lfx15,HF-only+AR1/co-kriging+Neural-GP MF,original_bundle,100,15,290,,,"{""fpca_var_ratio"":""0.999"",""gp_ard"":""1"",""methods"":""hf_only,ar1,ours"",""svgp_M"":""64"",""svgp_steps"":""2000"",""wl_high"":""750.0"",""wl_low"":""380.0""}"
original_tm_hf100_lfx15_seed_300,phase1_accuracy,TM,hf100_lfx15,HF-only+AR1/co-kriging+Neural-GP MF,original_bundle,100,15,300,,,"{""fpca_var_ratio"":""0.999"",""gp_ard"":""1"",""methods"":""hf_only,ar1,ours"",""svgp_M"":""64"",""svgp_steps"":""2000"",""wl_high"":""750.0"",""wl_low"":""380.0""}"
original_tm_hf100_lfx15_seed_311,phase1_accuracy,TM,hf100_lfx15,HF-only+AR1/co-kriging+Neural-GP MF,original_bundle,100,15,311,,,"{""fpca_var_ratio"":""0.999"",""gp_ard"":""1"",""methods"":""hf_only,ar1,ours"",""svgp_M"":""64"",""svgp_steps"":""2000"",""wl_high"":""750.0"",""wl_low"":""380.0""}"
original_tm_hf100_lfx15_seed_322,phase1_accuracy,TM,hf100_lfx15,HF-only+AR1/co-kriging+Neural-GP MF,original_bundle,100,15,322,,,"{""fpca_var_ratio"":""0.999"",""gp_ard"":""1"",""methods"":""hf_only,ar1,ours"",""svgp_M"":""64"",""svgp_steps"":""2000"",""wl_high"":""750.0"",""wl_low"":""380.0""}"
original_tm_hf100_lfx15_seed_333,phase1_accuracy,TM,hf100_lfx15,HF-only+AR1/co-kriging+Neural-GP MF,original_bundle,100,15,333,,,"{""fpca_var_ratio"":""0.999"",""gp_ard"":""1"",""methods"":""hf_only,ar1,ours"",""svgp_M"":""64"",""svgp_steps"":""2000"",""wl_high"":""750.0"",""wl_low"":""380.0""}"
original_tm_hf100_lfx15_seed_344,phase1_accuracy,TM,hf100_lfx15,HF-only+AR1/co-kriging+Neural-GP MF,original_bundle,100,15,344,,,"{""fpca_var_ratio"":""0.999"",""gp_ard"":""1"",""methods"":""hf_only,ar1,ours"",""svgp_M"":""64"",""svgp_steps"":""2000"",""wl_high"":""750.0"",""wl_low"":""380.0""}"
original_tm_hf100_lfx15_seed_355,phase1_accuracy,TM,hf100_lfx15,HF-only+AR1/co-kriging+Neural-GP MF,original_bundle,100,15,355,,,"{""fpca_var_ratio"":""0.999"",""gp_ard"":""1"",""methods"":""hf_only,ar1,ours"",""svgp_M"":""64"",""svgp_steps"":""2000"",""wl_high"":""750.0"",""wl_low"":""380.0""}"
original_tm_hf100_lfx15_seed_366,phase1_accuracy,TM,hf100_lfx15,HF-only+AR1/co-kriging+Neural-GP MF,original_bundle,100,15,366,,,"{""fpca_var_ratio"":""0.999"",""gp_ard"":""1"",""methods"":""hf_only,ar1,ours"",""svgp_M"":""64"",""svgp_steps"":""2000"",""wl_high"":""750.0"",""wl_low"":""380.0""}"
original_tm_hf100_lfx15_seed_377,phase1_accuracy,TM,hf100_lfx15,HF-only+AR1/co-kriging+Neural-GP MF,original_bundle,100,15,377,,,"{""fpca_var_ratio"":""0.999"",""gp_ard"":""1"",""methods"":""hf_only,ar1,ours"",""svgp_M"":""64"",""svgp_steps"":""2000"",""wl_high"":""750.0"",""wl_low"":""380.0""}"
original_tm_hf100_lfx15_seed_388,phase1_accuracy,TM,hf100_lfx15,HF-only+AR1/co-kriging+Neural-GP MF,original_bundle,100,15,388,,,"{""fpca_var_ratio"":""0.999"",""gp_ard"":""1"",""methods"":""hf_only,ar1,ours"",""svgp_M"":""64"",""svgp_steps"":""2000"",""wl_high"":""750.0"",""wl_low"":""380.0""}"
original_tm_hf100_lfx15_seed_399,phase1_accuracy,TM,hf100_lfx15,HF-only+AR1/co-kriging+Neural-GP MF,original_bundle,100,15,399,,,"{""fpca_var_ratio"":""0.999"",""gp_ard"":""1"",""methods"":""hf_only,ar1,ours"",""svgp_M"":""64"",""svgp_steps"":""2000"",""wl_high"":""750.0"",""wl_low"":""380.0""}"
original_tm_hf200_lfx05_seed_200,phase1_accuracy,TM,hf200_lfx05,HF-only+AR1/co-kriging+Neural-GP MF,original_bundle,200,5,200,,,"{""fpca_var_ratio"":""0.999"",""gp_ard"":""1"",""methods"":""hf_only,ar1,ours"",""svgp_M"":""64"",""svgp_steps"":""2000"",""wl_high"":""750.0"",""wl_low"":""380.0""}"
original_tm_hf200_lfx05_seed_210,phase1_accuracy,TM,hf200_lfx05,HF-only+AR1/co-kriging+Neural-GP MF,original_bundle,200,5,210,,,"{""fpca_var_ratio"":""0.999"",""gp_ard"":""1"",""methods"":""hf_only,ar1,ours"",""svgp_M"":""64"",""svgp_steps"":""2000"",""wl_high"":""750.0"",""wl_low"":""380.0""}"
original_tm_hf200_lfx05_seed_220,phase1_accuracy,TM,hf200_lfx05,HF-only+AR1/co-kriging+Neural-GP MF,original_bundle,200,5,220,,,"{""fpca_var_ratio"":""0.999"",""gp_ard"":""1"",""methods"":""hf_only,ar1,ours"",""svgp_M"":""64"",""svgp_steps"":""2000"",""wl_high"":""750.0"",""wl_low"":""380.0""}"
original_tm_hf200_lfx05_seed_230,phase1_accuracy,TM,hf200_lfx05,HF-only+AR1/co-kriging+Neural-GP MF,original_bundle,200,5,230,,,"{""fpca_var_ratio"":""0.999"",""gp_ard"":""1"",""methods"":""hf_only,ar1,ours"",""svgp_M"":""64"",""svgp_steps"":""2000"",""wl_high"":""750.0"",""wl_low"":""380.0""}"
original_tm_hf200_lfx05_seed_240,phase1_accuracy,TM,hf200_lfx05,HF-only+AR1/co-kriging+Neural-GP MF,original_bundle,200,5,240,,,"{""fpca_var_ratio"":""0.999"",""gp_ard"":""1"",""methods"":""hf_only,ar1,ours"",""svgp_M"":""64"",""svgp_steps"":""2000"",""wl_high"":""750.0"",""wl_low"":""380.0""}"
original_tm_hf200_lfx05_seed_250,phase1_accuracy,TM,hf200_lfx05,HF-only+AR1/co-kriging+Neural-GP MF,original_bundle,200,5,250,,,"{""fpca_var_ratio"":""0.999"",""gp_ard"":""1"",""methods"":""hf_only,ar1,ours"",""svgp_M"":""64"",""svgp_steps"":""2000"",""wl_high"":""750.0"",""wl_low"":""380.0""}"
original_tm_hf200_lfx05_seed_260,phase1_accuracy,TM,hf200_lfx05,HF-only+AR1/co-kriging+Neural-GP MF,original_bundle,200,5,260,,,"{""fpca_var_ratio"":""0.999"",""gp_ard"":""1"",""methods"":""hf_only,ar1,ours"",""svgp_M"":""64"",""svgp_steps"":""2000"",""wl_high"":""750.0"",""wl_low"":""380.0""}"
original_tm_hf200_lfx05_seed_270,phase1_accuracy,TM,hf200_lfx05,HF-only+AR1/co-kriging+Neural-GP MF,original_bundle,200,5,270,,,"{""fpca_var_ratio"":""0.999"",""gp_ard"":""1"",""methods"":""hf_only,ar1,ours"",""svgp_M"":""64"",""svgp_steps"":""2000"",""wl_high"":""750.0"",""wl_low"":""380.0""}"
original_tm_hf200_lfx05_seed_280,phase1_accuracy,TM,hf200_lfx05,HF-only+AR1/co-kriging+Neural-GP MF,original_bundle,200,5,280,,,"{""fpca_var_ratio"":""0.999"",""gp_ard"":""1"",""methods"":""hf_only,ar1,ours"",""svgp_M"":""64"",""svgp_steps"":""2000"",""wl_high"":""750.0"",""wl_low"":""380.0""}"
original_tm_hf200_lfx05_seed_290,phase1_accuracy,TM,hf200_lfx05,HF-only+AR1/co-kriging+Neural-GP MF,original_bundle,200,5,290,,,"{""fpca_var_ratio"":""0.999"",""gp_ard"":""1"",""methods"":""hf_only,ar1,ours"",""svgp_M"":""64"",""svgp_steps"":""2000"",""wl_high"":""750.0"",""wl_low"":""380.0""}"
original_tm_hf200_lfx05_seed_300,phase1_accuracy,TM,hf200_lfx05,HF-only+AR1/co-kriging+Neural-GP MF,original_bundle,200,5,300,,,"{""fpca_var_ratio"":""0.999"",""gp_ard"":""1"",""methods"":""hf_only,ar1,ours"",""svgp_M"":""64"",""svgp_steps"":""2000"",""wl_high"":""750.0"",""wl_low"":""380.0""}"
original_tm_hf200_lfx05_seed_311,phase1_accuracy,TM,hf200_lfx05,HF-only+AR1/co-kriging+Neural-GP MF,original_bundle,200,5,311,,,"{""fpca_var_ratio"":""0.999"",""gp_ard"":""1"",""methods"":""hf_only,ar1,ours"",""svgp_M"":""64"",""svgp_steps"":""2000"",""wl_high"":""750.0"",""wl_low"":""380.0""}"
original_tm_hf200_lfx05_seed_322,phase1_accuracy,TM,hf200_lfx05,HF-only+AR1/co-kriging+Neural-GP MF,original_bundle,200,5,322,,,"{""fpca_var_ratio"":""0.999"",""gp_ard"":""1"",""methods"":""hf_only,ar1,ours"",""svgp_M"":""64"",""svgp_steps"":""2000"",""wl_high"":""750.0"",""wl_low"":""380.0""}"
original_tm_hf200_lfx05_seed_333,phase1_accuracy,TM,hf200_lfx05,HF-only+AR1/co-kriging+Neural-GP MF,original_bundle,200,5,333,,,"{""fpca_var_ratio"":""0.999"",""gp_ard"":""1"",""methods"":""hf_only,ar1,ours"",""svgp_M"":""64"",""svgp_steps"":""2000"",""wl_high"":""750.0"",""wl_low"":""380.0""}"
original_tm_hf200_lfx05_seed_344,phase1_accuracy,TM,hf200_lfx05,HF-only+AR1/co-kriging+Neural-GP MF,original_bundle,200,5,344,,,"{""fpca_var_ratio"":""0.999"",""gp_ard"":""1"",""methods"":""hf_only,ar1,ours"",""svgp_M"":""64"",""svgp_steps"":""2000"",""wl_high"":""750.0"",""wl_low"":""380.0""}"
original_tm_hf200_lfx05_seed_355,phase1_accuracy,TM,hf200_lfx05,HF-only+AR1/co-kriging+Neural-GP MF,original_bundle,200,5,355,,,"{""fpca_var_ratio"":""0.999"",""gp_ard"":""1"",""methods"":""hf_only,ar1,ours"",""svgp_M"":""64"",""svgp_steps"":""2000"",""wl_high"":""750.0"",""wl_low"":""380.0""}"
original_tm_hf200_lfx05_seed_366,phase1_accuracy,TM,hf200_lfx05,HF-only+AR1/co-kriging+Neural-GP MF,original_bundle,200,5,366,,,"{""fpca_var_ratio"":""0.999"",""gp_ard"":""1"",""methods"":""hf_only,ar1,ours"",""svgp_M"":""64"",""svgp_steps"":""2000"",""wl_high"":""750.0"",""wl_low"":""380.0""}"
original_tm_hf200_lfx05_seed_377,phase1_accuracy,TM,hf200_lfx05,HF-only+AR1/co-kriging+Neural-GP MF,original_bundle,200,5,377,,,"{""fpca_var_ratio"":""0.999"",""gp_ard"":""1"",""methods"":""hf_only,ar1,ours"",""svgp_M"":""64"",""svgp_steps"":""2000"",""wl_high"":""750.0"",""wl_low"":""380.0""}"
original_tm_hf200_lfx05_seed_388,phase1_accuracy,TM,hf200_lfx05,HF-only+AR1/co-kriging+Neural-GP MF,original_bundle,200,5,388,,,"{""fpca_var_ratio"":""0.999"",""gp_ard"":""1"",""methods"":""hf_only,ar1,ours"",""svgp_M"":""64"",""svgp_steps"":""2000"",""wl_high"":""750.0"",""wl_low"":""380.0""}"
original_tm_hf200_lfx05_seed_399,phase1_accuracy,TM,hf200_lfx05,HF-only+AR1/co-kriging+Neural-GP MF,original_bundle,200,5,399,,,"{""fpca_var_ratio"":""0.999"",""gp_ard"":""1"",""methods"":""hf_only,ar1,ours"",""svgp_M"":""64"",""svgp_steps"":""2000"",""wl_high"":""750.0"",""wl_low"":""380.0""}"
original_tm_hf200_lfx10_seed_200,phase1_accuracy,TM,hf200_lfx10,HF-only+AR1/co-kriging+Neural-GP MF,original_bundle,200,10,200,,,"{""fpca_var_ratio"":""0.999"",""gp_ard"":""1"",""methods"":""hf_only,ar1,ours"",""svgp_M"":""64"",""svgp_steps"":""2000"",""wl_high"":""750.0"",""wl_low"":""380.0""}"
original_tm_hf200_lfx10_seed_210,phase1_accuracy,TM,hf200_lfx10,HF-only+AR1/co-kriging+Neural-GP MF,original_bundle,200,10,210,,,"{""fpca_var_ratio"":""0.999"",""gp_ard"":""1"",""methods"":""hf_only,ar1,ours"",""svgp_M"":""64"",""svgp_steps"":""2000"",""wl_high"":""750.0"",""wl_low"":""380.0""}"
original_tm_hf200_lfx10_seed_220,phase1_accuracy,TM,hf200_lfx10,HF-only+AR1/co-kriging+Neural-GP MF,original_bundle,200,10,220,,,"{""fpca_var_ratio"":""0.999"",""gp_ard"":""1"",""methods"":""hf_only,ar1,ours"",""svgp_M"":""64"",""svgp_steps"":""2000"",""wl_high"":""750.0"",""wl_low"":""380.0""}"
original_tm_hf200_lfx10_seed_230,phase1_accuracy,TM,hf200_lfx10,HF-only+AR1/co-kriging+Neural-GP MF,original_bundle,200,10,230,,,"{""fpca_var_ratio"":""0.999"",""gp_ard"":""1"",""methods"":""hf_only,ar1,ours"",""svgp_M"":""64"",""svgp_steps"":""2000"",""wl_high"":""750.0"",""wl_low"":""380.0""}"
original_tm_hf200_lfx10_seed_240,phase1_accuracy,TM,hf200_lfx10,HF-only+AR1/co-kriging+Neural-GP MF,original_bundle,200,10,240,,,"{""fpca_var_ratio"":""0.999"",""gp_ard"":""1"",""methods"":""hf_only,ar1,ours"",""svgp_M"":""64"",""svgp_steps"":""2000"",""wl_high"":""750.0"",""wl_low"":""380.0""}"
original_tm_hf200_lfx10_seed_250,phase1_accuracy,TM,hf200_lfx10,HF-only+AR1/co-kriging+Neural-GP MF,original_bundle,200,10,250,,,"{""fpca_var_ratio"":""0.999"",""gp_ard"":""1"",""methods"":""hf_only,ar1,ours"",""svgp_M"":""64"",""svgp_steps"":""2000"",""wl_high"":""750.0"",""wl_low"":""380.0""}"
original_tm_hf200_lfx10_seed_260,phase1_accuracy,TM,hf200_lfx10,HF-only+AR1/co-kriging+Neural-GP MF,original_bundle,200,10,260,,,"{""fpca_var_ratio"":""0.999"",""gp_ard"":""1"",""methods"":""hf_only,ar1,ours"",""svgp_M"":""64"",""svgp_steps"":""2000"",""wl_high"":""750.0"",""wl_low"":""380.0""}"
original_tm_hf200_lfx10_seed_270,phase1_accuracy,TM,hf200_lfx10,HF-only+AR1/co-kriging+Neural-GP MF,original_bundle,200,10,270,,,"{""fpca_var_ratio"":""0.999"",""gp_ard"":""1"",""methods"":""hf_only,ar1,ours"",""svgp_M"":""64"",""svgp_steps"":""2000"",""wl_high"":""750.0"",""wl_low"":""380.0""}"
original_tm_hf200_lfx10_seed_280,phase1_accuracy,TM,hf200_lfx10,HF-only+AR1/co-kriging+Neural-GP MF,original_bundle,200,10,280,,,"{""fpca_var_ratio"":""0.999"",""gp_ard"":""1"",""methods"":""hf_only,ar1,ours"",""svgp_M"":""64"",""svgp_steps"":""2000"",""wl_high"":""750.0"",""wl_low"":""380.0""}"
original_tm_hf200_lfx10_seed_290,phase1_accuracy,TM,hf200_lfx10,HF-only+AR1/co-kriging+Neural-GP MF,original_bundle,200,10,290,,,"{""fpca_var_ratio"":""0.999"",""gp_ard"":""1"",""methods"":""hf_only,ar1,ours"",""svgp_M"":""64"",""svgp_steps"":""2000"",""wl_high"":""750.0"",""wl_low"":""380.0""}"
original_tm_hf200_lfx10_seed_300,phase1_accuracy,TM,hf200_lfx10,HF-only+AR1/co-kriging+Neural-GP MF,original_bundle,200,10,300,,,"{""fpca_var_ratio"":""0.999"",""gp_ard"":""1"",""methods"":""hf_only,ar1,ours"",""svgp_M"":""64"",""svgp_steps"":""2000"",""wl_high"":""750.0"",""wl_low"":""380.0""}"
original_tm_hf200_lfx10_seed_311,phase1_accuracy,TM,hf200_lfx10,HF-only+AR1/co-kriging+Neural-GP MF,original_bundle,200,10,311,,,"{""fpca_var_ratio"":""0.999"",""gp_ard"":""1"",""methods"":""hf_only,ar1,ours"",""svgp_M"":""64"",""svgp_steps"":""2000"",""wl_high"":""750.0"",""wl_low"":""380.0""}"
original_tm_hf200_lfx10_seed_322,phase1_accuracy,TM,hf200_lfx10,HF-only+AR1/co-kriging+Neural-GP MF,original_bundle,200,10,322,,,"{""fpca_var_ratio"":""0.999"",""gp_ard"":""1"",""methods"":""hf_only,ar1,ours"",""svgp_M"":""64"",""svgp_steps"":""2000"",""wl_high"":""750.0"",""wl_low"":""380.0""}"
original_tm_hf200_lfx10_seed_333,phase1_accuracy,TM,hf200_lfx10,HF-only+AR1/co-kriging+Neural-GP MF,original_bundle,200,10,333,,,"{""fpca_var_ratio"":""0.999"",""gp_ard"":""1"",""methods"":""hf_only,ar1,ours"",""svgp_M"":""64"",""svgp_steps"":""2000"",""wl_high"":""750.0"",""wl_low"":""380.0""}"
original_tm_hf200_lfx10_seed_344,phase1_accuracy,TM,hf200_lfx10,HF-only+AR1/co-kriging+Neural-GP MF,original_bundle,200,10,344,,,"{""fpca_var_ratio"":""0.999"",""gp_ard"":""1"",""methods"":""hf_only,ar1,ours"",""svgp_M"":""64"",""svgp_steps"":""2000"",""wl_high"":""750.0"",""wl_low"":""380.0""}"
original_tm_hf200_lfx10_seed_355,phase1_accuracy,TM,hf200_lfx10,HF-only+AR1/co-kriging+Neural-GP MF,original_bundle,200,10,355,,,"{""fpca_var_ratio"":""0.999"",""gp_ard"":""1"",""methods"":""hf_only,ar1,ours"",""svgp_M"":""64"",""svgp_steps"":""2000"",""wl_high"":""750.0"",""wl_low"":""380.0""}"
original_tm_hf200_lfx10_seed_366,phase1_accuracy,TM,hf200_lfx10,HF-only+AR1/co-kriging+Neural-GP MF,original_bundle,200,10,366,,,"{""fpca_var_ratio"":""0.999"",""gp_ard"":""1"",""methods"":""hf_only,ar1,ours"",""svgp_M"":""64"",""svgp_steps"":""2000"",""wl_high"":""750.0"",""wl_low"":""380.0""}"
original_tm_hf200_lfx10_seed_377,phase1_accuracy,TM,hf200_lfx10,HF-only+AR1/co-kriging+Neural-GP MF,original_bundle,200,10,377,,,"{""fpca_var_ratio"":""0.999"",""gp_ard"":""1"",""methods"":""hf_only,ar1,ours"",""svgp_M"":""64"",""svgp_steps"":""2000"",""wl_high"":""750.0"",""wl_low"":""380.0""}"
original_tm_hf200_lfx10_seed_388,phase1_accuracy,TM,hf200_lfx10,HF-only+AR1/co-kriging+Neural-GP MF,original_bundle,200,10,388,,,"{""fpca_var_ratio"":""0.999"",""gp_ard"":""1"",""methods"":""hf_only,ar1,ours"",""svgp_M"":""64"",""svgp_steps"":""2000"",""wl_high"":""750.0"",""wl_low"":""380.0""}"
original_tm_hf200_lfx10_seed_399,phase1_accuracy,TM,hf200_lfx10,HF-only+AR1/co-kriging+Neural-GP MF,original_bundle,200,10,399,,,"{""fpca_var_ratio"":""0.999"",""gp_ard"":""1"",""methods"":""hf_only,ar1,ours"",""svgp_M"":""64"",""svgp_steps"":""2000"",""wl_high"":""750.0"",""wl_low"":""380.0""}"
original_tm_hf200_lfx15_seed_200,phase1_accuracy,TM,hf200_lfx15,HF-only+AR1/co-kriging+Neural-GP MF,original_bundle,200,15,200,,,"{""fpca_var_ratio"":""0.999"",""gp_ard"":""1"",""methods"":""hf_only,ar1,ours"",""svgp_M"":""64"",""svgp_steps"":""2000"",""wl_high"":""750.0"",""wl_low"":""380.0""}"
original_tm_hf200_lfx15_seed_210,phase1_accuracy,TM,hf200_lfx15,HF-only+AR1/co-kriging+Neural-GP MF,original_bundle,200,15,210,,,"{""fpca_var_ratio"":""0.999"",""gp_ard"":""1"",""methods"":""hf_only,ar1,ours"",""svgp_M"":""64"",""svgp_steps"":""2000"",""wl_high"":""750.0"",""wl_low"":""380.0""}"
original_tm_hf200_lfx15_seed_220,phase1_accuracy,TM,hf200_lfx15,HF-only+AR1/co-kriging+Neural-GP MF,original_bundle,200,15,220,,,"{""fpca_var_ratio"":""0.999"",""gp_ard"":""1"",""methods"":""hf_only,ar1,ours"",""svgp_M"":""64"",""svgp_steps"":""2000"",""wl_high"":""750.0"",""wl_low"":""380.0""}"
original_tm_hf200_lfx15_seed_230,phase1_accuracy,TM,hf200_lfx15,HF-only+AR1/co-kriging+Neural-GP MF,original_bundle,200,15,230,,,"{""fpca_var_ratio"":""0.999"",""gp_ard"":""1"",""methods"":""hf_only,ar1,ours"",""svgp_M"":""64"",""svgp_steps"":""2000"",""wl_high"":""750.0"",""wl_low"":""380.0""}"
original_tm_hf200_lfx15_seed_240,phase1_accuracy,TM,hf200_lfx15,HF-only+AR1/co-kriging+Neural-GP MF,original_bundle,200,15,240,,,"{""fpca_var_ratio"":""0.999"",""gp_ard"":""1"",""methods"":""hf_only,ar1,ours"",""svgp_M"":""64"",""svgp_steps"":""2000"",""wl_high"":""750.0"",""wl_low"":""380.0""}"
original_tm_hf200_lfx15_seed_250,phase1_accuracy,TM,hf200_lfx15,HF-only+AR1/co-kriging+Neural-GP MF,original_bundle,200,15,250,,,"{""fpca_var_ratio"":""0.999"",""gp_ard"":""1"",""methods"":""hf_only,ar1,ours"",""svgp_M"":""64"",""svgp_steps"":""2000"",""wl_high"":""750.0"",""wl_low"":""380.0""}"
original_tm_hf200_lfx15_seed_260,phase1_accuracy,TM,hf200_lfx15,HF-only+AR1/co-kriging+Neural-GP MF,original_bundle,200,15,260,,,"{""fpca_var_ratio"":""0.999"",""gp_ard"":""1"",""methods"":""hf_only,ar1,ours"",""svgp_M"":""64"",""svgp_steps"":""2000"",""wl_high"":""750.0"",""wl_low"":""380.0""}"
original_tm_hf200_lfx15_seed_270,phase1_accuracy,TM,hf200_lfx15,HF-only+AR1/co-kriging+Neural-GP MF,original_bundle,200,15,270,,,"{""fpca_var_ratio"":""0.999"",""gp_ard"":""1"",""methods"":""hf_only,ar1,ours"",""svgp_M"":""64"",""svgp_steps"":""2000"",""wl_high"":""750.0"",""wl_low"":""380.0""}"
original_tm_hf200_lfx15_seed_280,phase1_accuracy,TM,hf200_lfx15,HF-only+AR1/co-kriging+Neural-GP MF,original_bundle,200,15,280,,,"{""fpca_var_ratio"":""0.999"",""gp_ard"":""1"",""methods"":""hf_only,ar1,ours"",""svgp_M"":""64"",""svgp_steps"":""2000"",""wl_high"":""750.0"",""wl_low"":""380.0""}"
original_tm_hf200_lfx15_seed_290,phase1_accuracy,TM,hf200_lfx15,HF-only+AR1/co-kriging+Neural-GP MF,original_bundle,200,15,290,,,"{""fpca_var_ratio"":""0.999"",""gp_ard"":""1"",""methods"":""hf_only,ar1,ours"",""svgp_M"":""64"",""svgp_steps"":""2000"",""wl_high"":""750.0"",""wl_low"":""380.0""}"
original_tm_hf200_lfx15_seed_300,phase1_accuracy,TM,hf200_lfx15,HF-only+AR1/co-kriging+Neural-GP MF,original_bundle,200,15,300,,,"{""fpca_var_ratio"":""0.999"",""gp_ard"":""1"",""methods"":""hf_only,ar1,ours"",""svgp_M"":""64"",""svgp_steps"":""2000"",""wl_high"":""750.0"",""wl_low"":""380.0""}"
original_tm_hf200_lfx15_seed_311,phase1_accuracy,TM,hf200_lfx15,HF-only+AR1/co-kriging+Neural-GP MF,original_bundle,200,15,311,,,"{""fpca_var_ratio"":""0.999"",""gp_ard"":""1"",""methods"":""hf_only,ar1,ours"",""svgp_M"":""64"",""svgp_steps"":""2000"",""wl_high"":""750.0"",""wl_low"":""380.0""}"
original_tm_hf200_lfx15_seed_322,phase1_accuracy,TM,hf200_lfx15,HF-only+AR1/co-kriging+Neural-GP MF,original_bundle,200,15,322,,,"{""fpca_var_ratio"":""0.999"",""gp_ard"":""1"",""methods"":""hf_only,ar1,ours"",""svgp_M"":""64"",""svgp_steps"":""2000"",""wl_high"":""750.0"",""wl_low"":""380.0""}"
original_tm_hf200_lfx15_seed_333,phase1_accuracy,TM,hf200_lfx15,HF-only+AR1/co-kriging+Neural-GP MF,original_bundle,200,15,333,,,"{""fpca_var_ratio"":""0.999"",""gp_ard"":""1"",""methods"":""hf_only,ar1,ours"",""svgp_M"":""64"",""svgp_steps"":""2000"",""wl_high"":""750.0"",""wl_low"":""380.0""}"
original_tm_hf200_lfx15_seed_344,phase1_accuracy,TM,hf200_lfx15,HF-only+AR1/co-kriging+Neural-GP MF,original_bundle,200,15,344,,,"{""fpca_var_ratio"":""0.999"",""gp_ard"":""1"",""methods"":""hf_only,ar1,ours"",""svgp_M"":""64"",""svgp_steps"":""2000"",""wl_high"":""750.0"",""wl_low"":""380.0""}"
original_tm_hf200_lfx15_seed_355,phase1_accuracy,TM,hf200_lfx15,HF-only+AR1/co-kriging+Neural-GP MF,original_bundle,200,15,355,,,"{""fpca_var_ratio"":""0.999"",""gp_ard"":""1"",""methods"":""hf_only,ar1,ours"",""svgp_M"":""64"",""svgp_steps"":""2000"",""wl_high"":""750.0"",""wl_low"":""380.0""}"
original_tm_hf200_lfx15_seed_366,phase1_accuracy,TM,hf200_lfx15,HF-only+AR1/co-kriging+Neural-GP MF,original_bundle,200,15,366,,,"{""fpca_var_ratio"":""0.999"",""gp_ard"":""1"",""methods"":""hf_only,ar1,ours"",""svgp_M"":""64"",""svgp_steps"":""2000"",""wl_high"":""750.0"",""wl_low"":""380.0""}"
original_tm_hf200_lfx15_seed_377,phase1_accuracy,TM,hf200_lfx15,HF-only+AR1/co-kriging+Neural-GP MF,original_bundle,200,15,377,,,"{""fpca_var_ratio"":""0.999"",""gp_ard"":""1"",""methods"":""hf_only,ar1,ours"",""svgp_M"":""64"",""svgp_steps"":""2000"",""wl_high"":""750.0"",""wl_low"":""380.0""}"
original_tm_hf200_lfx15_seed_388,phase1_accuracy,TM,hf200_lfx15,HF-only+AR1/co-kriging+Neural-GP MF,original_bundle,200,15,388,,,"{""fpca_var_ratio"":""0.999"",""gp_ard"":""1"",""methods"":""hf_only,ar1,ours"",""svgp_M"":""64"",""svgp_steps"":""2000"",""wl_high"":""750.0"",""wl_low"":""380.0""}"
original_tm_hf200_lfx15_seed_399,phase1_accuracy,TM,hf200_lfx15,HF-only+AR1/co-kriging+Neural-GP MF,original_bundle,200,15,399,,,"{""fpca_var_ratio"":""0.999"",""gp_ard"":""1"",""methods"":""hf_only,ar1,ours"",""svgp_M"":""64"",""svgp_steps"":""2000"",""wl_high"":""750.0"",""wl_low"":""380.0""}"
original_tm_hf300_lfx05_seed_200,phase1_accuracy,TM,hf300_lfx05,HF-only+AR1/co-kriging+Neural-GP MF,original_bundle,300,5,200,,,"{""fpca_var_ratio"":""0.999"",""gp_ard"":""1"",""methods"":""hf_only,ar1,ours"",""svgp_M"":""64"",""svgp_steps"":""2000"",""wl_high"":""750.0"",""wl_low"":""380.0""}"
original_tm_hf300_lfx05_seed_210,phase1_accuracy,TM,hf300_lfx05,HF-only+AR1/co-kriging+Neural-GP MF,original_bundle,300,5,210,,,"{""fpca_var_ratio"":""0.999"",""gp_ard"":""1"",""methods"":""hf_only,ar1,ours"",""svgp_M"":""64"",""svgp_steps"":""2000"",""wl_high"":""750.0"",""wl_low"":""380.0""}"
original_tm_hf300_lfx05_seed_220,phase1_accuracy,TM,hf300_lfx05,HF-only+AR1/co-kriging+Neural-GP MF,original_bundle,300,5,220,,,"{""fpca_var_ratio"":""0.999"",""gp_ard"":""1"",""methods"":""hf_only,ar1,ours"",""svgp_M"":""64"",""svgp_steps"":""2000"",""wl_high"":""750.0"",""wl_low"":""380.0""}"
original_tm_hf300_lfx05_seed_230,phase1_accuracy,TM,hf300_lfx05,HF-only+AR1/co-kriging+Neural-GP MF,original_bundle,300,5,230,,,"{""fpca_var_ratio"":""0.999"",""gp_ard"":""1"",""methods"":""hf_only,ar1,ours"",""svgp_M"":""64"",""svgp_steps"":""2000"",""wl_high"":""750.0"",""wl_low"":""380.0""}"
original_tm_hf300_lfx05_seed_240,phase1_accuracy,TM,hf300_lfx05,HF-only+AR1/co-kriging+Neural-GP MF,original_bundle,300,5,240,,,"{""fpca_var_ratio"":""0.999"",""gp_ard"":""1"",""methods"":""hf_only,ar1,ours"",""svgp_M"":""64"",""svgp_steps"":""2000"",""wl_high"":""750.0"",""wl_low"":""380.0""}"
original_tm_hf300_lfx05_seed_250,phase1_accuracy,TM,hf300_lfx05,HF-only+AR1/co-kriging+Neural-GP MF,original_bundle,300,5,250,,,"{""fpca_var_ratio"":""0.999"",""gp_ard"":""1"",""methods"":""hf_only,ar1,ours"",""svgp_M"":""64"",""svgp_steps"":""2000"",""wl_high"":""750.0"",""wl_low"":""380.0""}"
original_tm_hf300_lfx05_seed_260,phase1_accuracy,TM,hf300_lfx05,HF-only+AR1/co-kriging+Neural-GP MF,original_bundle,300,5,260,,,"{""fpca_var_ratio"":""0.999"",""gp_ard"":""1"",""methods"":""hf_only,ar1,ours"",""svgp_M"":""64"",""svgp_steps"":""2000"",""wl_high"":""750.0"",""wl_low"":""380.0""}"
original_tm_hf300_lfx05_seed_270,phase1_accuracy,TM,hf300_lfx05,HF-only+AR1/co-kriging+Neural-GP MF,original_bundle,300,5,270,,,"{""fpca_var_ratio"":""0.999"",""gp_ard"":""1"",""methods"":""hf_only,ar1,ours"",""svgp_M"":""64"",""svgp_steps"":""2000"",""wl_high"":""750.0"",""wl_low"":""380.0""}"
original_tm_hf300_lfx05_seed_280,phase1_accuracy,TM,hf300_lfx05,HF-only+AR1/co-kriging+Neural-GP MF,original_bundle,300,5,280,,,"{""fpca_var_ratio"":""0.999"",""gp_ard"":""1"",""methods"":""hf_only,ar1,ours"",""svgp_M"":""64"",""svgp_steps"":""2000"",""wl_high"":""750.0"",""wl_low"":""380.0""}"
original_tm_hf300_lfx05_seed_290,phase1_accuracy,TM,hf300_lfx05,HF-only+AR1/co-kriging+Neural-GP MF,original_bundle,300,5,290,,,"{""fpca_var_ratio"":""0.999"",""gp_ard"":""1"",""methods"":""hf_only,ar1,ours"",""svgp_M"":""64"",""svgp_steps"":""2000"",""wl_high"":""750.0"",""wl_low"":""380.0""}"
original_tm_hf300_lfx05_seed_300,phase1_accuracy,TM,hf300_lfx05,HF-only+AR1/co-kriging+Neural-GP MF,original_bundle,300,5,300,,,"{""fpca_var_ratio"":""0.999"",""gp_ard"":""1"",""methods"":""hf_only,ar1,ours"",""svgp_M"":""64"",""svgp_steps"":""2000"",""wl_high"":""750.0"",""wl_low"":""380.0""}"
original_tm_hf300_lfx05_seed_311,phase1_accuracy,TM,hf300_lfx05,HF-only+AR1/co-kriging+Neural-GP MF,original_bundle,300,5,311,,,"{""fpca_var_ratio"":""0.999"",""gp_ard"":""1"",""methods"":""hf_only,ar1,ours"",""svgp_M"":""64"",""svgp_steps"":""2000"",""wl_high"":""750.0"",""wl_low"":""380.0""}"
original_tm_hf300_lfx05_seed_322,phase1_accuracy,TM,hf300_lfx05,HF-only+AR1/co-kriging+Neural-GP MF,original_bundle,300,5,322,,,"{""fpca_var_ratio"":""0.999"",""gp_ard"":""1"",""methods"":""hf_only,ar1,ours"",""svgp_M"":""64"",""svgp_steps"":""2000"",""wl_high"":""750.0"",""wl_low"":""380.0""}"
original_tm_hf300_lfx05_seed_333,phase1_accuracy,TM,hf300_lfx05,HF-only+AR1/co-kriging+Neural-GP MF,original_bundle,300,5,333,,,"{""fpca_var_ratio"":""0.999"",""gp_ard"":""1"",""methods"":""hf_only,ar1,ours"",""svgp_M"":""64"",""svgp_steps"":""2000"",""wl_high"":""750.0"",""wl_low"":""380.0""}"
original_tm_hf300_lfx05_seed_344,phase1_accuracy,TM,hf300_lfx05,HF-only+AR1/co-kriging+Neural-GP MF,original_bundle,300,5,344,,,"{""fpca_var_ratio"":""0.999"",""gp_ard"":""1"",""methods"":""hf_only,ar1,ours"",""svgp_M"":""64"",""svgp_steps"":""2000"",""wl_high"":""750.0"",""wl_low"":""380.0""}"
original_tm_hf300_lfx05_seed_355,phase1_accuracy,TM,hf300_lfx05,HF-only+AR1/co-kriging+Neural-GP MF,original_bundle,300,5,355,,,"{""fpca_var_ratio"":""0.999"",""gp_ard"":""1"",""methods"":""hf_only,ar1,ours"",""svgp_M"":""64"",""svgp_steps"":""2000"",""wl_high"":""750.0"",""wl_low"":""380.0""}"
original_tm_hf300_lfx05_seed_366,phase1_accuracy,TM,hf300_lfx05,HF-only+AR1/co-kriging+Neural-GP MF,original_bundle,300,5,366,,,"{""fpca_var_ratio"":""0.999"",""gp_ard"":""1"",""methods"":""hf_only,ar1,ours"",""svgp_M"":""64"",""svgp_steps"":""2000"",""wl_high"":""750.0"",""wl_low"":""380.0""}"
original_tm_hf300_lfx05_seed_377,phase1_accuracy,TM,hf300_lfx05,HF-only+AR1/co-kriging+Neural-GP MF,original_bundle,300,5,377,,,"{""fpca_var_ratio"":""0.999"",""gp_ard"":""1"",""methods"":""hf_only,ar1,ours"",""svgp_M"":""64"",""svgp_steps"":""2000"",""wl_high"":""750.0"",""wl_low"":""380.0""}"
original_tm_hf300_lfx05_seed_388,phase1_accuracy,TM,hf300_lfx05,HF-only+AR1/co-kriging+Neural-GP MF,original_bundle,300,5,388,,,"{""fpca_var_ratio"":""0.999"",""gp_ard"":""1"",""methods"":""hf_only,ar1,ours"",""svgp_M"":""64"",""svgp_steps"":""2000"",""wl_high"":""750.0"",""wl_low"":""380.0""}"
original_tm_hf300_lfx05_seed_399,phase1_accuracy,TM,hf300_lfx05,HF-only+AR1/co-kriging+Neural-GP MF,original_bundle,300,5,399,,,"{""fpca_var_ratio"":""0.999"",""gp_ard"":""1"",""methods"":""hf_only,ar1,ours"",""svgp_M"":""64"",""svgp_steps"":""2000"",""wl_high"":""750.0"",""wl_low"":""380.0""}"
original_tm_hf300_lfx10_seed_200,phase1_accuracy,TM,hf300_lfx10,HF-only+AR1/co-kriging+Neural-GP MF,original_bundle,300,10,200,,,"{""fpca_var_ratio"":""0.999"",""gp_ard"":""1"",""methods"":""hf_only,ar1,ours"",""svgp_M"":""64"",""svgp_steps"":""2000"",""wl_high"":""750.0"",""wl_low"":""380.0""}"
original_tm_hf300_lfx10_seed_210,phase1_accuracy,TM,hf300_lfx10,HF-only+AR1/co-kriging+Neural-GP MF,original_bundle,300,10,210,,,"{""fpca_var_ratio"":""0.999"",""gp_ard"":""1"",""methods"":""hf_only,ar1,ours"",""svgp_M"":""64"",""svgp_steps"":""2000"",""wl_high"":""750.0"",""wl_low"":""380.0""}"
original_tm_hf300_lfx10_seed_220,phase1_accuracy,TM,hf300_lfx10,HF-only+AR1/co-kriging+Neural-GP MF,original_bundle,300,10,220,,,"{""fpca_var_ratio"":""0.999"",""gp_ard"":""1"",""methods"":""hf_only,ar1,ours"",""svgp_M"":""64"",""svgp_steps"":""2000"",""wl_high"":""750.0"",""wl_low"":""380.0""}"
original_tm_hf300_lfx10_seed_230,phase1_accuracy,TM,hf300_lfx10,HF-only+AR1/co-kriging+Neural-GP MF,original_bundle,300,10,230,,,"{""fpca_var_ratio"":""0.999"",""gp_ard"":""1"",""methods"":""hf_only,ar1,ours"",""svgp_M"":""64"",""svgp_steps"":""2000"",""wl_high"":""750.0"",""wl_low"":""380.0""}"
original_tm_hf300_lfx10_seed_240,phase1_accuracy,TM,hf300_lfx10,HF-only+AR1/co-kriging+Neural-GP MF,original_bundle,300,10,240,,,"{""fpca_var_ratio"":""0.999"",""gp_ard"":""1"",""methods"":""hf_only,ar1,ours"",""svgp_M"":""64"",""svgp_steps"":""2000"",""wl_high"":""750.0"",""wl_low"":""380.0""}"
original_tm_hf300_lfx10_seed_250,phase1_accuracy,TM,hf300_lfx10,HF-only+AR1/co-kriging+Neural-GP MF,original_bundle,300,10,250,,,"{""fpca_var_ratio"":""0.999"",""gp_ard"":""1"",""methods"":""hf_only,ar1,ours"",""svgp_M"":""64"",""svgp_steps"":""2000"",""wl_high"":""750.0"",""wl_low"":""380.0""}"
original_tm_hf300_lfx10_seed_260,phase1_accuracy,TM,hf300_lfx10,HF-only+AR1/co-kriging+Neural-GP MF,original_bundle,300,10,260,,,"{""fpca_var_ratio"":""0.999"",""gp_ard"":""1"",""methods"":""hf_only,ar1,ours"",""svgp_M"":""64"",""svgp_steps"":""2000"",""wl_high"":""750.0"",""wl_low"":""380.0""}"
original_tm_hf300_lfx10_seed_270,phase1_accuracy,TM,hf300_lfx10,HF-only+AR1/co-kriging+Neural-GP MF,original_bundle,300,10,270,,,"{""fpca_var_ratio"":""0.999"",""gp_ard"":""1"",""methods"":""hf_only,ar1,ours"",""svgp_M"":""64"",""svgp_steps"":""2000"",""wl_high"":""750.0"",""wl_low"":""380.0""}"
original_tm_hf300_lfx10_seed_280,phase1_accuracy,TM,hf300_lfx10,HF-only+AR1/co-kriging+Neural-GP MF,original_bundle,300,10,280,,,"{""fpca_var_ratio"":""0.999"",""gp_ard"":""1"",""methods"":""hf_only,ar1,ours"",""svgp_M"":""64"",""svgp_steps"":""2000"",""wl_high"":""750.0"",""wl_low"":""380.0""}"
original_tm_hf300_lfx10_seed_290,phase1_accuracy,TM,hf300_lfx10,HF-only+AR1/co-kriging+Neural-GP MF,original_bundle,300,10,290,,,"{""fpca_var_ratio"":""0.999"",""gp_ard"":""1"",""methods"":""hf_only,ar1,ours"",""svgp_M"":""64"",""svgp_steps"":""2000"",""wl_high"":""750.0"",""wl_low"":""380.0""}"
original_tm_hf300_lfx10_seed_300,phase1_accuracy,TM,hf300_lfx10,HF-only+AR1/co-kriging+Neural-GP MF,original_bundle,300,10,300,,,"{""fpca_var_ratio"":""0.999"",""gp_ard"":""1"",""methods"":""hf_only,ar1,ours"",""svgp_M"":""64"",""svgp_steps"":""2000"",""wl_high"":""750.0"",""wl_low"":""380.0""}"
original_tm_hf300_lfx10_seed_311,phase1_accuracy,TM,hf300_lfx10,HF-only+AR1/co-kriging+Neural-GP MF,original_bundle,300,10,311,,,"{""fpca_var_ratio"":""0.999"",""gp_ard"":""1"",""methods"":""hf_only,ar1,ours"",""svgp_M"":""64"",""svgp_steps"":""2000"",""wl_high"":""750.0"",""wl_low"":""380.0""}"
original_tm_hf300_lfx10_seed_322,phase1_accuracy,TM,hf300_lfx10,HF-only+AR1/co-kriging+Neural-GP MF,original_bundle,300,10,322,,,"{""fpca_var_ratio"":""0.999"",""gp_ard"":""1"",""methods"":""hf_only,ar1,ours"",""svgp_M"":""64"",""svgp_steps"":""2000"",""wl_high"":""750.0"",""wl_low"":""380.0""}"
original_tm_hf300_lfx10_seed_333,phase1_accuracy,TM,hf300_lfx10,HF-only+AR1/co-kriging+Neural-GP MF,original_bundle,300,10,333,,,"{""fpca_var_ratio"":""0.999"",""gp_ard"":""1"",""methods"":""hf_only,ar1,ours"",""svgp_M"":""64"",""svgp_steps"":""2000"",""wl_high"":""750.0"",""wl_low"":""380.0""}"
original_tm_hf300_lfx10_seed_344,phase1_accuracy,TM,hf300_lfx10,HF-only+AR1/co-kriging+Neural-GP MF,original_bundle,300,10,344,,,"{""fpca_var_ratio"":""0.999"",""gp_ard"":""1"",""methods"":""hf_only,ar1,ours"",""svgp_M"":""64"",""svgp_steps"":""2000"",""wl_high"":""750.0"",""wl_low"":""380.0""}"
original_tm_hf300_lfx10_seed_355,phase1_accuracy,TM,hf300_lfx10,HF-only+AR1/co-kriging+Neural-GP MF,original_bundle,300,10,355,,,"{""fpca_var_ratio"":""0.999"",""gp_ard"":""1"",""methods"":""hf_only,ar1,ours"",""svgp_M"":""64"",""svgp_steps"":""2000"",""wl_high"":""750.0"",""wl_low"":""380.0""}"
original_tm_hf300_lfx10_seed_366,phase1_accuracy,TM,hf300_lfx10,HF-only+AR1/co-kriging+Neural-GP MF,original_bundle,300,10,366,,,"{""fpca_var_ratio"":""0.999"",""gp_ard"":""1"",""methods"":""hf_only,ar1,ours"",""svgp_M"":""64"",""svgp_steps"":""2000"",""wl_high"":""750.0"",""wl_low"":""380.0""}"
original_tm_hf300_lfx10_seed_377,phase1_accuracy,TM,hf300_lfx10,HF-only+AR1/co-kriging+Neural-GP MF,original_bundle,300,10,377,,,"{""fpca_var_ratio"":""0.999"",""gp_ard"":""1"",""methods"":""hf_only,ar1,ours"",""svgp_M"":""64"",""svgp_steps"":""2000"",""wl_high"":""750.0"",""wl_low"":""380.0""}"
original_tm_hf300_lfx10_seed_388,phase1_accuracy,TM,hf300_lfx10,HF-only+AR1/co-kriging+Neural-GP MF,original_bundle,300,10,388,,,"{""fpca_var_ratio"":""0.999"",""gp_ard"":""1"",""methods"":""hf_only,ar1,ours"",""svgp_M"":""64"",""svgp_steps"":""2000"",""wl_high"":""750.0"",""wl_low"":""380.0""}"
original_tm_hf300_lfx10_seed_399,phase1_accuracy,TM,hf300_lfx10,HF-only+AR1/co-kriging+Neural-GP MF,original_bundle,300,10,399,,,"{""fpca_var_ratio"":""0.999"",""gp_ard"":""1"",""methods"":""hf_only,ar1,ours"",""svgp_M"":""64"",""svgp_steps"":""2000"",""wl_high"":""750.0"",""wl_low"":""380.0""}"
original_tm_hf300_lfx15_seed_200,phase1_accuracy,TM,hf300_lfx15,HF-only+AR1/co-kriging+Neural-GP MF,original_bundle,300,15,200,,,"{""fpca_var_ratio"":""0.999"",""gp_ard"":""1"",""methods"":""hf_only,ar1,ours"",""svgp_M"":""64"",""svgp_steps"":""2000"",""wl_high"":""750.0"",""wl_low"":""380.0""}"
original_tm_hf300_lfx15_seed_210,phase1_accuracy,TM,hf300_lfx15,HF-only+AR1/co-kriging+Neural-GP MF,original_bundle,300,15,210,,,"{""fpca_var_ratio"":""0.999"",""gp_ard"":""1"",""methods"":""hf_only,ar1,ours"",""svgp_M"":""64"",""svgp_steps"":""2000"",""wl_high"":""750.0"",""wl_low"":""380.0""}"
original_tm_hf300_lfx15_seed_220,phase1_accuracy,TM,hf300_lfx15,HF-only+AR1/co-kriging+Neural-GP MF,original_bundle,300,15,220,,,"{""fpca_var_ratio"":""0.999"",""gp_ard"":""1"",""methods"":""hf_only,ar1,ours"",""svgp_M"":""64"",""svgp_steps"":""2000"",""wl_high"":""750.0"",""wl_low"":""380.0""}"
original_tm_hf300_lfx15_seed_230,phase1_accuracy,TM,hf300_lfx15,HF-only+AR1/co-kriging+Neural-GP MF,original_bundle,300,15,230,,,"{""fpca_var_ratio"":""0.999"",""gp_ard"":""1"",""methods"":""hf_only,ar1,ours"",""svgp_M"":""64"",""svgp_steps"":""2000"",""wl_high"":""750.0"",""wl_low"":""380.0""}"
original_tm_hf300_lfx15_seed_240,phase1_accuracy,TM,hf300_lfx15,HF-only+AR1/co-kriging+Neural-GP MF,original_bundle,300,15,240,,,"{""fpca_var_ratio"":""0.999"",""gp_ard"":""1"",""methods"":""hf_only,ar1,ours"",""svgp_M"":""64"",""svgp_steps"":""2000"",""wl_high"":""750.0"",""wl_low"":""380.0""}"
original_tm_hf300_lfx15_seed_250,phase1_accuracy,TM,hf300_lfx15,HF-only+AR1/co-kriging+Neural-GP MF,original_bundle,300,15,250,,,"{""fpca_var_ratio"":""0.999"",""gp_ard"":""1"",""methods"":""hf_only,ar1,ours"",""svgp_M"":""64"",""svgp_steps"":""2000"",""wl_high"":""750.0"",""wl_low"":""380.0""}"
original_tm_hf300_lfx15_seed_260,phase1_accuracy,TM,hf300_lfx15,HF-only+AR1/co-kriging+Neural-GP MF,original_bundle,300,15,260,,,"{""fpca_var_ratio"":""0.999"",""gp_ard"":""1"",""methods"":""hf_only,ar1,ours"",""svgp_M"":""64"",""svgp_steps"":""2000"",""wl_high"":""750.0"",""wl_low"":""380.0""}"
original_tm_hf300_lfx15_seed_270,phase1_accuracy,TM,hf300_lfx15,HF-only+AR1/co-kriging+Neural-GP MF,original_bundle,300,15,270,,,"{""fpca_var_ratio"":""0.999"",""gp_ard"":""1"",""methods"":""hf_only,ar1,ours"",""svgp_M"":""64"",""svgp_steps"":""2000"",""wl_high"":""750.0"",""wl_low"":""380.0""}"
original_tm_hf300_lfx15_seed_280,phase1_accuracy,TM,hf300_lfx15,HF-only+AR1/co-kriging+Neural-GP MF,original_bundle,300,15,280,,,"{""fpca_var_ratio"":""0.999"",""gp_ard"":""1"",""methods"":""hf_only,ar1,ours"",""svgp_M"":""64"",""svgp_steps"":""2000"",""wl_high"":""750.0"",""wl_low"":""380.0""}"
original_tm_hf300_lfx15_seed_290,phase1_accuracy,TM,hf300_lfx15,HF-only+AR1/co-kriging+Neural-GP MF,original_bundle,300,15,290,,,"{""fpca_var_ratio"":""0.999"",""gp_ard"":""1"",""methods"":""hf_only,ar1,ours"",""svgp_M"":""64"",""svgp_steps"":""2000"",""wl_high"":""750.0"",""wl_low"":""380.0""}"
original_tm_hf300_lfx15_seed_300,phase1_accuracy,TM,hf300_lfx15,HF-only+AR1/co-kriging+Neural-GP MF,original_bundle,300,15,300,,,"{""fpca_var_ratio"":""0.999"",""gp_ard"":""1"",""methods"":""hf_only,ar1,ours"",""svgp_M"":""64"",""svgp_steps"":""2000"",""wl_high"":""750.0"",""wl_low"":""380.0""}"
original_tm_hf300_lfx15_seed_311,phase1_accuracy,TM,hf300_lfx15,HF-only+AR1/co-kriging+Neural-GP MF,original_bundle,300,15,311,,,"{""fpca_var_ratio"":""0.999"",""gp_ard"":""1"",""methods"":""hf_only,ar1,ours"",""svgp_M"":""64"",""svgp_steps"":""2000"",""wl_high"":""750.0"",""wl_low"":""380.0""}"
original_tm_hf300_lfx15_seed_322,phase1_accuracy,TM,hf300_lfx15,HF-only+AR1/co-kriging+Neural-GP MF,original_bundle,300,15,322,,,"{""fpca_var_ratio"":""0.999"",""gp_ard"":""1"",""methods"":""hf_only,ar1,ours"",""svgp_M"":""64"",""svgp_steps"":""2000"",""wl_high"":""750.0"",""wl_low"":""380.0""}"
original_tm_hf300_lfx15_seed_333,phase1_accuracy,TM,hf300_lfx15,HF-only+AR1/co-kriging+Neural-GP MF,original_bundle,300,15,333,,,"{""fpca_var_ratio"":""0.999"",""gp_ard"":""1"",""methods"":""hf_only,ar1,ours"",""svgp_M"":""64"",""svgp_steps"":""2000"",""wl_high"":""750.0"",""wl_low"":""380.0""}"
original_tm_hf300_lfx15_seed_344,phase1_accuracy,TM,hf300_lfx15,HF-only+AR1/co-kriging+Neural-GP MF,original_bundle,300,15,344,,,"{""fpca_var_ratio"":""0.999"",""gp_ard"":""1"",""methods"":""hf_only,ar1,ours"",""svgp_M"":""64"",""svgp_steps"":""2000"",""wl_high"":""750.0"",""wl_low"":""380.0""}"
original_tm_hf300_lfx15_seed_355,phase1_accuracy,TM,hf300_lfx15,HF-only+AR1/co-kriging+Neural-GP MF,original_bundle,300,15,355,,,"{""fpca_var_ratio"":""0.999"",""gp_ard"":""1"",""methods"":""hf_only,ar1,ours"",""svgp_M"":""64"",""svgp_steps"":""2000"",""wl_high"":""750.0"",""wl_low"":""380.0""}"
original_tm_hf300_lfx15_seed_366,phase1_accuracy,TM,hf300_lfx15,HF-only+AR1/co-kriging+Neural-GP MF,original_bundle,300,15,366,,,"{""fpca_var_ratio"":""0.999"",""gp_ard"":""1"",""methods"":""hf_only,ar1,ours"",""svgp_M"":""64"",""svgp_steps"":""2000"",""wl_high"":""750.0"",""wl_low"":""380.0""}"
original_tm_hf300_lfx15_seed_377,phase1_accuracy,TM,hf300_lfx15,HF-only+AR1/co-kriging+Neural-GP MF,original_bundle,300,15,377,,,"{""fpca_var_ratio"":""0.999"",""gp_ard"":""1"",""methods"":""hf_only,ar1,ours"",""svgp_M"":""64"",""svgp_steps"":""2000"",""wl_high"":""750.0"",""wl_low"":""380.0""}"
original_tm_hf300_lfx15_seed_388,phase1_accuracy,TM,hf300_lfx15,HF-only+AR1/co-kriging+Neural-GP MF,original_bundle,300,15,388,,,"{""fpca_var_ratio"":""0.999"",""gp_ard"":""1"",""methods"":""hf_only,ar1,ours"",""svgp_M"":""64"",""svgp_steps"":""2000"",""wl_high"":""750.0"",""wl_low"":""380.0""}"
original_tm_hf300_lfx15_seed_399,phase1_accuracy,TM,hf300_lfx15,HF-only+AR1/co-kriging+Neural-GP MF,original_bundle,300,15,399,,,"{""fpca_var_ratio"":""0.999"",""gp_ard"":""1"",""methods"":""hf_only,ar1,ours"",""svgp_M"":""64"",""svgp_steps"":""2000"",""wl_high"":""750.0"",""wl_low"":""380.0""}"
original_tm_hf400_lfx05_seed_200,phase1_accuracy,TM,hf400_lfx05,HF-only+AR1/co-kriging+Neural-GP MF,original_bundle,400,5,200,,,"{""fpca_var_ratio"":""0.999"",""gp_ard"":""1"",""methods"":""hf_only,ar1,ours"",""svgp_M"":""64"",""svgp_steps"":""2000"",""wl_high"":""750.0"",""wl_low"":""380.0""}"
original_tm_hf400_lfx05_seed_210,phase1_accuracy,TM,hf400_lfx05,HF-only+AR1/co-kriging+Neural-GP MF,original_bundle,400,5,210,,,"{""fpca_var_ratio"":""0.999"",""gp_ard"":""1"",""methods"":""hf_only,ar1,ours"",""svgp_M"":""64"",""svgp_steps"":""2000"",""wl_high"":""750.0"",""wl_low"":""380.0""}"
original_tm_hf400_lfx05_seed_220,phase1_accuracy,TM,hf400_lfx05,HF-only+AR1/co-kriging+Neural-GP MF,original_bundle,400,5,220,,,"{""fpca_var_ratio"":""0.999"",""gp_ard"":""1"",""methods"":""hf_only,ar1,ours"",""svgp_M"":""64"",""svgp_steps"":""2000"",""wl_high"":""750.0"",""wl_low"":""380.0""}"
original_tm_hf400_lfx05_seed_230,phase1_accuracy,TM,hf400_lfx05,HF-only+AR1/co-kriging+Neural-GP MF,original_bundle,400,5,230,,,"{""fpca_var_ratio"":""0.999"",""gp_ard"":""1"",""methods"":""hf_only,ar1,ours"",""svgp_M"":""64"",""svgp_steps"":""2000"",""wl_high"":""750.0"",""wl_low"":""380.0""}"
original_tm_hf400_lfx05_seed_240,phase1_accuracy,TM,hf400_lfx05,HF-only+AR1/co-kriging+Neural-GP MF,original_bundle,400,5,240,,,"{""fpca_var_ratio"":""0.999"",""gp_ard"":""1"",""methods"":""hf_only,ar1,ours"",""svgp_M"":""64"",""svgp_steps"":""2000"",""wl_high"":""750.0"",""wl_low"":""380.0""}"
original_tm_hf400_lfx05_seed_250,phase1_accuracy,TM,hf400_lfx05,HF-only+AR1/co-kriging+Neural-GP MF,original_bundle,400,5,250,,,"{""fpca_var_ratio"":""0.999"",""gp_ard"":""1"",""methods"":""hf_only,ar1,ours"",""svgp_M"":""64"",""svgp_steps"":""2000"",""wl_high"":""750.0"",""wl_low"":""380.0""}"
original_tm_hf400_lfx05_seed_260,phase1_accuracy,TM,hf400_lfx05,HF-only+AR1/co-kriging+Neural-GP MF,original_bundle,400,5,260,,,"{""fpca_var_ratio"":""0.999"",""gp_ard"":""1"",""methods"":""hf_only,ar1,ours"",""svgp_M"":""64"",""svgp_steps"":""2000"",""wl_high"":""750.0"",""wl_low"":""380.0""}"
original_tm_hf400_lfx05_seed_270,phase1_accuracy,TM,hf400_lfx05,HF-only+AR1/co-kriging+Neural-GP MF,original_bundle,400,5,270,,,"{""fpca_var_ratio"":""0.999"",""gp_ard"":""1"",""methods"":""hf_only,ar1,ours"",""svgp_M"":""64"",""svgp_steps"":""2000"",""wl_high"":""750.0"",""wl_low"":""380.0""}"
original_tm_hf400_lfx05_seed_280,phase1_accuracy,TM,hf400_lfx05,HF-only+AR1/co-kriging+Neural-GP MF,original_bundle,400,5,280,,,"{""fpca_var_ratio"":""0.999"",""gp_ard"":""1"",""methods"":""hf_only,ar1,ours"",""svgp_M"":""64"",""svgp_steps"":""2000"",""wl_high"":""750.0"",""wl_low"":""380.0""}"
original_tm_hf400_lfx05_seed_290,phase1_accuracy,TM,hf400_lfx05,HF-only+AR1/co-kriging+Neural-GP MF,original_bundle,400,5,290,,,"{""fpca_var_ratio"":""0.999"",""gp_ard"":""1"",""methods"":""hf_only,ar1,ours"",""svgp_M"":""64"",""svgp_steps"":""2000"",""wl_high"":""750.0"",""wl_low"":""380.0""}"
original_tm_hf400_lfx05_seed_300,phase1_accuracy,TM,hf400_lfx05,HF-only+AR1/co-kriging+Neural-GP MF,original_bundle,400,5,300,,,"{""fpca_var_ratio"":""0.999"",""gp_ard"":""1"",""methods"":""hf_only,ar1,ours"",""svgp_M"":""64"",""svgp_steps"":""2000"",""wl_high"":""750.0"",""wl_low"":""380.0""}"
original_tm_hf400_lfx05_seed_311,phase1_accuracy,TM,hf400_lfx05,HF-only+AR1/co-kriging+Neural-GP MF,original_bundle,400,5,311,,,"{""fpca_var_ratio"":""0.999"",""gp_ard"":""1"",""methods"":""hf_only,ar1,ours"",""svgp_M"":""64"",""svgp_steps"":""2000"",""wl_high"":""750.0"",""wl_low"":""380.0""}"
original_tm_hf400_lfx05_seed_322,phase1_accuracy,TM,hf400_lfx05,HF-only+AR1/co-kriging+Neural-GP MF,original_bundle,400,5,322,,,"{""fpca_var_ratio"":""0.999"",""gp_ard"":""1"",""methods"":""hf_only,ar1,ours"",""svgp_M"":""64"",""svgp_steps"":""2000"",""wl_high"":""750.0"",""wl_low"":""380.0""}"
original_tm_hf400_lfx05_seed_333,phase1_accuracy,TM,hf400_lfx05,HF-only+AR1/co-kriging+Neural-GP MF,original_bundle,400,5,333,,,"{""fpca_var_ratio"":""0.999"",""gp_ard"":""1"",""methods"":""hf_only,ar1,ours"",""svgp_M"":""64"",""svgp_steps"":""2000"",""wl_high"":""750.0"",""wl_low"":""380.0""}"
original_tm_hf400_lfx05_seed_344,phase1_accuracy,TM,hf400_lfx05,HF-only+AR1/co-kriging+Neural-GP MF,original_bundle,400,5,344,,,"{""fpca_var_ratio"":""0.999"",""gp_ard"":""1"",""methods"":""hf_only,ar1,ours"",""svgp_M"":""64"",""svgp_steps"":""2000"",""wl_high"":""750.0"",""wl_low"":""380.0""}"
original_tm_hf400_lfx05_seed_355,phase1_accuracy,TM,hf400_lfx05,HF-only+AR1/co-kriging+Neural-GP MF,original_bundle,400,5,355,,,"{""fpca_var_ratio"":""0.999"",""gp_ard"":""1"",""methods"":""hf_only,ar1,ours"",""svgp_M"":""64"",""svgp_steps"":""2000"",""wl_high"":""750.0"",""wl_low"":""380.0""}"
original_tm_hf400_lfx05_seed_366,phase1_accuracy,TM,hf400_lfx05,HF-only+AR1/co-kriging+Neural-GP MF,original_bundle,400,5,366,,,"{""fpca_var_ratio"":""0.999"",""gp_ard"":""1"",""methods"":""hf_only,ar1,ours"",""svgp_M"":""64"",""svgp_steps"":""2000"",""wl_high"":""750.0"",""wl_low"":""380.0""}"
original_tm_hf400_lfx05_seed_377,phase1_accuracy,TM,hf400_lfx05,HF-only+AR1/co-kriging+Neural-GP MF,original_bundle,400,5,377,,,"{""fpca_var_ratio"":""0.999"",""gp_ard"":""1"",""methods"":""hf_only,ar1,ours"",""svgp_M"":""64"",""svgp_steps"":""2000"",""wl_high"":""750.0"",""wl_low"":""380.0""}"
original_tm_hf400_lfx05_seed_388,phase1_accuracy,TM,hf400_lfx05,HF-only+AR1/co-kriging+Neural-GP MF,original_bundle,400,5,388,,,"{""fpca_var_ratio"":""0.999"",""gp_ard"":""1"",""methods"":""hf_only,ar1,ours"",""svgp_M"":""64"",""svgp_steps"":""2000"",""wl_high"":""750.0"",""wl_low"":""380.0""}"
original_tm_hf400_lfx05_seed_399,phase1_accuracy,TM,hf400_lfx05,HF-only+AR1/co-kriging+Neural-GP MF,original_bundle,400,5,399,,,"{""fpca_var_ratio"":""0.999"",""gp_ard"":""1"",""methods"":""hf_only,ar1,ours"",""svgp_M"":""64"",""svgp_steps"":""2000"",""wl_high"":""750.0"",""wl_low"":""380.0""}"
original_tm_hf400_lfx10_seed_200,phase1_accuracy,TM,hf400_lfx10,HF-only+AR1/co-kriging+Neural-GP MF,original_bundle,400,10,200,,,"{""fpca_var_ratio"":""0.999"",""gp_ard"":""1"",""methods"":""hf_only,ar1,ours"",""svgp_M"":""64"",""svgp_steps"":""2000"",""wl_high"":""750.0"",""wl_low"":""380.0""}"
original_tm_hf400_lfx10_seed_210,phase1_accuracy,TM,hf400_lfx10,HF-only+AR1/co-kriging+Neural-GP MF,original_bundle,400,10,210,,,"{""fpca_var_ratio"":""0.999"",""gp_ard"":""1"",""methods"":""hf_only,ar1,ours"",""svgp_M"":""64"",""svgp_steps"":""2000"",""wl_high"":""750.0"",""wl_low"":""380.0""}"
original_tm_hf400_lfx10_seed_220,phase1_accuracy,TM,hf400_lfx10,HF-only+AR1/co-kriging+Neural-GP MF,original_bundle,400,10,220,,,"{""fpca_var_ratio"":""0.999"",""gp_ard"":""1"",""methods"":""hf_only,ar1,ours"",""svgp_M"":""64"",""svgp_steps"":""2000"",""wl_high"":""750.0"",""wl_low"":""380.0""}"
original_tm_hf400_lfx10_seed_230,phase1_accuracy,TM,hf400_lfx10,HF-only+AR1/co-kriging+Neural-GP MF,original_bundle,400,10,230,,,"{""fpca_var_ratio"":""0.999"",""gp_ard"":""1"",""methods"":""hf_only,ar1,ours"",""svgp_M"":""64"",""svgp_steps"":""2000"",""wl_high"":""750.0"",""wl_low"":""380.0""}"
original_tm_hf400_lfx10_seed_240,phase1_accuracy,TM,hf400_lfx10,HF-only+AR1/co-kriging+Neural-GP MF,original_bundle,400,10,240,,,"{""fpca_var_ratio"":""0.999"",""gp_ard"":""1"",""methods"":""hf_only,ar1,ours"",""svgp_M"":""64"",""svgp_steps"":""2000"",""wl_high"":""750.0"",""wl_low"":""380.0""}"
original_tm_hf400_lfx10_seed_250,phase1_accuracy,TM,hf400_lfx10,HF-only+AR1/co-kriging+Neural-GP MF,original_bundle,400,10,250,,,"{""fpca_var_ratio"":""0.999"",""gp_ard"":""1"",""methods"":""hf_only,ar1,ours"",""svgp_M"":""64"",""svgp_steps"":""2000"",""wl_high"":""750.0"",""wl_low"":""380.0""}"
original_tm_hf400_lfx10_seed_260,phase1_accuracy,TM,hf400_lfx10,HF-only+AR1/co-kriging+Neural-GP MF,original_bundle,400,10,260,,,"{""fpca_var_ratio"":""0.999"",""gp_ard"":""1"",""methods"":""hf_only,ar1,ours"",""svgp_M"":""64"",""svgp_steps"":""2000"",""wl_high"":""750.0"",""wl_low"":""380.0""}"
original_tm_hf400_lfx10_seed_270,phase1_accuracy,TM,hf400_lfx10,HF-only+AR1/co-kriging+Neural-GP MF,original_bundle,400,10,270,,,"{""fpca_var_ratio"":""0.999"",""gp_ard"":""1"",""methods"":""hf_only,ar1,ours"",""svgp_M"":""64"",""svgp_steps"":""2000"",""wl_high"":""750.0"",""wl_low"":""380.0""}"
original_tm_hf400_lfx10_seed_280,phase1_accuracy,TM,hf400_lfx10,HF-only+AR1/co-kriging+Neural-GP MF,original_bundle,400,10,280,,,"{""fpca_var_ratio"":""0.999"",""gp_ard"":""1"",""methods"":""hf_only,ar1,ours"",""svgp_M"":""64"",""svgp_steps"":""2000"",""wl_high"":""750.0"",""wl_low"":""380.0""}"
original_tm_hf400_lfx10_seed_290,phase1_accuracy,TM,hf400_lfx10,HF-only+AR1/co-kriging+Neural-GP MF,original_bundle,400,10,290,,,"{""fpca_var_ratio"":""0.999"",""gp_ard"":""1"",""methods"":""hf_only,ar1,ours"",""svgp_M"":""64"",""svgp_steps"":""2000"",""wl_high"":""750.0"",""wl_low"":""380.0""}"
original_tm_hf400_lfx10_seed_300,phase1_accuracy,TM,hf400_lfx10,HF-only+AR1/co-kriging+Neural-GP MF,original_bundle,400,10,300,,,"{""fpca_var_ratio"":""0.999"",""gp_ard"":""1"",""methods"":""hf_only,ar1,ours"",""svgp_M"":""64"",""svgp_steps"":""2000"",""wl_high"":""750.0"",""wl_low"":""380.0""}"
original_tm_hf400_lfx10_seed_311,phase1_accuracy,TM,hf400_lfx10,HF-only+AR1/co-kriging+Neural-GP MF,original_bundle,400,10,311,,,"{""fpca_var_ratio"":""0.999"",""gp_ard"":""1"",""methods"":""hf_only,ar1,ours"",""svgp_M"":""64"",""svgp_steps"":""2000"",""wl_high"":""750.0"",""wl_low"":""380.0""}"
original_tm_hf400_lfx10_seed_322,phase1_accuracy,TM,hf400_lfx10,HF-only+AR1/co-kriging+Neural-GP MF,original_bundle,400,10,322,,,"{""fpca_var_ratio"":""0.999"",""gp_ard"":""1"",""methods"":""hf_only,ar1,ours"",""svgp_M"":""64"",""svgp_steps"":""2000"",""wl_high"":""750.0"",""wl_low"":""380.0""}"
original_tm_hf400_lfx10_seed_333,phase1_accuracy,TM,hf400_lfx10,HF-only+AR1/co-kriging+Neural-GP MF,original_bundle,400,10,333,,,"{""fpca_var_ratio"":""0.999"",""gp_ard"":""1"",""methods"":""hf_only,ar1,ours"",""svgp_M"":""64"",""svgp_steps"":""2000"",""wl_high"":""750.0"",""wl_low"":""380.0""}"
original_tm_hf400_lfx10_seed_344,phase1_accuracy,TM,hf400_lfx10,HF-only+AR1/co-kriging+Neural-GP MF,original_bundle,400,10,344,,,"{""fpca_var_ratio"":""0.999"",""gp_ard"":""1"",""methods"":""hf_only,ar1,ours"",""svgp_M"":""64"",""svgp_steps"":""2000"",""wl_high"":""750.0"",""wl_low"":""380.0""}"
original_tm_hf400_lfx10_seed_355,phase1_accuracy,TM,hf400_lfx10,HF-only+AR1/co-kriging+Neural-GP MF,original_bundle,400,10,355,,,"{""fpca_var_ratio"":""0.999"",""gp_ard"":""1"",""methods"":""hf_only,ar1,ours"",""svgp_M"":""64"",""svgp_steps"":""2000"",""wl_high"":""750.0"",""wl_low"":""380.0""}"
original_tm_hf400_lfx10_seed_366,phase1_accuracy,TM,hf400_lfx10,HF-only+AR1/co-kriging+Neural-GP MF,original_bundle,400,10,366,,,"{""fpca_var_ratio"":""0.999"",""gp_ard"":""1"",""methods"":""hf_only,ar1,ours"",""svgp_M"":""64"",""svgp_steps"":""2000"",""wl_high"":""750.0"",""wl_low"":""380.0""}"
original_tm_hf400_lfx10_seed_377,phase1_accuracy,TM,hf400_lfx10,HF-only+AR1/co-kriging+Neural-GP MF,original_bundle,400,10,377,,,"{""fpca_var_ratio"":""0.999"",""gp_ard"":""1"",""methods"":""hf_only,ar1,ours"",""svgp_M"":""64"",""svgp_steps"":""2000"",""wl_high"":""750.0"",""wl_low"":""380.0""}"
original_tm_hf400_lfx10_seed_388,phase1_accuracy,TM,hf400_lfx10,HF-only+AR1/co-kriging+Neural-GP MF,original_bundle,400,10,388,,,"{""fpca_var_ratio"":""0.999"",""gp_ard"":""1"",""methods"":""hf_only,ar1,ours"",""svgp_M"":""64"",""svgp_steps"":""2000"",""wl_high"":""750.0"",""wl_low"":""380.0""}"
original_tm_hf400_lfx10_seed_399,phase1_accuracy,TM,hf400_lfx10,HF-only+AR1/co-kriging+Neural-GP MF,original_bundle,400,10,399,,,"{""fpca_var_ratio"":""0.999"",""gp_ard"":""1"",""methods"":""hf_only,ar1,ours"",""svgp_M"":""64"",""svgp_steps"":""2000"",""wl_high"":""750.0"",""wl_low"":""380.0""}"
original_tm_hf400_lfx15_seed_200,phase1_accuracy,TM,hf400_lfx15,HF-only+AR1/co-kriging+Neural-GP MF,original_bundle,400,15,200,,,"{""fpca_var_ratio"":""0.999"",""gp_ard"":""1"",""methods"":""hf_only,ar1,ours"",""svgp_M"":""64"",""svgp_steps"":""2000"",""wl_high"":""750.0"",""wl_low"":""380.0""}"
original_tm_hf400_lfx15_seed_210,phase1_accuracy,TM,hf400_lfx15,HF-only+AR1/co-kriging+Neural-GP MF,original_bundle,400,15,210,,,"{""fpca_var_ratio"":""0.999"",""gp_ard"":""1"",""methods"":""hf_only,ar1,ours"",""svgp_M"":""64"",""svgp_steps"":""2000"",""wl_high"":""750.0"",""wl_low"":""380.0""}"
original_tm_hf400_lfx15_seed_220,phase1_accuracy,TM,hf400_lfx15,HF-only+AR1/co-kriging+Neural-GP MF,original_bundle,400,15,220,,,"{""fpca_var_ratio"":""0.999"",""gp_ard"":""1"",""methods"":""hf_only,ar1,ours"",""svgp_M"":""64"",""svgp_steps"":""2000"",""wl_high"":""750.0"",""wl_low"":""380.0""}"
original_tm_hf400_lfx15_seed_230,phase1_accuracy,TM,hf400_lfx15,HF-only+AR1/co-kriging+Neural-GP MF,original_bundle,400,15,230,,,"{""fpca_var_ratio"":""0.999"",""gp_ard"":""1"",""methods"":""hf_only,ar1,ours"",""svgp_M"":""64"",""svgp_steps"":""2000"",""wl_high"":""750.0"",""wl_low"":""380.0""}"
original_tm_hf400_lfx15_seed_240,phase1_accuracy,TM,hf400_lfx15,HF-only+AR1/co-kriging+Neural-GP MF,original_bundle,400,15,240,,,"{""fpca_var_ratio"":""0.999"",""gp_ard"":""1"",""methods"":""hf_only,ar1,ours"",""svgp_M"":""64"",""svgp_steps"":""2000"",""wl_high"":""750.0"",""wl_low"":""380.0""}"
original_tm_hf400_lfx15_seed_250,phase1_accuracy,TM,hf400_lfx15,HF-only+AR1/co-kriging+Neural-GP MF,original_bundle,400,15,250,,,"{""fpca_var_ratio"":""0.999"",""gp_ard"":""1"",""methods"":""hf_only,ar1,ours"",""svgp_M"":""64"",""svgp_steps"":""2000"",""wl_high"":""750.0"",""wl_low"":""380.0""}"
original_tm_hf400_lfx15_seed_260,phase1_accuracy,TM,hf400_lfx15,HF-only+AR1/co-kriging+Neural-GP MF,original_bundle,400,15,260,,,"{""fpca_var_ratio"":""0.999"",""gp_ard"":""1"",""methods"":""hf_only,ar1,ours"",""svgp_M"":""64"",""svgp_steps"":""2000"",""wl_high"":""750.0"",""wl_low"":""380.0""}"
original_tm_hf400_lfx15_seed_270,phase1_accuracy,TM,hf400_lfx15,HF-only+AR1/co-kriging+Neural-GP MF,original_bundle,400,15,270,,,"{""fpca_var_ratio"":""0.999"",""gp_ard"":""1"",""methods"":""hf_only,ar1,ours"",""svgp_M"":""64"",""svgp_steps"":""2000"",""wl_high"":""750.0"",""wl_low"":""380.0""}"
original_tm_hf400_lfx15_seed_280,phase1_accuracy,TM,hf400_lfx15,HF-only+AR1/co-kriging+Neural-GP MF,original_bundle,400,15,280,,,"{""fpca_var_ratio"":""0.999"",""gp_ard"":""1"",""methods"":""hf_only,ar1,ours"",""svgp_M"":""64"",""svgp_steps"":""2000"",""wl_high"":""750.0"",""wl_low"":""380.0""}"
original_tm_hf400_lfx15_seed_290,phase1_accuracy,TM,hf400_lfx15,HF-only+AR1/co-kriging+Neural-GP MF,original_bundle,400,15,290,,,"{""fpca_var_ratio"":""0.999"",""gp_ard"":""1"",""methods"":""hf_only,ar1,ours"",""svgp_M"":""64"",""svgp_steps"":""2000"",""wl_high"":""750.0"",""wl_low"":""380.0""}"
original_tm_hf400_lfx15_seed_300,phase1_accuracy,TM,hf400_lfx15,HF-only+AR1/co-kriging+Neural-GP MF,original_bundle,400,15,300,,,"{""fpca_var_ratio"":""0.999"",""gp_ard"":""1"",""methods"":""hf_only,ar1,ours"",""svgp_M"":""64"",""svgp_steps"":""2000"",""wl_high"":""750.0"",""wl_low"":""380.0""}"
original_tm_hf400_lfx15_seed_311,phase1_accuracy,TM,hf400_lfx15,HF-only+AR1/co-kriging+Neural-GP MF,original_bundle,400,15,311,,,"{""fpca_var_ratio"":""0.999"",""gp_ard"":""1"",""methods"":""hf_only,ar1,ours"",""svgp_M"":""64"",""svgp_steps"":""2000"",""wl_high"":""750.0"",""wl_low"":""380.0""}"
original_tm_hf400_lfx15_seed_322,phase1_accuracy,TM,hf400_lfx15,HF-only+AR1/co-kriging+Neural-GP MF,original_bundle,400,15,322,,,"{""fpca_var_ratio"":""0.999"",""gp_ard"":""1"",""methods"":""hf_only,ar1,ours"",""svgp_M"":""64"",""svgp_steps"":""2000"",""wl_high"":""750.0"",""wl_low"":""380.0""}"
original_tm_hf400_lfx15_seed_333,phase1_accuracy,TM,hf400_lfx15,HF-only+AR1/co-kriging+Neural-GP MF,original_bundle,400,15,333,,,"{""fpca_var_ratio"":""0.999"",""gp_ard"":""1"",""methods"":""hf_only,ar1,ours"",""svgp_M"":""64"",""svgp_steps"":""2000"",""wl_high"":""750.0"",""wl_low"":""380.0""}"
original_tm_hf400_lfx15_seed_344,phase1_accuracy,TM,hf400_lfx15,HF-only+AR1/co-kriging+Neural-GP MF,original_bundle,400,15,344,,,"{""fpca_var_ratio"":""0.999"",""gp_ard"":""1"",""methods"":""hf_only,ar1,ours"",""svgp_M"":""64"",""svgp_steps"":""2000"",""wl_high"":""750.0"",""wl_low"":""380.0""}"
original_tm_hf400_lfx15_seed_355,phase1_accuracy,TM,hf400_lfx15,HF-only+AR1/co-kriging+Neural-GP MF,original_bundle,400,15,355,,,"{""fpca_var_ratio"":""0.999"",""gp_ard"":""1"",""methods"":""hf_only,ar1,ours"",""svgp_M"":""64"",""svgp_steps"":""2000"",""wl_high"":""750.0"",""wl_low"":""380.0""}"
original_tm_hf400_lfx15_seed_366,phase1_accuracy,TM,hf400_lfx15,HF-only+AR1/co-kriging+Neural-GP MF,original_bundle,400,15,366,,,"{""fpca_var_ratio"":""0.999"",""gp_ard"":""1"",""methods"":""hf_only,ar1,ours"",""svgp_M"":""64"",""svgp_steps"":""2000"",""wl_high"":""750.0"",""wl_low"":""380.0""}"
original_tm_hf400_lfx15_seed_377,phase1_accuracy,TM,hf400_lfx15,HF-only+AR1/co-kriging+Neural-GP MF,original_bundle,400,15,377,,,"{""fpca_var_ratio"":""0.999"",""gp_ard"":""1"",""methods"":""hf_only,ar1,ours"",""svgp_M"":""64"",""svgp_steps"":""2000"",""wl_high"":""750.0"",""wl_low"":""380.0""}"
original_tm_hf400_lfx15_seed_388,phase1_accuracy,TM,hf400_lfx15,HF-only+AR1/co-kriging+Neural-GP MF,original_bundle,400,15,388,,,"{""fpca_var_ratio"":""0.999"",""gp_ard"":""1"",""methods"":""hf_only,ar1,ours"",""svgp_M"":""64"",""svgp_steps"":""2000"",""wl_high"":""750.0"",""wl_low"":""380.0""}"
original_tm_hf400_lfx15_seed_399,phase1_accuracy,TM,hf400_lfx15,HF-only+AR1/co-kriging+Neural-GP MF,original_bundle,400,15,399,,,"{""fpca_var_ratio"":""0.999"",""gp_ard"":""1"",""methods"":""hf_only,ar1,ours"",""svgp_M"":""64"",""svgp_steps"":""2000"",""wl_high"":""750.0"",""wl_low"":""380.0""}"
original_tm_hf500_lfx05_seed_200,phase1_accuracy,TM,hf500_lfx05,HF-only+AR1/co-kriging+Neural-GP MF,original_bundle,500,5,200,,,"{""fpca_var_ratio"":""0.999"",""gp_ard"":""1"",""methods"":""hf_only,ar1,ours"",""svgp_M"":""64"",""svgp_steps"":""2000"",""wl_high"":""750.0"",""wl_low"":""380.0""}"
original_tm_hf500_lfx05_seed_210,phase1_accuracy,TM,hf500_lfx05,HF-only+AR1/co-kriging+Neural-GP MF,original_bundle,500,5,210,,,"{""fpca_var_ratio"":""0.999"",""gp_ard"":""1"",""methods"":""hf_only,ar1,ours"",""svgp_M"":""64"",""svgp_steps"":""2000"",""wl_high"":""750.0"",""wl_low"":""380.0""}"
original_tm_hf500_lfx05_seed_220,phase1_accuracy,TM,hf500_lfx05,HF-only+AR1/co-kriging+Neural-GP MF,original_bundle,500,5,220,,,"{""fpca_var_ratio"":""0.999"",""gp_ard"":""1"",""methods"":""hf_only,ar1,ours"",""svgp_M"":""64"",""svgp_steps"":""2000"",""wl_high"":""750.0"",""wl_low"":""380.0""}"
original_tm_hf500_lfx05_seed_230,phase1_accuracy,TM,hf500_lfx05,HF-only+AR1/co-kriging+Neural-GP MF,original_bundle,500,5,230,,,"{""fpca_var_ratio"":""0.999"",""gp_ard"":""1"",""methods"":""hf_only,ar1,ours"",""svgp_M"":""64"",""svgp_steps"":""2000"",""wl_high"":""750.0"",""wl_low"":""380.0""}"
original_tm_hf500_lfx05_seed_240,phase1_accuracy,TM,hf500_lfx05,HF-only+AR1/co-kriging+Neural-GP MF,original_bundle,500,5,240,,,"{""fpca_var_ratio"":""0.999"",""gp_ard"":""1"",""methods"":""hf_only,ar1,ours"",""svgp_M"":""64"",""svgp_steps"":""2000"",""wl_high"":""750.0"",""wl_low"":""380.0""}"
original_tm_hf500_lfx05_seed_250,phase1_accuracy,TM,hf500_lfx05,HF-only+AR1/co-kriging+Neural-GP MF,original_bundle,500,5,250,,,"{""fpca_var_ratio"":""0.999"",""gp_ard"":""1"",""methods"":""hf_only,ar1,ours"",""svgp_M"":""64"",""svgp_steps"":""2000"",""wl_high"":""750.0"",""wl_low"":""380.0""}"
original_tm_hf500_lfx05_seed_260,phase1_accuracy,TM,hf500_lfx05,HF-only+AR1/co-kriging+Neural-GP MF,original_bundle,500,5,260,,,"{""fpca_var_ratio"":""0.999"",""gp_ard"":""1"",""methods"":""hf_only,ar1,ours"",""svgp_M"":""64"",""svgp_steps"":""2000"",""wl_high"":""750.0"",""wl_low"":""380.0""}"
original_tm_hf500_lfx05_seed_270,phase1_accuracy,TM,hf500_lfx05,HF-only+AR1/co-kriging+Neural-GP MF,original_bundle,500,5,270,,,"{""fpca_var_ratio"":""0.999"",""gp_ard"":""1"",""methods"":""hf_only,ar1,ours"",""svgp_M"":""64"",""svgp_steps"":""2000"",""wl_high"":""750.0"",""wl_low"":""380.0""}"
original_tm_hf500_lfx05_seed_280,phase1_accuracy,TM,hf500_lfx05,HF-only+AR1/co-kriging+Neural-GP MF,original_bundle,500,5,280,,,"{""fpca_var_ratio"":""0.999"",""gp_ard"":""1"",""methods"":""hf_only,ar1,ours"",""svgp_M"":""64"",""svgp_steps"":""2000"",""wl_high"":""750.0"",""wl_low"":""380.0""}"
original_tm_hf500_lfx05_seed_290,phase1_accuracy,TM,hf500_lfx05,HF-only+AR1/co-kriging+Neural-GP MF,original_bundle,500,5,290,,,"{""fpca_var_ratio"":""0.999"",""gp_ard"":""1"",""methods"":""hf_only,ar1,ours"",""svgp_M"":""64"",""svgp_steps"":""2000"",""wl_high"":""750.0"",""wl_low"":""380.0""}"
original_tm_hf500_lfx05_seed_300,phase1_accuracy,TM,hf500_lfx05,HF-only+AR1/co-kriging+Neural-GP MF,original_bundle,500,5,300,,,"{""fpca_var_ratio"":""0.999"",""gp_ard"":""1"",""methods"":""hf_only,ar1,ours"",""svgp_M"":""64"",""svgp_steps"":""2000"",""wl_high"":""750.0"",""wl_low"":""380.0""}"
original_tm_hf500_lfx05_seed_311,phase1_accuracy,TM,hf500_lfx05,HF-only+AR1/co-kriging+Neural-GP MF,original_bundle,500,5,311,,,"{""fpca_var_ratio"":""0.999"",""gp_ard"":""1"",""methods"":""hf_only,ar1,ours"",""svgp_M"":""64"",""svgp_steps"":""2000"",""wl_high"":""750.0"",""wl_low"":""380.0""}"
original_tm_hf500_lfx05_seed_322,phase1_accuracy,TM,hf500_lfx05,HF-only+AR1/co-kriging+Neural-GP MF,original_bundle,500,5,322,,,"{""fpca_var_ratio"":""0.999"",""gp_ard"":""1"",""methods"":""hf_only,ar1,ours"",""svgp_M"":""64"",""svgp_steps"":""2000"",""wl_high"":""750.0"",""wl_low"":""380.0""}"
original_tm_hf500_lfx05_seed_333,phase1_accuracy,TM,hf500_lfx05,HF-only+AR1/co-kriging+Neural-GP MF,original_bundle,500,5,333,,,"{""fpca_var_ratio"":""0.999"",""gp_ard"":""1"",""methods"":""hf_only,ar1,ours"",""svgp_M"":""64"",""svgp_steps"":""2000"",""wl_high"":""750.0"",""wl_low"":""380.0""}"
original_tm_hf500_lfx05_seed_344,phase1_accuracy,TM,hf500_lfx05,HF-only+AR1/co-kriging+Neural-GP MF,original_bundle,500,5,344,,,"{""fpca_var_ratio"":""0.999"",""gp_ard"":""1"",""methods"":""hf_only,ar1,ours"",""svgp_M"":""64"",""svgp_steps"":""2000"",""wl_high"":""750.0"",""wl_low"":""380.0""}"
original_tm_hf500_lfx05_seed_355,phase1_accuracy,TM,hf500_lfx05,HF-only+AR1/co-kriging+Neural-GP MF,original_bundle,500,5,355,,,"{""fpca_var_ratio"":""0.999"",""gp_ard"":""1"",""methods"":""hf_only,ar1,ours"",""svgp_M"":""64"",""svgp_steps"":""2000"",""wl_high"":""750.0"",""wl_low"":""380.0""}"
original_tm_hf500_lfx05_seed_366,phase1_accuracy,TM,hf500_lfx05,HF-only+AR1/co-kriging+Neural-GP MF,original_bundle,500,5,366,,,"{""fpca_var_ratio"":""0.999"",""gp_ard"":""1"",""methods"":""hf_only,ar1,ours"",""svgp_M"":""64"",""svgp_steps"":""2000"",""wl_high"":""750.0"",""wl_low"":""380.0""}"
original_tm_hf500_lfx05_seed_377,phase1_accuracy,TM,hf500_lfx05,HF-only+AR1/co-kriging+Neural-GP MF,original_bundle,500,5,377,,,"{""fpca_var_ratio"":""0.999"",""gp_ard"":""1"",""methods"":""hf_only,ar1,ours"",""svgp_M"":""64"",""svgp_steps"":""2000"",""wl_high"":""750.0"",""wl_low"":""380.0""}"
original_tm_hf500_lfx05_seed_388,phase1_accuracy,TM,hf500_lfx05,HF-only+AR1/co-kriging+Neural-GP MF,original_bundle,500,5,388,,,"{""fpca_var_ratio"":""0.999"",""gp_ard"":""1"",""methods"":""hf_only,ar1,ours"",""svgp_M"":""64"",""svgp_steps"":""2000"",""wl_high"":""750.0"",""wl_low"":""380.0""}"
original_tm_hf500_lfx05_seed_399,phase1_accuracy,TM,hf500_lfx05,HF-only+AR1/co-kriging+Neural-GP MF,original_bundle,500,5,399,,,"{""fpca_var_ratio"":""0.999"",""gp_ard"":""1"",""methods"":""hf_only,ar1,ours"",""svgp_M"":""64"",""svgp_steps"":""2000"",""wl_high"":""750.0"",""wl_low"":""380.0""}"
original_tm_hf500_lfx10_seed_200,phase1_accuracy,TM,hf500_lfx10,HF-only+AR1/co-kriging+Neural-GP MF,original_bundle,500,10,200,,,"{""fpca_var_ratio"":""0.999"",""gp_ard"":""1"",""methods"":""hf_only,ar1,ours"",""svgp_M"":""64"",""svgp_steps"":""2000"",""wl_high"":""750.0"",""wl_low"":""380.0""}"
original_tm_hf500_lfx10_seed_210,phase1_accuracy,TM,hf500_lfx10,HF-only+AR1/co-kriging+Neural-GP MF,original_bundle,500,10,210,,,"{""fpca_var_ratio"":""0.999"",""gp_ard"":""1"",""methods"":""hf_only,ar1,ours"",""svgp_M"":""64"",""svgp_steps"":""2000"",""wl_high"":""750.0"",""wl_low"":""380.0""}"
original_tm_hf500_lfx10_seed_220,phase1_accuracy,TM,hf500_lfx10,HF-only+AR1/co-kriging+Neural-GP MF,original_bundle,500,10,220,,,"{""fpca_var_ratio"":""0.999"",""gp_ard"":""1"",""methods"":""hf_only,ar1,ours"",""svgp_M"":""64"",""svgp_steps"":""2000"",""wl_high"":""750.0"",""wl_low"":""380.0""}"
original_tm_hf500_lfx10_seed_230,phase1_accuracy,TM,hf500_lfx10,HF-only+AR1/co-kriging+Neural-GP MF,original_bundle,500,10,230,,,"{""fpca_var_ratio"":""0.999"",""gp_ard"":""1"",""methods"":""hf_only,ar1,ours"",""svgp_M"":""64"",""svgp_steps"":""2000"",""wl_high"":""750.0"",""wl_low"":""380.0""}"
original_tm_hf500_lfx10_seed_240,phase1_accuracy,TM,hf500_lfx10,HF-only+AR1/co-kriging+Neural-GP MF,original_bundle,500,10,240,,,"{""fpca_var_ratio"":""0.999"",""gp_ard"":""1"",""methods"":""hf_only,ar1,ours"",""svgp_M"":""64"",""svgp_steps"":""2000"",""wl_high"":""750.0"",""wl_low"":""380.0""}"
original_tm_hf500_lfx10_seed_250,phase1_accuracy,TM,hf500_lfx10,HF-only+AR1/co-kriging+Neural-GP MF,original_bundle,500,10,250,,,"{""fpca_var_ratio"":""0.999"",""gp_ard"":""1"",""methods"":""hf_only,ar1,ours"",""svgp_M"":""64"",""svgp_steps"":""2000"",""wl_high"":""750.0"",""wl_low"":""380.0""}"
original_tm_hf500_lfx10_seed_260,phase1_accuracy,TM,hf500_lfx10,HF-only+AR1/co-kriging+Neural-GP MF,original_bundle,500,10,260,,,"{""fpca_var_ratio"":""0.999"",""gp_ard"":""1"",""methods"":""hf_only,ar1,ours"",""svgp_M"":""64"",""svgp_steps"":""2000"",""wl_high"":""750.0"",""wl_low"":""380.0""}"
original_tm_hf500_lfx10_seed_270,phase1_accuracy,TM,hf500_lfx10,HF-only+AR1/co-kriging+Neural-GP MF,original_bundle,500,10,270,,,"{""fpca_var_ratio"":""0.999"",""gp_ard"":""1"",""methods"":""hf_only,ar1,ours"",""svgp_M"":""64"",""svgp_steps"":""2000"",""wl_high"":""750.0"",""wl_low"":""380.0""}"
original_tm_hf500_lfx10_seed_280,phase1_accuracy,TM,hf500_lfx10,HF-only+AR1/co-kriging+Neural-GP MF,original_bundle,500,10,280,,,"{""fpca_var_ratio"":""0.999"",""gp_ard"":""1"",""methods"":""hf_only,ar1,ours"",""svgp_M"":""64"",""svgp_steps"":""2000"",""wl_high"":""750.0"",""wl_low"":""380.0""}"
original_tm_hf500_lfx10_seed_290,phase1_accuracy,TM,hf500_lfx10,HF-only+AR1/co-kriging+Neural-GP MF,original_bundle,500,10,290,,,"{""fpca_var_ratio"":""0.999"",""gp_ard"":""1"",""methods"":""hf_only,ar1,ours"",""svgp_M"":""64"",""svgp_steps"":""2000"",""wl_high"":""750.0"",""wl_low"":""380.0""}"
original_tm_hf500_lfx10_seed_300,phase1_accuracy,TM,hf500_lfx10,HF-only+AR1/co-kriging+Neural-GP MF,original_bundle,500,10,300,,,"{""fpca_var_ratio"":""0.999"",""gp_ard"":""1"",""methods"":""hf_only,ar1,ours"",""svgp_M"":""64"",""svgp_steps"":""2000"",""wl_high"":""750.0"",""wl_low"":""380.0""}"
original_tm_hf500_lfx10_seed_311,phase1_accuracy,TM,hf500_lfx10,HF-only+AR1/co-kriging+Neural-GP MF,original_bundle,500,10,311,,,"{""fpca_var_ratio"":""0.999"",""gp_ard"":""1"",""methods"":""hf_only,ar1,ours"",""svgp_M"":""64"",""svgp_steps"":""2000"",""wl_high"":""750.0"",""wl_low"":""380.0""}"
original_tm_hf500_lfx10_seed_322,phase1_accuracy,TM,hf500_lfx10,HF-only+AR1/co-kriging+Neural-GP MF,original_bundle,500,10,322,,,"{""fpca_var_ratio"":""0.999"",""gp_ard"":""1"",""methods"":""hf_only,ar1,ours"",""svgp_M"":""64"",""svgp_steps"":""2000"",""wl_high"":""750.0"",""wl_low"":""380.0""}"
original_tm_hf500_lfx10_seed_333,phase1_accuracy,TM,hf500_lfx10,HF-only+AR1/co-kriging+Neural-GP MF,original_bundle,500,10,333,,,"{""fpca_var_ratio"":""0.999"",""gp_ard"":""1"",""methods"":""hf_only,ar1,ours"",""svgp_M"":""64"",""svgp_steps"":""2000"",""wl_high"":""750.0"",""wl_low"":""380.0""}"
original_tm_hf500_lfx10_seed_344,phase1_accuracy,TM,hf500_lfx10,HF-only+AR1/co-kriging+Neural-GP MF,original_bundle,500,10,344,,,"{""fpca_var_ratio"":""0.999"",""gp_ard"":""1"",""methods"":""hf_only,ar1,ours"",""svgp_M"":""64"",""svgp_steps"":""2000"",""wl_high"":""750.0"",""wl_low"":""380.0""}"
original_tm_hf500_lfx10_seed_355,phase1_accuracy,TM,hf500_lfx10,HF-only+AR1/co-kriging+Neural-GP MF,original_bundle,500,10,355,,,"{""fpca_var_ratio"":""0.999"",""gp_ard"":""1"",""methods"":""hf_only,ar1,ours"",""svgp_M"":""64"",""svgp_steps"":""2000"",""wl_high"":""750.0"",""wl_low"":""380.0""}"
original_tm_hf500_lfx10_seed_366,phase1_accuracy,TM,hf500_lfx10,HF-only+AR1/co-kriging+Neural-GP MF,original_bundle,500,10,366,,,"{""fpca_var_ratio"":""0.999"",""gp_ard"":""1"",""methods"":""hf_only,ar1,ours"",""svgp_M"":""64"",""svgp_steps"":""2000"",""wl_high"":""750.0"",""wl_low"":""380.0""}"
original_tm_hf500_lfx10_seed_377,phase1_accuracy,TM,hf500_lfx10,HF-only+AR1/co-kriging+Neural-GP MF,original_bundle,500,10,377,,,"{""fpca_var_ratio"":""0.999"",""gp_ard"":""1"",""methods"":""hf_only,ar1,ours"",""svgp_M"":""64"",""svgp_steps"":""2000"",""wl_high"":""750.0"",""wl_low"":""380.0""}"
original_tm_hf500_lfx10_seed_388,phase1_accuracy,TM,hf500_lfx10,HF-only+AR1/co-kriging+Neural-GP MF,original_bundle,500,10,388,,,"{""fpca_var_ratio"":""0.999"",""gp_ard"":""1"",""methods"":""hf_only,ar1,ours"",""svgp_M"":""64"",""svgp_steps"":""2000"",""wl_high"":""750.0"",""wl_low"":""380.0""}"
original_tm_hf500_lfx10_seed_399,phase1_accuracy,TM,hf500_lfx10,HF-only+AR1/co-kriging+Neural-GP MF,original_bundle,500,10,399,,,"{""fpca_var_ratio"":""0.999"",""gp_ard"":""1"",""methods"":""hf_only,ar1,ours"",""svgp_M"":""64"",""svgp_steps"":""2000"",""wl_high"":""750.0"",""wl_low"":""380.0""}"
original_tm_hf500_lfx15_seed_200,phase1_accuracy,TM,hf500_lfx15,HF-only+AR1/co-kriging+Neural-GP MF,original_bundle,500,15,200,,,"{""fpca_var_ratio"":""0.999"",""gp_ard"":""1"",""methods"":""hf_only,ar1,ours"",""svgp_M"":""64"",""svgp_steps"":""2000"",""wl_high"":""750.0"",""wl_low"":""380.0""}"
original_tm_hf500_lfx15_seed_210,phase1_accuracy,TM,hf500_lfx15,HF-only+AR1/co-kriging+Neural-GP MF,original_bundle,500,15,210,,,"{""fpca_var_ratio"":""0.999"",""gp_ard"":""1"",""methods"":""hf_only,ar1,ours"",""svgp_M"":""64"",""svgp_steps"":""2000"",""wl_high"":""750.0"",""wl_low"":""380.0""}"
original_tm_hf500_lfx15_seed_220,phase1_accuracy,TM,hf500_lfx15,HF-only+AR1/co-kriging+Neural-GP MF,original_bundle,500,15,220,,,"{""fpca_var_ratio"":""0.999"",""gp_ard"":""1"",""methods"":""hf_only,ar1,ours"",""svgp_M"":""64"",""svgp_steps"":""2000"",""wl_high"":""750.0"",""wl_low"":""380.0""}"
original_tm_hf500_lfx15_seed_230,phase1_accuracy,TM,hf500_lfx15,HF-only+AR1/co-kriging+Neural-GP MF,original_bundle,500,15,230,,,"{""fpca_var_ratio"":""0.999"",""gp_ard"":""1"",""methods"":""hf_only,ar1,ours"",""svgp_M"":""64"",""svgp_steps"":""2000"",""wl_high"":""750.0"",""wl_low"":""380.0""}"
original_tm_hf500_lfx15_seed_240,phase1_accuracy,TM,hf500_lfx15,HF-only+AR1/co-kriging+Neural-GP MF,original_bundle,500,15,240,,,"{""fpca_var_ratio"":""0.999"",""gp_ard"":""1"",""methods"":""hf_only,ar1,ours"",""svgp_M"":""64"",""svgp_steps"":""2000"",""wl_high"":""750.0"",""wl_low"":""380.0""}"
original_tm_hf500_lfx15_seed_250,phase1_accuracy,TM,hf500_lfx15,HF-only+AR1/co-kriging+Neural-GP MF,original_bundle,500,15,250,,,"{""fpca_var_ratio"":""0.999"",""gp_ard"":""1"",""methods"":""hf_only,ar1,ours"",""svgp_M"":""64"",""svgp_steps"":""2000"",""wl_high"":""750.0"",""wl_low"":""380.0""}"
original_tm_hf500_lfx15_seed_260,phase1_accuracy,TM,hf500_lfx15,HF-only+AR1/co-kriging+Neural-GP MF,original_bundle,500,15,260,,,"{""fpca_var_ratio"":""0.999"",""gp_ard"":""1"",""methods"":""hf_only,ar1,ours"",""svgp_M"":""64"",""svgp_steps"":""2000"",""wl_high"":""750.0"",""wl_low"":""380.0""}"
original_tm_hf500_lfx15_seed_270,phase1_accuracy,TM,hf500_lfx15,HF-only+AR1/co-kriging+Neural-GP MF,original_bundle,500,15,270,,,"{""fpca_var_ratio"":""0.999"",""gp_ard"":""1"",""methods"":""hf_only,ar1,ours"",""svgp_M"":""64"",""svgp_steps"":""2000"",""wl_high"":""750.0"",""wl_low"":""380.0""}"
original_tm_hf500_lfx15_seed_280,phase1_accuracy,TM,hf500_lfx15,HF-only+AR1/co-kriging+Neural-GP MF,original_bundle,500,15,280,,,"{""fpca_var_ratio"":""0.999"",""gp_ard"":""1"",""methods"":""hf_only,ar1,ours"",""svgp_M"":""64"",""svgp_steps"":""2000"",""wl_high"":""750.0"",""wl_low"":""380.0""}"
original_tm_hf500_lfx15_seed_290,phase1_accuracy,TM,hf500_lfx15,HF-only+AR1/co-kriging+Neural-GP MF,original_bundle,500,15,290,,,"{""fpca_var_ratio"":""0.999"",""gp_ard"":""1"",""methods"":""hf_only,ar1,ours"",""svgp_M"":""64"",""svgp_steps"":""2000"",""wl_high"":""750.0"",""wl_low"":""380.0""}"
original_tm_hf500_lfx15_seed_300,phase1_accuracy,TM,hf500_lfx15,HF-only+AR1/co-kriging+Neural-GP MF,original_bundle,500,15,300,,,"{""fpca_var_ratio"":""0.999"",""gp_ard"":""1"",""methods"":""hf_only,ar1,ours"",""svgp_M"":""64"",""svgp_steps"":""2000"",""wl_high"":""750.0"",""wl_low"":""380.0""}"
original_tm_hf500_lfx15_seed_311,phase1_accuracy,TM,hf500_lfx15,HF-only+AR1/co-kriging+Neural-GP MF,original_bundle,500,15,311,,,"{""fpca_var_ratio"":""0.999"",""gp_ard"":""1"",""methods"":""hf_only,ar1,ours"",""svgp_M"":""64"",""svgp_steps"":""2000"",""wl_high"":""750.0"",""wl_low"":""380.0""}"
original_tm_hf500_lfx15_seed_322,phase1_accuracy,TM,hf500_lfx15,HF-only+AR1/co-kriging+Neural-GP MF,original_bundle,500,15,322,,,"{""fpca_var_ratio"":""0.999"",""gp_ard"":""1"",""methods"":""hf_only,ar1,ours"",""svgp_M"":""64"",""svgp_steps"":""2000"",""wl_high"":""750.0"",""wl_low"":""380.0""}"
original_tm_hf500_lfx15_seed_333,phase1_accuracy,TM,hf500_lfx15,HF-only+AR1/co-kriging+Neural-GP MF,original_bundle,500,15,333,,,"{""fpca_var_ratio"":""0.999"",""gp_ard"":""1"",""methods"":""hf_only,ar1,ours"",""svgp_M"":""64"",""svgp_steps"":""2000"",""wl_high"":""750.0"",""wl_low"":""380.0""}"
original_tm_hf500_lfx15_seed_344,phase1_accuracy,TM,hf500_lfx15,HF-only+AR1/co-kriging+Neural-GP MF,original_bundle,500,15,344,,,"{""fpca_var_ratio"":""0.999"",""gp_ard"":""1"",""methods"":""hf_only,ar1,ours"",""svgp_M"":""64"",""svgp_steps"":""2000"",""wl_high"":""750.0"",""wl_low"":""380.0""}"
original_tm_hf500_lfx15_seed_355,phase1_accuracy,TM,hf500_lfx15,HF-only+AR1/co-kriging+Neural-GP MF,original_bundle,500,15,355,,,"{""fpca_var_ratio"":""0.999"",""gp_ard"":""1"",""methods"":""hf_only,ar1,ours"",""svgp_M"":""64"",""svgp_steps"":""2000"",""wl_high"":""750.0"",""wl_low"":""380.0""}"
original_tm_hf500_lfx15_seed_366,phase1_accuracy,TM,hf500_lfx15,HF-only+AR1/co-kriging+Neural-GP MF,original_bundle,500,15,366,,,"{""fpca_var_ratio"":""0.999"",""gp_ard"":""1"",""methods"":""hf_only,ar1,ours"",""svgp_M"":""64"",""svgp_steps"":""2000"",""wl_high"":""750.0"",""wl_low"":""380.0""}"
original_tm_hf500_lfx15_seed_377,phase1_accuracy,TM,hf500_lfx15,HF-only+AR1/co-kriging+Neural-GP MF,original_bundle,500,15,377,,,"{""fpca_var_ratio"":""0.999"",""gp_ard"":""1"",""methods"":""hf_only,ar1,ours"",""svgp_M"":""64"",""svgp_steps"":""2000"",""wl_high"":""750.0"",""wl_low"":""380.0""}"
original_tm_hf500_lfx15_seed_388,phase1_accuracy,TM,hf500_lfx15,HF-only+AR1/co-kriging+Neural-GP MF,original_bundle,500,15,388,,,"{""fpca_var_ratio"":""0.999"",""gp_ard"":""1"",""methods"":""hf_only,ar1,ours"",""svgp_M"":""64"",""svgp_steps"":""2000"",""wl_high"":""750.0"",""wl_low"":""380.0""}"
original_tm_hf500_lfx15_seed_399,phase1_accuracy,TM,hf500_lfx15,HF-only+AR1/co-kriging+Neural-GP MF,original_bundle,500,15,399,,,"{""fpca_var_ratio"":""0.999"",""gp_ard"":""1"",""methods"":""hf_only,ar1,ours"",""svgp_M"":""64"",""svgp_steps"":""2000"",""wl_high"":""750.0"",""wl_low"":""380.0""}"
original_ab_hf50_lfx05_seed_200,phase1_accuracy,AB,hf50_lfx05,HF-only+AR1/co-kriging+Neural-GP MF,original_bundle,50,5,200,,,"{""fpca_var_ratio"":""0.999"",""gp_ard"":""1"",""methods"":""hf_only,ar1,ours"",""svgp_M"":""64"",""svgp_steps"":""2000"",""wl_high"":""750.0"",""wl_low"":""380.0""}"
original_ab_hf50_lfx05_seed_210,phase1_accuracy,AB,hf50_lfx05,HF-only+AR1/co-kriging+Neural-GP MF,original_bundle,50,5,210,,,"{""fpca_var_ratio"":""0.999"",""gp_ard"":""1"",""methods"":""hf_only,ar1,ours"",""svgp_M"":""64"",""svgp_steps"":""2000"",""wl_high"":""750.0"",""wl_low"":""380.0""}"
original_ab_hf50_lfx05_seed_220,phase1_accuracy,AB,hf50_lfx05,HF-only+AR1/co-kriging+Neural-GP MF,original_bundle,50,5,220,,,"{""fpca_var_ratio"":""0.999"",""gp_ard"":""1"",""methods"":""hf_only,ar1,ours"",""svgp_M"":""64"",""svgp_steps"":""2000"",""wl_high"":""750.0"",""wl_low"":""380.0""}"
original_ab_hf50_lfx05_seed_230,phase1_accuracy,AB,hf50_lfx05,HF-only+AR1/co-kriging+Neural-GP MF,original_bundle,50,5,230,,,"{""fpca_var_ratio"":""0.999"",""gp_ard"":""1"",""methods"":""hf_only,ar1,ours"",""svgp_M"":""64"",""svgp_steps"":""2000"",""wl_high"":""750.0"",""wl_low"":""380.0""}"
original_ab_hf50_lfx05_seed_240,phase1_accuracy,AB,hf50_lfx05,HF-only+AR1/co-kriging+Neural-GP MF,original_bundle,50,5,240,,,"{""fpca_var_ratio"":""0.999"",""gp_ard"":""1"",""methods"":""hf_only,ar1,ours"",""svgp_M"":""64"",""svgp_steps"":""2000"",""wl_high"":""750.0"",""wl_low"":""380.0""}"
original_ab_hf50_lfx05_seed_250,phase1_accuracy,AB,hf50_lfx05,HF-only+AR1/co-kriging+Neural-GP MF,original_bundle,50,5,250,,,"{""fpca_var_ratio"":""0.999"",""gp_ard"":""1"",""methods"":""hf_only,ar1,ours"",""svgp_M"":""64"",""svgp_steps"":""2000"",""wl_high"":""750.0"",""wl_low"":""380.0""}"
original_ab_hf50_lfx05_seed_260,phase1_accuracy,AB,hf50_lfx05,HF-only+AR1/co-kriging+Neural-GP MF,original_bundle,50,5,260,,,"{""fpca_var_ratio"":""0.999"",""gp_ard"":""1"",""methods"":""hf_only,ar1,ours"",""svgp_M"":""64"",""svgp_steps"":""2000"",""wl_high"":""750.0"",""wl_low"":""380.0""}"
original_ab_hf50_lfx05_seed_270,phase1_accuracy,AB,hf50_lfx05,HF-only+AR1/co-kriging+Neural-GP MF,original_bundle,50,5,270,,,"{""fpca_var_ratio"":""0.999"",""gp_ard"":""1"",""methods"":""hf_only,ar1,ours"",""svgp_M"":""64"",""svgp_steps"":""2000"",""wl_high"":""750.0"",""wl_low"":""380.0""}"
original_ab_hf50_lfx05_seed_280,phase1_accuracy,AB,hf50_lfx05,HF-only+AR1/co-kriging+Neural-GP MF,original_bundle,50,5,280,,,"{""fpca_var_ratio"":""0.999"",""gp_ard"":""1"",""methods"":""hf_only,ar1,ours"",""svgp_M"":""64"",""svgp_steps"":""2000"",""wl_high"":""750.0"",""wl_low"":""380.0""}"
original_ab_hf50_lfx05_seed_290,phase1_accuracy,AB,hf50_lfx05,HF-only+AR1/co-kriging+Neural-GP MF,original_bundle,50,5,290,,,"{""fpca_var_ratio"":""0.999"",""gp_ard"":""1"",""methods"":""hf_only,ar1,ours"",""svgp_M"":""64"",""svgp_steps"":""2000"",""wl_high"":""750.0"",""wl_low"":""380.0""}"
original_ab_hf50_lfx05_seed_300,phase1_accuracy,AB,hf50_lfx05,HF-only+AR1/co-kriging+Neural-GP MF,original_bundle,50,5,300,,,"{""fpca_var_ratio"":""0.999"",""gp_ard"":""1"",""methods"":""hf_only,ar1,ours"",""svgp_M"":""64"",""svgp_steps"":""2000"",""wl_high"":""750.0"",""wl_low"":""380.0""}"
original_ab_hf50_lfx05_seed_311,phase1_accuracy,AB,hf50_lfx05,HF-only+AR1/co-kriging+Neural-GP MF,original_bundle,50,5,311,,,"{""fpca_var_ratio"":""0.999"",""gp_ard"":""1"",""methods"":""hf_only,ar1,ours"",""svgp_M"":""64"",""svgp_steps"":""2000"",""wl_high"":""750.0"",""wl_low"":""380.0""}"
original_ab_hf50_lfx05_seed_322,phase1_accuracy,AB,hf50_lfx05,HF-only+AR1/co-kriging+Neural-GP MF,original_bundle,50,5,322,,,"{""fpca_var_ratio"":""0.999"",""gp_ard"":""1"",""methods"":""hf_only,ar1,ours"",""svgp_M"":""64"",""svgp_steps"":""2000"",""wl_high"":""750.0"",""wl_low"":""380.0""}"
original_ab_hf50_lfx05_seed_333,phase1_accuracy,AB,hf50_lfx05,HF-only+AR1/co-kriging+Neural-GP MF,original_bundle,50,5,333,,,"{""fpca_var_ratio"":""0.999"",""gp_ard"":""1"",""methods"":""hf_only,ar1,ours"",""svgp_M"":""64"",""svgp_steps"":""2000"",""wl_high"":""750.0"",""wl_low"":""380.0""}"
original_ab_hf50_lfx05_seed_344,phase1_accuracy,AB,hf50_lfx05,HF-only+AR1/co-kriging+Neural-GP MF,original_bundle,50,5,344,,,"{""fpca_var_ratio"":""0.999"",""gp_ard"":""1"",""methods"":""hf_only,ar1,ours"",""svgp_M"":""64"",""svgp_steps"":""2000"",""wl_high"":""750.0"",""wl_low"":""380.0""}"
original_ab_hf50_lfx05_seed_355,phase1_accuracy,AB,hf50_lfx05,HF-only+AR1/co-kriging+Neural-GP MF,original_bundle,50,5,355,,,"{""fpca_var_ratio"":""0.999"",""gp_ard"":""1"",""methods"":""hf_only,ar1,ours"",""svgp_M"":""64"",""svgp_steps"":""2000"",""wl_high"":""750.0"",""wl_low"":""380.0""}"
original_ab_hf50_lfx05_seed_366,phase1_accuracy,AB,hf50_lfx05,HF-only+AR1/co-kriging+Neural-GP MF,original_bundle,50,5,366,,,"{""fpca_var_ratio"":""0.999"",""gp_ard"":""1"",""methods"":""hf_only,ar1,ours"",""svgp_M"":""64"",""svgp_steps"":""2000"",""wl_high"":""750.0"",""wl_low"":""380.0""}"
original_ab_hf50_lfx05_seed_377,phase1_accuracy,AB,hf50_lfx05,HF-only+AR1/co-kriging+Neural-GP MF,original_bundle,50,5,377,,,"{""fpca_var_ratio"":""0.999"",""gp_ard"":""1"",""methods"":""hf_only,ar1,ours"",""svgp_M"":""64"",""svgp_steps"":""2000"",""wl_high"":""750.0"",""wl_low"":""380.0""}"
original_ab_hf50_lfx05_seed_388,phase1_accuracy,AB,hf50_lfx05,HF-only+AR1/co-kriging+Neural-GP MF,original_bundle,50,5,388,,,"{""fpca_var_ratio"":""0.999"",""gp_ard"":""1"",""methods"":""hf_only,ar1,ours"",""svgp_M"":""64"",""svgp_steps"":""2000"",""wl_high"":""750.0"",""wl_low"":""380.0""}"
original_ab_hf50_lfx05_seed_399,phase1_accuracy,AB,hf50_lfx05,HF-only+AR1/co-kriging+Neural-GP MF,original_bundle,50,5,399,,,"{""fpca_var_ratio"":""0.999"",""gp_ard"":""1"",""methods"":""hf_only,ar1,ours"",""svgp_M"":""64"",""svgp_steps"":""2000"",""wl_high"":""750.0"",""wl_low"":""380.0""}"
original_ab_hf50_lfx10_seed_200,phase1_accuracy,AB,hf50_lfx10,HF-only+AR1/co-kriging+Neural-GP MF,original_bundle,50,10,200,,,"{""fpca_var_ratio"":""0.999"",""gp_ard"":""1"",""methods"":""hf_only,ar1,ours"",""svgp_M"":""64"",""svgp_steps"":""2000"",""wl_high"":""750.0"",""wl_low"":""380.0""}"
original_ab_hf50_lfx10_seed_210,phase1_accuracy,AB,hf50_lfx10,HF-only+AR1/co-kriging+Neural-GP MF,original_bundle,50,10,210,,,"{""fpca_var_ratio"":""0.999"",""gp_ard"":""1"",""methods"":""hf_only,ar1,ours"",""svgp_M"":""64"",""svgp_steps"":""2000"",""wl_high"":""750.0"",""wl_low"":""380.0""}"
original_ab_hf50_lfx10_seed_220,phase1_accuracy,AB,hf50_lfx10,HF-only+AR1/co-kriging+Neural-GP MF,original_bundle,50,10,220,,,"{""fpca_var_ratio"":""0.999"",""gp_ard"":""1"",""methods"":""hf_only,ar1,ours"",""svgp_M"":""64"",""svgp_steps"":""2000"",""wl_high"":""750.0"",""wl_low"":""380.0""}"
original_ab_hf50_lfx10_seed_230,phase1_accuracy,AB,hf50_lfx10,HF-only+AR1/co-kriging+Neural-GP MF,original_bundle,50,10,230,,,"{""fpca_var_ratio"":""0.999"",""gp_ard"":""1"",""methods"":""hf_only,ar1,ours"",""svgp_M"":""64"",""svgp_steps"":""2000"",""wl_high"":""750.0"",""wl_low"":""380.0""}"
original_ab_hf50_lfx10_seed_240,phase1_accuracy,AB,hf50_lfx10,HF-only+AR1/co-kriging+Neural-GP MF,original_bundle,50,10,240,,,"{""fpca_var_ratio"":""0.999"",""gp_ard"":""1"",""methods"":""hf_only,ar1,ours"",""svgp_M"":""64"",""svgp_steps"":""2000"",""wl_high"":""750.0"",""wl_low"":""380.0""}"
original_ab_hf50_lfx10_seed_250,phase1_accuracy,AB,hf50_lfx10,HF-only+AR1/co-kriging+Neural-GP MF,original_bundle,50,10,250,,,"{""fpca_var_ratio"":""0.999"",""gp_ard"":""1"",""methods"":""hf_only,ar1,ours"",""svgp_M"":""64"",""svgp_steps"":""2000"",""wl_high"":""750.0"",""wl_low"":""380.0""}"
original_ab_hf50_lfx10_seed_260,phase1_accuracy,AB,hf50_lfx10,HF-only+AR1/co-kriging+Neural-GP MF,original_bundle,50,10,260,,,"{""fpca_var_ratio"":""0.999"",""gp_ard"":""1"",""methods"":""hf_only,ar1,ours"",""svgp_M"":""64"",""svgp_steps"":""2000"",""wl_high"":""750.0"",""wl_low"":""380.0""}"
original_ab_hf50_lfx10_seed_270,phase1_accuracy,AB,hf50_lfx10,HF-only+AR1/co-kriging+Neural-GP MF,original_bundle,50,10,270,,,"{""fpca_var_ratio"":""0.999"",""gp_ard"":""1"",""methods"":""hf_only,ar1,ours"",""svgp_M"":""64"",""svgp_steps"":""2000"",""wl_high"":""750.0"",""wl_low"":""380.0""}"
original_ab_hf50_lfx10_seed_280,phase1_accuracy,AB,hf50_lfx10,HF-only+AR1/co-kriging+Neural-GP MF,original_bundle,50,10,280,,,"{""fpca_var_ratio"":""0.999"",""gp_ard"":""1"",""methods"":""hf_only,ar1,ours"",""svgp_M"":""64"",""svgp_steps"":""2000"",""wl_high"":""750.0"",""wl_low"":""380.0""}"
original_ab_hf50_lfx10_seed_290,phase1_accuracy,AB,hf50_lfx10,HF-only+AR1/co-kriging+Neural-GP MF,original_bundle,50,10,290,,,"{""fpca_var_ratio"":""0.999"",""gp_ard"":""1"",""methods"":""hf_only,ar1,ours"",""svgp_M"":""64"",""svgp_steps"":""2000"",""wl_high"":""750.0"",""wl_low"":""380.0""}"
original_ab_hf50_lfx10_seed_300,phase1_accuracy,AB,hf50_lfx10,HF-only+AR1/co-kriging+Neural-GP MF,original_bundle,50,10,300,,,"{""fpca_var_ratio"":""0.999"",""gp_ard"":""1"",""methods"":""hf_only,ar1,ours"",""svgp_M"":""64"",""svgp_steps"":""2000"",""wl_high"":""750.0"",""wl_low"":""380.0""}"
original_ab_hf50_lfx10_seed_311,phase1_accuracy,AB,hf50_lfx10,HF-only+AR1/co-kriging+Neural-GP MF,original_bundle,50,10,311,,,"{""fpca_var_ratio"":""0.999"",""gp_ard"":""1"",""methods"":""hf_only,ar1,ours"",""svgp_M"":""64"",""svgp_steps"":""2000"",""wl_high"":""750.0"",""wl_low"":""380.0""}"
original_ab_hf50_lfx10_seed_322,phase1_accuracy,AB,hf50_lfx10,HF-only+AR1/co-kriging+Neural-GP MF,original_bundle,50,10,322,,,"{""fpca_var_ratio"":""0.999"",""gp_ard"":""1"",""methods"":""hf_only,ar1,ours"",""svgp_M"":""64"",""svgp_steps"":""2000"",""wl_high"":""750.0"",""wl_low"":""380.0""}"
original_ab_hf50_lfx10_seed_333,phase1_accuracy,AB,hf50_lfx10,HF-only+AR1/co-kriging+Neural-GP MF,original_bundle,50,10,333,,,"{""fpca_var_ratio"":""0.999"",""gp_ard"":""1"",""methods"":""hf_only,ar1,ours"",""svgp_M"":""64"",""svgp_steps"":""2000"",""wl_high"":""750.0"",""wl_low"":""380.0""}"
original_ab_hf50_lfx10_seed_344,phase1_accuracy,AB,hf50_lfx10,HF-only+AR1/co-kriging+Neural-GP MF,original_bundle,50,10,344,,,"{""fpca_var_ratio"":""0.999"",""gp_ard"":""1"",""methods"":""hf_only,ar1,ours"",""svgp_M"":""64"",""svgp_steps"":""2000"",""wl_high"":""750.0"",""wl_low"":""380.0""}"
original_ab_hf50_lfx10_seed_355,phase1_accuracy,AB,hf50_lfx10,HF-only+AR1/co-kriging+Neural-GP MF,original_bundle,50,10,355,,,"{""fpca_var_ratio"":""0.999"",""gp_ard"":""1"",""methods"":""hf_only,ar1,ours"",""svgp_M"":""64"",""svgp_steps"":""2000"",""wl_high"":""750.0"",""wl_low"":""380.0""}"
original_ab_hf50_lfx10_seed_366,phase1_accuracy,AB,hf50_lfx10,HF-only+AR1/co-kriging+Neural-GP MF,original_bundle,50,10,366,,,"{""fpca_var_ratio"":""0.999"",""gp_ard"":""1"",""methods"":""hf_only,ar1,ours"",""svgp_M"":""64"",""svgp_steps"":""2000"",""wl_high"":""750.0"",""wl_low"":""380.0""}"
original_ab_hf50_lfx10_seed_377,phase1_accuracy,AB,hf50_lfx10,HF-only+AR1/co-kriging+Neural-GP MF,original_bundle,50,10,377,,,"{""fpca_var_ratio"":""0.999"",""gp_ard"":""1"",""methods"":""hf_only,ar1,ours"",""svgp_M"":""64"",""svgp_steps"":""2000"",""wl_high"":""750.0"",""wl_low"":""380.0""}"
original_ab_hf50_lfx10_seed_388,phase1_accuracy,AB,hf50_lfx10,HF-only+AR1/co-kriging+Neural-GP MF,original_bundle,50,10,388,,,"{""fpca_var_ratio"":""0.999"",""gp_ard"":""1"",""methods"":""hf_only,ar1,ours"",""svgp_M"":""64"",""svgp_steps"":""2000"",""wl_high"":""750.0"",""wl_low"":""380.0""}"
original_ab_hf50_lfx10_seed_399,phase1_accuracy,AB,hf50_lfx10,HF-only+AR1/co-kriging+Neural-GP MF,original_bundle,50,10,399,,,"{""fpca_var_ratio"":""0.999"",""gp_ard"":""1"",""methods"":""hf_only,ar1,ours"",""svgp_M"":""64"",""svgp_steps"":""2000"",""wl_high"":""750.0"",""wl_low"":""380.0""}"
original_ab_hf50_lfx15_seed_200,phase1_accuracy,AB,hf50_lfx15,HF-only+AR1/co-kriging+Neural-GP MF,original_bundle,50,15,200,,,"{""fpca_var_ratio"":""0.999"",""gp_ard"":""1"",""methods"":""hf_only,ar1,ours"",""svgp_M"":""64"",""svgp_steps"":""2000"",""wl_high"":""750.0"",""wl_low"":""380.0""}"
original_ab_hf50_lfx15_seed_210,phase1_accuracy,AB,hf50_lfx15,HF-only+AR1/co-kriging+Neural-GP MF,original_bundle,50,15,210,,,"{""fpca_var_ratio"":""0.999"",""gp_ard"":""1"",""methods"":""hf_only,ar1,ours"",""svgp_M"":""64"",""svgp_steps"":""2000"",""wl_high"":""750.0"",""wl_low"":""380.0""}"
original_ab_hf50_lfx15_seed_220,phase1_accuracy,AB,hf50_lfx15,HF-only+AR1/co-kriging+Neural-GP MF,original_bundle,50,15,220,,,"{""fpca_var_ratio"":""0.999"",""gp_ard"":""1"",""methods"":""hf_only,ar1,ours"",""svgp_M"":""64"",""svgp_steps"":""2000"",""wl_high"":""750.0"",""wl_low"":""380.0""}"
original_ab_hf50_lfx15_seed_230,phase1_accuracy,AB,hf50_lfx15,HF-only+AR1/co-kriging+Neural-GP MF,original_bundle,50,15,230,,,"{""fpca_var_ratio"":""0.999"",""gp_ard"":""1"",""methods"":""hf_only,ar1,ours"",""svgp_M"":""64"",""svgp_steps"":""2000"",""wl_high"":""750.0"",""wl_low"":""380.0""}"
original_ab_hf50_lfx15_seed_240,phase1_accuracy,AB,hf50_lfx15,HF-only+AR1/co-kriging+Neural-GP MF,original_bundle,50,15,240,,,"{""fpca_var_ratio"":""0.999"",""gp_ard"":""1"",""methods"":""hf_only,ar1,ours"",""svgp_M"":""64"",""svgp_steps"":""2000"",""wl_high"":""750.0"",""wl_low"":""380.0""}"
original_ab_hf50_lfx15_seed_250,phase1_accuracy,AB,hf50_lfx15,HF-only+AR1/co-kriging+Neural-GP MF,original_bundle,50,15,250,,,"{""fpca_var_ratio"":""0.999"",""gp_ard"":""1"",""methods"":""hf_only,ar1,ours"",""svgp_M"":""64"",""svgp_steps"":""2000"",""wl_high"":""750.0"",""wl_low"":""380.0""}"
original_ab_hf50_lfx15_seed_260,phase1_accuracy,AB,hf50_lfx15,HF-only+AR1/co-kriging+Neural-GP MF,original_bundle,50,15,260,,,"{""fpca_var_ratio"":""0.999"",""gp_ard"":""1"",""methods"":""hf_only,ar1,ours"",""svgp_M"":""64"",""svgp_steps"":""2000"",""wl_high"":""750.0"",""wl_low"":""380.0""}"
original_ab_hf50_lfx15_seed_270,phase1_accuracy,AB,hf50_lfx15,HF-only+AR1/co-kriging+Neural-GP MF,original_bundle,50,15,270,,,"{""fpca_var_ratio"":""0.999"",""gp_ard"":""1"",""methods"":""hf_only,ar1,ours"",""svgp_M"":""64"",""svgp_steps"":""2000"",""wl_high"":""750.0"",""wl_low"":""380.0""}"
original_ab_hf50_lfx15_seed_280,phase1_accuracy,AB,hf50_lfx15,HF-only+AR1/co-kriging+Neural-GP MF,original_bundle,50,15,280,,,"{""fpca_var_ratio"":""0.999"",""gp_ard"":""1"",""methods"":""hf_only,ar1,ours"",""svgp_M"":""64"",""svgp_steps"":""2000"",""wl_high"":""750.0"",""wl_low"":""380.0""}"
original_ab_hf50_lfx15_seed_290,phase1_accuracy,AB,hf50_lfx15,HF-only+AR1/co-kriging+Neural-GP MF,original_bundle,50,15,290,,,"{""fpca_var_ratio"":""0.999"",""gp_ard"":""1"",""methods"":""hf_only,ar1,ours"",""svgp_M"":""64"",""svgp_steps"":""2000"",""wl_high"":""750.0"",""wl_low"":""380.0""}"
original_ab_hf50_lfx15_seed_300,phase1_accuracy,AB,hf50_lfx15,HF-only+AR1/co-kriging+Neural-GP MF,original_bundle,50,15,300,,,"{""fpca_var_ratio"":""0.999"",""gp_ard"":""1"",""methods"":""hf_only,ar1,ours"",""svgp_M"":""64"",""svgp_steps"":""2000"",""wl_high"":""750.0"",""wl_low"":""380.0""}"
original_ab_hf50_lfx15_seed_311,phase1_accuracy,AB,hf50_lfx15,HF-only+AR1/co-kriging+Neural-GP MF,original_bundle,50,15,311,,,"{""fpca_var_ratio"":""0.999"",""gp_ard"":""1"",""methods"":""hf_only,ar1,ours"",""svgp_M"":""64"",""svgp_steps"":""2000"",""wl_high"":""750.0"",""wl_low"":""380.0""}"
original_ab_hf50_lfx15_seed_322,phase1_accuracy,AB,hf50_lfx15,HF-only+AR1/co-kriging+Neural-GP MF,original_bundle,50,15,322,,,"{""fpca_var_ratio"":""0.999"",""gp_ard"":""1"",""methods"":""hf_only,ar1,ours"",""svgp_M"":""64"",""svgp_steps"":""2000"",""wl_high"":""750.0"",""wl_low"":""380.0""}"
original_ab_hf50_lfx15_seed_333,phase1_accuracy,AB,hf50_lfx15,HF-only+AR1/co-kriging+Neural-GP MF,original_bundle,50,15,333,,,"{""fpca_var_ratio"":""0.999"",""gp_ard"":""1"",""methods"":""hf_only,ar1,ours"",""svgp_M"":""64"",""svgp_steps"":""2000"",""wl_high"":""750.0"",""wl_low"":""380.0""}"
original_ab_hf50_lfx15_seed_344,phase1_accuracy,AB,hf50_lfx15,HF-only+AR1/co-kriging+Neural-GP MF,original_bundle,50,15,344,,,"{""fpca_var_ratio"":""0.999"",""gp_ard"":""1"",""methods"":""hf_only,ar1,ours"",""svgp_M"":""64"",""svgp_steps"":""2000"",""wl_high"":""750.0"",""wl_low"":""380.0""}"
original_ab_hf50_lfx15_seed_355,phase1_accuracy,AB,hf50_lfx15,HF-only+AR1/co-kriging+Neural-GP MF,original_bundle,50,15,355,,,"{""fpca_var_ratio"":""0.999"",""gp_ard"":""1"",""methods"":""hf_only,ar1,ours"",""svgp_M"":""64"",""svgp_steps"":""2000"",""wl_high"":""750.0"",""wl_low"":""380.0""}"
original_ab_hf50_lfx15_seed_366,phase1_accuracy,AB,hf50_lfx15,HF-only+AR1/co-kriging+Neural-GP MF,original_bundle,50,15,366,,,"{""fpca_var_ratio"":""0.999"",""gp_ard"":""1"",""methods"":""hf_only,ar1,ours"",""svgp_M"":""64"",""svgp_steps"":""2000"",""wl_high"":""750.0"",""wl_low"":""380.0""}"
original_ab_hf50_lfx15_seed_377,phase1_accuracy,AB,hf50_lfx15,HF-only+AR1/co-kriging+Neural-GP MF,original_bundle,50,15,377,,,"{""fpca_var_ratio"":""0.999"",""gp_ard"":""1"",""methods"":""hf_only,ar1,ours"",""svgp_M"":""64"",""svgp_steps"":""2000"",""wl_high"":""750.0"",""wl_low"":""380.0""}"
original_ab_hf50_lfx15_seed_388,phase1_accuracy,AB,hf50_lfx15,HF-only+AR1/co-kriging+Neural-GP MF,original_bundle,50,15,388,,,"{""fpca_var_ratio"":""0.999"",""gp_ard"":""1"",""methods"":""hf_only,ar1,ours"",""svgp_M"":""64"",""svgp_steps"":""2000"",""wl_high"":""750.0"",""wl_low"":""380.0""}"
original_ab_hf50_lfx15_seed_399,phase1_accuracy,AB,hf50_lfx15,HF-only+AR1/co-kriging+Neural-GP MF,original_bundle,50,15,399,,,"{""fpca_var_ratio"":""0.999"",""gp_ard"":""1"",""methods"":""hf_only,ar1,ours"",""svgp_M"":""64"",""svgp_steps"":""2000"",""wl_high"":""750.0"",""wl_low"":""380.0""}"
original_ab_hf100_lfx05_seed_200,phase1_accuracy,AB,hf100_lfx05,HF-only+AR1/co-kriging+Neural-GP MF,original_bundle,100,5,200,,,"{""fpca_var_ratio"":""0.999"",""gp_ard"":""1"",""methods"":""hf_only,ar1,ours"",""svgp_M"":""64"",""svgp_steps"":""2000"",""wl_high"":""750.0"",""wl_low"":""380.0""}"
original_ab_hf100_lfx05_seed_210,phase1_accuracy,AB,hf100_lfx05,HF-only+AR1/co-kriging+Neural-GP MF,original_bundle,100,5,210,,,"{""fpca_var_ratio"":""0.999"",""gp_ard"":""1"",""methods"":""hf_only,ar1,ours"",""svgp_M"":""64"",""svgp_steps"":""2000"",""wl_high"":""750.0"",""wl_low"":""380.0""}"
original_ab_hf100_lfx05_seed_220,phase1_accuracy,AB,hf100_lfx05,HF-only+AR1/co-kriging+Neural-GP MF,original_bundle,100,5,220,,,"{""fpca_var_ratio"":""0.999"",""gp_ard"":""1"",""methods"":""hf_only,ar1,ours"",""svgp_M"":""64"",""svgp_steps"":""2000"",""wl_high"":""750.0"",""wl_low"":""380.0""}"
original_ab_hf100_lfx05_seed_230,phase1_accuracy,AB,hf100_lfx05,HF-only+AR1/co-kriging+Neural-GP MF,original_bundle,100,5,230,,,"{""fpca_var_ratio"":""0.999"",""gp_ard"":""1"",""methods"":""hf_only,ar1,ours"",""svgp_M"":""64"",""svgp_steps"":""2000"",""wl_high"":""750.0"",""wl_low"":""380.0""}"
original_ab_hf100_lfx05_seed_240,phase1_accuracy,AB,hf100_lfx05,HF-only+AR1/co-kriging+Neural-GP MF,original_bundle,100,5,240,,,"{""fpca_var_ratio"":""0.999"",""gp_ard"":""1"",""methods"":""hf_only,ar1,ours"",""svgp_M"":""64"",""svgp_steps"":""2000"",""wl_high"":""750.0"",""wl_low"":""380.0""}"
original_ab_hf100_lfx05_seed_250,phase1_accuracy,AB,hf100_lfx05,HF-only+AR1/co-kriging+Neural-GP MF,original_bundle,100,5,250,,,"{""fpca_var_ratio"":""0.999"",""gp_ard"":""1"",""methods"":""hf_only,ar1,ours"",""svgp_M"":""64"",""svgp_steps"":""2000"",""wl_high"":""750.0"",""wl_low"":""380.0""}"
original_ab_hf100_lfx05_seed_260,phase1_accuracy,AB,hf100_lfx05,HF-only+AR1/co-kriging+Neural-GP MF,original_bundle,100,5,260,,,"{""fpca_var_ratio"":""0.999"",""gp_ard"":""1"",""methods"":""hf_only,ar1,ours"",""svgp_M"":""64"",""svgp_steps"":""2000"",""wl_high"":""750.0"",""wl_low"":""380.0""}"
original_ab_hf100_lfx05_seed_270,phase1_accuracy,AB,hf100_lfx05,HF-only+AR1/co-kriging+Neural-GP MF,original_bundle,100,5,270,,,"{""fpca_var_ratio"":""0.999"",""gp_ard"":""1"",""methods"":""hf_only,ar1,ours"",""svgp_M"":""64"",""svgp_steps"":""2000"",""wl_high"":""750.0"",""wl_low"":""380.0""}"
original_ab_hf100_lfx05_seed_280,phase1_accuracy,AB,hf100_lfx05,HF-only+AR1/co-kriging+Neural-GP MF,original_bundle,100,5,280,,,"{""fpca_var_ratio"":""0.999"",""gp_ard"":""1"",""methods"":""hf_only,ar1,ours"",""svgp_M"":""64"",""svgp_steps"":""2000"",""wl_high"":""750.0"",""wl_low"":""380.0""}"
original_ab_hf100_lfx05_seed_290,phase1_accuracy,AB,hf100_lfx05,HF-only+AR1/co-kriging+Neural-GP MF,original_bundle,100,5,290,,,"{""fpca_var_ratio"":""0.999"",""gp_ard"":""1"",""methods"":""hf_only,ar1,ours"",""svgp_M"":""64"",""svgp_steps"":""2000"",""wl_high"":""750.0"",""wl_low"":""380.0""}"
original_ab_hf100_lfx05_seed_300,phase1_accuracy,AB,hf100_lfx05,HF-only+AR1/co-kriging+Neural-GP MF,original_bundle,100,5,300,,,"{""fpca_var_ratio"":""0.999"",""gp_ard"":""1"",""methods"":""hf_only,ar1,ours"",""svgp_M"":""64"",""svgp_steps"":""2000"",""wl_high"":""750.0"",""wl_low"":""380.0""}"
original_ab_hf100_lfx05_seed_311,phase1_accuracy,AB,hf100_lfx05,HF-only+AR1/co-kriging+Neural-GP MF,original_bundle,100,5,311,,,"{""fpca_var_ratio"":""0.999"",""gp_ard"":""1"",""methods"":""hf_only,ar1,ours"",""svgp_M"":""64"",""svgp_steps"":""2000"",""wl_high"":""750.0"",""wl_low"":""380.0""}"
original_ab_hf100_lfx05_seed_322,phase1_accuracy,AB,hf100_lfx05,HF-only+AR1/co-kriging+Neural-GP MF,original_bundle,100,5,322,,,"{""fpca_var_ratio"":""0.999"",""gp_ard"":""1"",""methods"":""hf_only,ar1,ours"",""svgp_M"":""64"",""svgp_steps"":""2000"",""wl_high"":""750.0"",""wl_low"":""380.0""}"
original_ab_hf100_lfx05_seed_333,phase1_accuracy,AB,hf100_lfx05,HF-only+AR1/co-kriging+Neural-GP MF,original_bundle,100,5,333,,,"{""fpca_var_ratio"":""0.999"",""gp_ard"":""1"",""methods"":""hf_only,ar1,ours"",""svgp_M"":""64"",""svgp_steps"":""2000"",""wl_high"":""750.0"",""wl_low"":""380.0""}"
original_ab_hf100_lfx05_seed_344,phase1_accuracy,AB,hf100_lfx05,HF-only+AR1/co-kriging+Neural-GP MF,original_bundle,100,5,344,,,"{""fpca_var_ratio"":""0.999"",""gp_ard"":""1"",""methods"":""hf_only,ar1,ours"",""svgp_M"":""64"",""svgp_steps"":""2000"",""wl_high"":""750.0"",""wl_low"":""380.0""}"
original_ab_hf100_lfx05_seed_355,phase1_accuracy,AB,hf100_lfx05,HF-only+AR1/co-kriging+Neural-GP MF,original_bundle,100,5,355,,,"{""fpca_var_ratio"":""0.999"",""gp_ard"":""1"",""methods"":""hf_only,ar1,ours"",""svgp_M"":""64"",""svgp_steps"":""2000"",""wl_high"":""750.0"",""wl_low"":""380.0""}"
original_ab_hf100_lfx05_seed_366,phase1_accuracy,AB,hf100_lfx05,HF-only+AR1/co-kriging+Neural-GP MF,original_bundle,100,5,366,,,"{""fpca_var_ratio"":""0.999"",""gp_ard"":""1"",""methods"":""hf_only,ar1,ours"",""svgp_M"":""64"",""svgp_steps"":""2000"",""wl_high"":""750.0"",""wl_low"":""380.0""}"
original_ab_hf100_lfx05_seed_377,phase1_accuracy,AB,hf100_lfx05,HF-only+AR1/co-kriging+Neural-GP MF,original_bundle,100,5,377,,,"{""fpca_var_ratio"":""0.999"",""gp_ard"":""1"",""methods"":""hf_only,ar1,ours"",""svgp_M"":""64"",""svgp_steps"":""2000"",""wl_high"":""750.0"",""wl_low"":""380.0""}"
original_ab_hf100_lfx05_seed_388,phase1_accuracy,AB,hf100_lfx05,HF-only+AR1/co-kriging+Neural-GP MF,original_bundle,100,5,388,,,"{""fpca_var_ratio"":""0.999"",""gp_ard"":""1"",""methods"":""hf_only,ar1,ours"",""svgp_M"":""64"",""svgp_steps"":""2000"",""wl_high"":""750.0"",""wl_low"":""380.0""}"
original_ab_hf100_lfx05_seed_399,phase1_accuracy,AB,hf100_lfx05,HF-only+AR1/co-kriging+Neural-GP MF,original_bundle,100,5,399,,,"{""fpca_var_ratio"":""0.999"",""gp_ard"":""1"",""methods"":""hf_only,ar1,ours"",""svgp_M"":""64"",""svgp_steps"":""2000"",""wl_high"":""750.0"",""wl_low"":""380.0""}"
original_ab_hf100_lfx10_seed_200,phase1_accuracy,AB,hf100_lfx10,HF-only+AR1/co-kriging+Neural-GP MF,original_bundle,100,10,200,,,"{""fpca_var_ratio"":""0.999"",""gp_ard"":""1"",""methods"":""hf_only,ar1,ours"",""svgp_M"":""64"",""svgp_steps"":""2000"",""wl_high"":""750.0"",""wl_low"":""380.0""}"
original_ab_hf100_lfx10_seed_210,phase1_accuracy,AB,hf100_lfx10,HF-only+AR1/co-kriging+Neural-GP MF,original_bundle,100,10,210,,,"{""fpca_var_ratio"":""0.999"",""gp_ard"":""1"",""methods"":""hf_only,ar1,ours"",""svgp_M"":""64"",""svgp_steps"":""2000"",""wl_high"":""750.0"",""wl_low"":""380.0""}"
original_ab_hf100_lfx10_seed_220,phase1_accuracy,AB,hf100_lfx10,HF-only+AR1/co-kriging+Neural-GP MF,original_bundle,100,10,220,,,"{""fpca_var_ratio"":""0.999"",""gp_ard"":""1"",""methods"":""hf_only,ar1,ours"",""svgp_M"":""64"",""svgp_steps"":""2000"",""wl_high"":""750.0"",""wl_low"":""380.0""}"
original_ab_hf100_lfx10_seed_230,phase1_accuracy,AB,hf100_lfx10,HF-only+AR1/co-kriging+Neural-GP MF,original_bundle,100,10,230,,,"{""fpca_var_ratio"":""0.999"",""gp_ard"":""1"",""methods"":""hf_only,ar1,ours"",""svgp_M"":""64"",""svgp_steps"":""2000"",""wl_high"":""750.0"",""wl_low"":""380.0""}"
original_ab_hf100_lfx10_seed_240,phase1_accuracy,AB,hf100_lfx10,HF-only+AR1/co-kriging+Neural-GP MF,original_bundle,100,10,240,,,"{""fpca_var_ratio"":""0.999"",""gp_ard"":""1"",""methods"":""hf_only,ar1,ours"",""svgp_M"":""64"",""svgp_steps"":""2000"",""wl_high"":""750.0"",""wl_low"":""380.0""}"
original_ab_hf100_lfx10_seed_250,phase1_accuracy,AB,hf100_lfx10,HF-only+AR1/co-kriging+Neural-GP MF,original_bundle,100,10,250,,,"{""fpca_var_ratio"":""0.999"",""gp_ard"":""1"",""methods"":""hf_only,ar1,ours"",""svgp_M"":""64"",""svgp_steps"":""2000"",""wl_high"":""750.0"",""wl_low"":""380.0""}"
original_ab_hf100_lfx10_seed_260,phase1_accuracy,AB,hf100_lfx10,HF-only+AR1/co-kriging+Neural-GP MF,original_bundle,100,10,260,,,"{""fpca_var_ratio"":""0.999"",""gp_ard"":""1"",""methods"":""hf_only,ar1,ours"",""svgp_M"":""64"",""svgp_steps"":""2000"",""wl_high"":""750.0"",""wl_low"":""380.0""}"
original_ab_hf100_lfx10_seed_270,phase1_accuracy,AB,hf100_lfx10,HF-only+AR1/co-kriging+Neural-GP MF,original_bundle,100,10,270,,,"{""fpca_var_ratio"":""0.999"",""gp_ard"":""1"",""methods"":""hf_only,ar1,ours"",""svgp_M"":""64"",""svgp_steps"":""2000"",""wl_high"":""750.0"",""wl_low"":""380.0""}"
original_ab_hf100_lfx10_seed_280,phase1_accuracy,AB,hf100_lfx10,HF-only+AR1/co-kriging+Neural-GP MF,original_bundle,100,10,280,,,"{""fpca_var_ratio"":""0.999"",""gp_ard"":""1"",""methods"":""hf_only,ar1,ours"",""svgp_M"":""64"",""svgp_steps"":""2000"",""wl_high"":""750.0"",""wl_low"":""380.0""}"
original_ab_hf100_lfx10_seed_290,phase1_accuracy,AB,hf100_lfx10,HF-only+AR1/co-kriging+Neural-GP MF,original_bundle,100,10,290,,,"{""fpca_var_ratio"":""0.999"",""gp_ard"":""1"",""methods"":""hf_only,ar1,ours"",""svgp_M"":""64"",""svgp_steps"":""2000"",""wl_high"":""750.0"",""wl_low"":""380.0""}"
original_ab_hf100_lfx10_seed_300,phase1_accuracy,AB,hf100_lfx10,HF-only+AR1/co-kriging+Neural-GP MF,original_bundle,100,10,300,,,"{""fpca_var_ratio"":""0.999"",""gp_ard"":""1"",""methods"":""hf_only,ar1,ours"",""svgp_M"":""64"",""svgp_steps"":""2000"",""wl_high"":""750.0"",""wl_low"":""380.0""}"
original_ab_hf100_lfx10_seed_311,phase1_accuracy,AB,hf100_lfx10,HF-only+AR1/co-kriging+Neural-GP MF,original_bundle,100,10,311,,,"{""fpca_var_ratio"":""0.999"",""gp_ard"":""1"",""methods"":""hf_only,ar1,ours"",""svgp_M"":""64"",""svgp_steps"":""2000"",""wl_high"":""750.0"",""wl_low"":""380.0""}"
original_ab_hf100_lfx10_seed_322,phase1_accuracy,AB,hf100_lfx10,HF-only+AR1/co-kriging+Neural-GP MF,original_bundle,100,10,322,,,"{""fpca_var_ratio"":""0.999"",""gp_ard"":""1"",""methods"":""hf_only,ar1,ours"",""svgp_M"":""64"",""svgp_steps"":""2000"",""wl_high"":""750.0"",""wl_low"":""380.0""}"
original_ab_hf100_lfx10_seed_333,phase1_accuracy,AB,hf100_lfx10,HF-only+AR1/co-kriging+Neural-GP MF,original_bundle,100,10,333,,,"{""fpca_var_ratio"":""0.999"",""gp_ard"":""1"",""methods"":""hf_only,ar1,ours"",""svgp_M"":""64"",""svgp_steps"":""2000"",""wl_high"":""750.0"",""wl_low"":""380.0""}"
original_ab_hf100_lfx10_seed_344,phase1_accuracy,AB,hf100_lfx10,HF-only+AR1/co-kriging+Neural-GP MF,original_bundle,100,10,344,,,"{""fpca_var_ratio"":""0.999"",""gp_ard"":""1"",""methods"":""hf_only,ar1,ours"",""svgp_M"":""64"",""svgp_steps"":""2000"",""wl_high"":""750.0"",""wl_low"":""380.0""}"
original_ab_hf100_lfx10_seed_355,phase1_accuracy,AB,hf100_lfx10,HF-only+AR1/co-kriging+Neural-GP MF,original_bundle,100,10,355,,,"{""fpca_var_ratio"":""0.999"",""gp_ard"":""1"",""methods"":""hf_only,ar1,ours"",""svgp_M"":""64"",""svgp_steps"":""2000"",""wl_high"":""750.0"",""wl_low"":""380.0""}"
original_ab_hf100_lfx10_seed_366,phase1_accuracy,AB,hf100_lfx10,HF-only+AR1/co-kriging+Neural-GP MF,original_bundle,100,10,366,,,"{""fpca_var_ratio"":""0.999"",""gp_ard"":""1"",""methods"":""hf_only,ar1,ours"",""svgp_M"":""64"",""svgp_steps"":""2000"",""wl_high"":""750.0"",""wl_low"":""380.0""}"
original_ab_hf100_lfx10_seed_377,phase1_accuracy,AB,hf100_lfx10,HF-only+AR1/co-kriging+Neural-GP MF,original_bundle,100,10,377,,,"{""fpca_var_ratio"":""0.999"",""gp_ard"":""1"",""methods"":""hf_only,ar1,ours"",""svgp_M"":""64"",""svgp_steps"":""2000"",""wl_high"":""750.0"",""wl_low"":""380.0""}"
original_ab_hf100_lfx10_seed_388,phase1_accuracy,AB,hf100_lfx10,HF-only+AR1/co-kriging+Neural-GP MF,original_bundle,100,10,388,,,"{""fpca_var_ratio"":""0.999"",""gp_ard"":""1"",""methods"":""hf_only,ar1,ours"",""svgp_M"":""64"",""svgp_steps"":""2000"",""wl_high"":""750.0"",""wl_low"":""380.0""}"
original_ab_hf100_lfx10_seed_399,phase1_accuracy,AB,hf100_lfx10,HF-only+AR1/co-kriging+Neural-GP MF,original_bundle,100,10,399,,,"{""fpca_var_ratio"":""0.999"",""gp_ard"":""1"",""methods"":""hf_only,ar1,ours"",""svgp_M"":""64"",""svgp_steps"":""2000"",""wl_high"":""750.0"",""wl_low"":""380.0""}"
original_ab_hf100_lfx15_seed_200,phase1_accuracy,AB,hf100_lfx15,HF-only+AR1/co-kriging+Neural-GP MF,original_bundle,100,15,200,,,"{""fpca_var_ratio"":""0.999"",""gp_ard"":""1"",""methods"":""hf_only,ar1,ours"",""svgp_M"":""64"",""svgp_steps"":""2000"",""wl_high"":""750.0"",""wl_low"":""380.0""}"
original_ab_hf100_lfx15_seed_210,phase1_accuracy,AB,hf100_lfx15,HF-only+AR1/co-kriging+Neural-GP MF,original_bundle,100,15,210,,,"{""fpca_var_ratio"":""0.999"",""gp_ard"":""1"",""methods"":""hf_only,ar1,ours"",""svgp_M"":""64"",""svgp_steps"":""2000"",""wl_high"":""750.0"",""wl_low"":""380.0""}"
original_ab_hf100_lfx15_seed_220,phase1_accuracy,AB,hf100_lfx15,HF-only+AR1/co-kriging+Neural-GP MF,original_bundle,100,15,220,,,"{""fpca_var_ratio"":""0.999"",""gp_ard"":""1"",""methods"":""hf_only,ar1,ours"",""svgp_M"":""64"",""svgp_steps"":""2000"",""wl_high"":""750.0"",""wl_low"":""380.0""}"
original_ab_hf100_lfx15_seed_230,phase1_accuracy,AB,hf100_lfx15,HF-only+AR1/co-kriging+Neural-GP MF,original_bundle,100,15,230,,,"{""fpca_var_ratio"":""0.999"",""gp_ard"":""1"",""methods"":""hf_only,ar1,ours"",""svgp_M"":""64"",""svgp_steps"":""2000"",""wl_high"":""750.0"",""wl_low"":""380.0""}"
original_ab_hf100_lfx15_seed_240,phase1_accuracy,AB,hf100_lfx15,HF-only+AR1/co-kriging+Neural-GP MF,original_bundle,100,15,240,,,"{""fpca_var_ratio"":""0.999"",""gp_ard"":""1"",""methods"":""hf_only,ar1,ours"",""svgp_M"":""64"",""svgp_steps"":""2000"",""wl_high"":""750.0"",""wl_low"":""380.0""}"
original_ab_hf100_lfx15_seed_250,phase1_accuracy,AB,hf100_lfx15,HF-only+AR1/co-kriging+Neural-GP MF,original_bundle,100,15,250,,,"{""fpca_var_ratio"":""0.999"",""gp_ard"":""1"",""methods"":""hf_only,ar1,ours"",""svgp_M"":""64"",""svgp_steps"":""2000"",""wl_high"":""750.0"",""wl_low"":""380.0""}"
original_ab_hf100_lfx15_seed_260,phase1_accuracy,AB,hf100_lfx15,HF-only+AR1/co-kriging+Neural-GP MF,original_bundle,100,15,260,,,"{""fpca_var_ratio"":""0.999"",""gp_ard"":""1"",""methods"":""hf_only,ar1,ours"",""svgp_M"":""64"",""svgp_steps"":""2000"",""wl_high"":""750.0"",""wl_low"":""380.0""}"
original_ab_hf100_lfx15_seed_270,phase1_accuracy,AB,hf100_lfx15,HF-only+AR1/co-kriging+Neural-GP MF,original_bundle,100,15,270,,,"{""fpca_var_ratio"":""0.999"",""gp_ard"":""1"",""methods"":""hf_only,ar1,ours"",""svgp_M"":""64"",""svgp_steps"":""2000"",""wl_high"":""750.0"",""wl_low"":""380.0""}"
original_ab_hf100_lfx15_seed_280,phase1_accuracy,AB,hf100_lfx15,HF-only+AR1/co-kriging+Neural-GP MF,original_bundle,100,15,280,,,"{""fpca_var_ratio"":""0.999"",""gp_ard"":""1"",""methods"":""hf_only,ar1,ours"",""svgp_M"":""64"",""svgp_steps"":""2000"",""wl_high"":""750.0"",""wl_low"":""380.0""}"
original_ab_hf100_lfx15_seed_290,phase1_accuracy,AB,hf100_lfx15,HF-only+AR1/co-kriging+Neural-GP MF,original_bundle,100,15,290,,,"{""fpca_var_ratio"":""0.999"",""gp_ard"":""1"",""methods"":""hf_only,ar1,ours"",""svgp_M"":""64"",""svgp_steps"":""2000"",""wl_high"":""750.0"",""wl_low"":""380.0""}"
original_ab_hf100_lfx15_seed_300,phase1_accuracy,AB,hf100_lfx15,HF-only+AR1/co-kriging+Neural-GP MF,original_bundle,100,15,300,,,"{""fpca_var_ratio"":""0.999"",""gp_ard"":""1"",""methods"":""hf_only,ar1,ours"",""svgp_M"":""64"",""svgp_steps"":""2000"",""wl_high"":""750.0"",""wl_low"":""380.0""}"
original_ab_hf100_lfx15_seed_311,phase1_accuracy,AB,hf100_lfx15,HF-only+AR1/co-kriging+Neural-GP MF,original_bundle,100,15,311,,,"{""fpca_var_ratio"":""0.999"",""gp_ard"":""1"",""methods"":""hf_only,ar1,ours"",""svgp_M"":""64"",""svgp_steps"":""2000"",""wl_high"":""750.0"",""wl_low"":""380.0""}"
original_ab_hf100_lfx15_seed_322,phase1_accuracy,AB,hf100_lfx15,HF-only+AR1/co-kriging+Neural-GP MF,original_bundle,100,15,322,,,"{""fpca_var_ratio"":""0.999"",""gp_ard"":""1"",""methods"":""hf_only,ar1,ours"",""svgp_M"":""64"",""svgp_steps"":""2000"",""wl_high"":""750.0"",""wl_low"":""380.0""}"
original_ab_hf100_lfx15_seed_333,phase1_accuracy,AB,hf100_lfx15,HF-only+AR1/co-kriging+Neural-GP MF,original_bundle,100,15,333,,,"{""fpca_var_ratio"":""0.999"",""gp_ard"":""1"",""methods"":""hf_only,ar1,ours"",""svgp_M"":""64"",""svgp_steps"":""2000"",""wl_high"":""750.0"",""wl_low"":""380.0""}"
original_ab_hf100_lfx15_seed_344,phase1_accuracy,AB,hf100_lfx15,HF-only+AR1/co-kriging+Neural-GP MF,original_bundle,100,15,344,,,"{""fpca_var_ratio"":""0.999"",""gp_ard"":""1"",""methods"":""hf_only,ar1,ours"",""svgp_M"":""64"",""svgp_steps"":""2000"",""wl_high"":""750.0"",""wl_low"":""380.0""}"
original_ab_hf100_lfx15_seed_355,phase1_accuracy,AB,hf100_lfx15,HF-only+AR1/co-kriging+Neural-GP MF,original_bundle,100,15,355,,,"{""fpca_var_ratio"":""0.999"",""gp_ard"":""1"",""methods"":""hf_only,ar1,ours"",""svgp_M"":""64"",""svgp_steps"":""2000"",""wl_high"":""750.0"",""wl_low"":""380.0""}"
original_ab_hf100_lfx15_seed_366,phase1_accuracy,AB,hf100_lfx15,HF-only+AR1/co-kriging+Neural-GP MF,original_bundle,100,15,366,,,"{""fpca_var_ratio"":""0.999"",""gp_ard"":""1"",""methods"":""hf_only,ar1,ours"",""svgp_M"":""64"",""svgp_steps"":""2000"",""wl_high"":""750.0"",""wl_low"":""380.0""}"
original_ab_hf100_lfx15_seed_377,phase1_accuracy,AB,hf100_lfx15,HF-only+AR1/co-kriging+Neural-GP MF,original_bundle,100,15,377,,,"{""fpca_var_ratio"":""0.999"",""gp_ard"":""1"",""methods"":""hf_only,ar1,ours"",""svgp_M"":""64"",""svgp_steps"":""2000"",""wl_high"":""750.0"",""wl_low"":""380.0""}"
original_ab_hf100_lfx15_seed_388,phase1_accuracy,AB,hf100_lfx15,HF-only+AR1/co-kriging+Neural-GP MF,original_bundle,100,15,388,,,"{""fpca_var_ratio"":""0.999"",""gp_ard"":""1"",""methods"":""hf_only,ar1,ours"",""svgp_M"":""64"",""svgp_steps"":""2000"",""wl_high"":""750.0"",""wl_low"":""380.0""}"
original_ab_hf100_lfx15_seed_399,phase1_accuracy,AB,hf100_lfx15,HF-only+AR1/co-kriging+Neural-GP MF,original_bundle,100,15,399,,,"{""fpca_var_ratio"":""0.999"",""gp_ard"":""1"",""methods"":""hf_only,ar1,ours"",""svgp_M"":""64"",""svgp_steps"":""2000"",""wl_high"":""750.0"",""wl_low"":""380.0""}"
original_ab_hf200_lfx05_seed_200,phase1_accuracy,AB,hf200_lfx05,HF-only+AR1/co-kriging+Neural-GP MF,original_bundle,200,5,200,,,"{""fpca_var_ratio"":""0.999"",""gp_ard"":""1"",""methods"":""hf_only,ar1,ours"",""svgp_M"":""64"",""svgp_steps"":""2000"",""wl_high"":""750.0"",""wl_low"":""380.0""}"
original_ab_hf200_lfx05_seed_210,phase1_accuracy,AB,hf200_lfx05,HF-only+AR1/co-kriging+Neural-GP MF,original_bundle,200,5,210,,,"{""fpca_var_ratio"":""0.999"",""gp_ard"":""1"",""methods"":""hf_only,ar1,ours"",""svgp_M"":""64"",""svgp_steps"":""2000"",""wl_high"":""750.0"",""wl_low"":""380.0""}"
original_ab_hf200_lfx05_seed_220,phase1_accuracy,AB,hf200_lfx05,HF-only+AR1/co-kriging+Neural-GP MF,original_bundle,200,5,220,,,"{""fpca_var_ratio"":""0.999"",""gp_ard"":""1"",""methods"":""hf_only,ar1,ours"",""svgp_M"":""64"",""svgp_steps"":""2000"",""wl_high"":""750.0"",""wl_low"":""380.0""}"
original_ab_hf200_lfx05_seed_230,phase1_accuracy,AB,hf200_lfx05,HF-only+AR1/co-kriging+Neural-GP MF,original_bundle,200,5,230,,,"{""fpca_var_ratio"":""0.999"",""gp_ard"":""1"",""methods"":""hf_only,ar1,ours"",""svgp_M"":""64"",""svgp_steps"":""2000"",""wl_high"":""750.0"",""wl_low"":""380.0""}"
original_ab_hf200_lfx05_seed_240,phase1_accuracy,AB,hf200_lfx05,HF-only+AR1/co-kriging+Neural-GP MF,original_bundle,200,5,240,,,"{""fpca_var_ratio"":""0.999"",""gp_ard"":""1"",""methods"":""hf_only,ar1,ours"",""svgp_M"":""64"",""svgp_steps"":""2000"",""wl_high"":""750.0"",""wl_low"":""380.0""}"
original_ab_hf200_lfx05_seed_250,phase1_accuracy,AB,hf200_lfx05,HF-only+AR1/co-kriging+Neural-GP MF,original_bundle,200,5,250,,,"{""fpca_var_ratio"":""0.999"",""gp_ard"":""1"",""methods"":""hf_only,ar1,ours"",""svgp_M"":""64"",""svgp_steps"":""2000"",""wl_high"":""750.0"",""wl_low"":""380.0""}"
original_ab_hf200_lfx05_seed_260,phase1_accuracy,AB,hf200_lfx05,HF-only+AR1/co-kriging+Neural-GP MF,original_bundle,200,5,260,,,"{""fpca_var_ratio"":""0.999"",""gp_ard"":""1"",""methods"":""hf_only,ar1,ours"",""svgp_M"":""64"",""svgp_steps"":""2000"",""wl_high"":""750.0"",""wl_low"":""380.0""}"
original_ab_hf200_lfx05_seed_270,phase1_accuracy,AB,hf200_lfx05,HF-only+AR1/co-kriging+Neural-GP MF,original_bundle,200,5,270,,,"{""fpca_var_ratio"":""0.999"",""gp_ard"":""1"",""methods"":""hf_only,ar1,ours"",""svgp_M"":""64"",""svgp_steps"":""2000"",""wl_high"":""750.0"",""wl_low"":""380.0""}"
original_ab_hf200_lfx05_seed_280,phase1_accuracy,AB,hf200_lfx05,HF-only+AR1/co-kriging+Neural-GP MF,original_bundle,200,5,280,,,"{""fpca_var_ratio"":""0.999"",""gp_ard"":""1"",""methods"":""hf_only,ar1,ours"",""svgp_M"":""64"",""svgp_steps"":""2000"",""wl_high"":""750.0"",""wl_low"":""380.0""}"
original_ab_hf200_lfx05_seed_290,phase1_accuracy,AB,hf200_lfx05,HF-only+AR1/co-kriging+Neural-GP MF,original_bundle,200,5,290,,,"{""fpca_var_ratio"":""0.999"",""gp_ard"":""1"",""methods"":""hf_only,ar1,ours"",""svgp_M"":""64"",""svgp_steps"":""2000"",""wl_high"":""750.0"",""wl_low"":""380.0""}"
original_ab_hf200_lfx05_seed_300,phase1_accuracy,AB,hf200_lfx05,HF-only+AR1/co-kriging+Neural-GP MF,original_bundle,200,5,300,,,"{""fpca_var_ratio"":""0.999"",""gp_ard"":""1"",""methods"":""hf_only,ar1,ours"",""svgp_M"":""64"",""svgp_steps"":""2000"",""wl_high"":""750.0"",""wl_low"":""380.0""}"
original_ab_hf200_lfx05_seed_311,phase1_accuracy,AB,hf200_lfx05,HF-only+AR1/co-kriging+Neural-GP MF,original_bundle,200,5,311,,,"{""fpca_var_ratio"":""0.999"",""gp_ard"":""1"",""methods"":""hf_only,ar1,ours"",""svgp_M"":""64"",""svgp_steps"":""2000"",""wl_high"":""750.0"",""wl_low"":""380.0""}"
original_ab_hf200_lfx05_seed_322,phase1_accuracy,AB,hf200_lfx05,HF-only+AR1/co-kriging+Neural-GP MF,original_bundle,200,5,322,,,"{""fpca_var_ratio"":""0.999"",""gp_ard"":""1"",""methods"":""hf_only,ar1,ours"",""svgp_M"":""64"",""svgp_steps"":""2000"",""wl_high"":""750.0"",""wl_low"":""380.0""}"
original_ab_hf200_lfx05_seed_333,phase1_accuracy,AB,hf200_lfx05,HF-only+AR1/co-kriging+Neural-GP MF,original_bundle,200,5,333,,,"{""fpca_var_ratio"":""0.999"",""gp_ard"":""1"",""methods"":""hf_only,ar1,ours"",""svgp_M"":""64"",""svgp_steps"":""2000"",""wl_high"":""750.0"",""wl_low"":""380.0""}"
original_ab_hf200_lfx05_seed_344,phase1_accuracy,AB,hf200_lfx05,HF-only+AR1/co-kriging+Neural-GP MF,original_bundle,200,5,344,,,"{""fpca_var_ratio"":""0.999"",""gp_ard"":""1"",""methods"":""hf_only,ar1,ours"",""svgp_M"":""64"",""svgp_steps"":""2000"",""wl_high"":""750.0"",""wl_low"":""380.0""}"
original_ab_hf200_lfx05_seed_355,phase1_accuracy,AB,hf200_lfx05,HF-only+AR1/co-kriging+Neural-GP MF,original_bundle,200,5,355,,,"{""fpca_var_ratio"":""0.999"",""gp_ard"":""1"",""methods"":""hf_only,ar1,ours"",""svgp_M"":""64"",""svgp_steps"":""2000"",""wl_high"":""750.0"",""wl_low"":""380.0""}"
original_ab_hf200_lfx05_seed_366,phase1_accuracy,AB,hf200_lfx05,HF-only+AR1/co-kriging+Neural-GP MF,original_bundle,200,5,366,,,"{""fpca_var_ratio"":""0.999"",""gp_ard"":""1"",""methods"":""hf_only,ar1,ours"",""svgp_M"":""64"",""svgp_steps"":""2000"",""wl_high"":""750.0"",""wl_low"":""380.0""}"
original_ab_hf200_lfx05_seed_377,phase1_accuracy,AB,hf200_lfx05,HF-only+AR1/co-kriging+Neural-GP MF,original_bundle,200,5,377,,,"{""fpca_var_ratio"":""0.999"",""gp_ard"":""1"",""methods"":""hf_only,ar1,ours"",""svgp_M"":""64"",""svgp_steps"":""2000"",""wl_high"":""750.0"",""wl_low"":""380.0""}"
original_ab_hf200_lfx05_seed_388,phase1_accuracy,AB,hf200_lfx05,HF-only+AR1/co-kriging+Neural-GP MF,original_bundle,200,5,388,,,"{""fpca_var_ratio"":""0.999"",""gp_ard"":""1"",""methods"":""hf_only,ar1,ours"",""svgp_M"":""64"",""svgp_steps"":""2000"",""wl_high"":""750.0"",""wl_low"":""380.0""}"
original_ab_hf200_lfx05_seed_399,phase1_accuracy,AB,hf200_lfx05,HF-only+AR1/co-kriging+Neural-GP MF,original_bundle,200,5,399,,,"{""fpca_var_ratio"":""0.999"",""gp_ard"":""1"",""methods"":""hf_only,ar1,ours"",""svgp_M"":""64"",""svgp_steps"":""2000"",""wl_high"":""750.0"",""wl_low"":""380.0""}"
original_ab_hf200_lfx10_seed_200,phase1_accuracy,AB,hf200_lfx10,HF-only+AR1/co-kriging+Neural-GP MF,original_bundle,200,10,200,,,"{""fpca_var_ratio"":""0.999"",""gp_ard"":""1"",""methods"":""hf_only,ar1,ours"",""svgp_M"":""64"",""svgp_steps"":""2000"",""wl_high"":""750.0"",""wl_low"":""380.0""}"
original_ab_hf200_lfx10_seed_210,phase1_accuracy,AB,hf200_lfx10,HF-only+AR1/co-kriging+Neural-GP MF,original_bundle,200,10,210,,,"{""fpca_var_ratio"":""0.999"",""gp_ard"":""1"",""methods"":""hf_only,ar1,ours"",""svgp_M"":""64"",""svgp_steps"":""2000"",""wl_high"":""750.0"",""wl_low"":""380.0""}"
original_ab_hf200_lfx10_seed_220,phase1_accuracy,AB,hf200_lfx10,HF-only+AR1/co-kriging+Neural-GP MF,original_bundle,200,10,220,,,"{""fpca_var_ratio"":""0.999"",""gp_ard"":""1"",""methods"":""hf_only,ar1,ours"",""svgp_M"":""64"",""svgp_steps"":""2000"",""wl_high"":""750.0"",""wl_low"":""380.0""}"
original_ab_hf200_lfx10_seed_230,phase1_accuracy,AB,hf200_lfx10,HF-only+AR1/co-kriging+Neural-GP MF,original_bundle,200,10,230,,,"{""fpca_var_ratio"":""0.999"",""gp_ard"":""1"",""methods"":""hf_only,ar1,ours"",""svgp_M"":""64"",""svgp_steps"":""2000"",""wl_high"":""750.0"",""wl_low"":""380.0""}"
original_ab_hf200_lfx10_seed_240,phase1_accuracy,AB,hf200_lfx10,HF-only+AR1/co-kriging+Neural-GP MF,original_bundle,200,10,240,,,"{""fpca_var_ratio"":""0.999"",""gp_ard"":""1"",""methods"":""hf_only,ar1,ours"",""svgp_M"":""64"",""svgp_steps"":""2000"",""wl_high"":""750.0"",""wl_low"":""380.0""}"
original_ab_hf200_lfx10_seed_250,phase1_accuracy,AB,hf200_lfx10,HF-only+AR1/co-kriging+Neural-GP MF,original_bundle,200,10,250,,,"{""fpca_var_ratio"":""0.999"",""gp_ard"":""1"",""methods"":""hf_only,ar1,ours"",""svgp_M"":""64"",""svgp_steps"":""2000"",""wl_high"":""750.0"",""wl_low"":""380.0""}"
original_ab_hf200_lfx10_seed_260,phase1_accuracy,AB,hf200_lfx10,HF-only+AR1/co-kriging+Neural-GP MF,original_bundle,200,10,260,,,"{""fpca_var_ratio"":""0.999"",""gp_ard"":""1"",""methods"":""hf_only,ar1,ours"",""svgp_M"":""64"",""svgp_steps"":""2000"",""wl_high"":""750.0"",""wl_low"":""380.0""}"
original_ab_hf200_lfx10_seed_270,phase1_accuracy,AB,hf200_lfx10,HF-only+AR1/co-kriging+Neural-GP MF,original_bundle,200,10,270,,,"{""fpca_var_ratio"":""0.999"",""gp_ard"":""1"",""methods"":""hf_only,ar1,ours"",""svgp_M"":""64"",""svgp_steps"":""2000"",""wl_high"":""750.0"",""wl_low"":""380.0""}"
original_ab_hf200_lfx10_seed_280,phase1_accuracy,AB,hf200_lfx10,HF-only+AR1/co-kriging+Neural-GP MF,original_bundle,200,10,280,,,"{""fpca_var_ratio"":""0.999"",""gp_ard"":""1"",""methods"":""hf_only,ar1,ours"",""svgp_M"":""64"",""svgp_steps"":""2000"",""wl_high"":""750.0"",""wl_low"":""380.0""}"
original_ab_hf200_lfx10_seed_290,phase1_accuracy,AB,hf200_lfx10,HF-only+AR1/co-kriging+Neural-GP MF,original_bundle,200,10,290,,,"{""fpca_var_ratio"":""0.999"",""gp_ard"":""1"",""methods"":""hf_only,ar1,ours"",""svgp_M"":""64"",""svgp_steps"":""2000"",""wl_high"":""750.0"",""wl_low"":""380.0""}"
original_ab_hf200_lfx10_seed_300,phase1_accuracy,AB,hf200_lfx10,HF-only+AR1/co-kriging+Neural-GP MF,original_bundle,200,10,300,,,"{""fpca_var_ratio"":""0.999"",""gp_ard"":""1"",""methods"":""hf_only,ar1,ours"",""svgp_M"":""64"",""svgp_steps"":""2000"",""wl_high"":""750.0"",""wl_low"":""380.0""}"
original_ab_hf200_lfx10_seed_311,phase1_accuracy,AB,hf200_lfx10,HF-only+AR1/co-kriging+Neural-GP MF,original_bundle,200,10,311,,,"{""fpca_var_ratio"":""0.999"",""gp_ard"":""1"",""methods"":""hf_only,ar1,ours"",""svgp_M"":""64"",""svgp_steps"":""2000"",""wl_high"":""750.0"",""wl_low"":""380.0""}"
original_ab_hf200_lfx10_seed_322,phase1_accuracy,AB,hf200_lfx10,HF-only+AR1/co-kriging+Neural-GP MF,original_bundle,200,10,322,,,"{""fpca_var_ratio"":""0.999"",""gp_ard"":""1"",""methods"":""hf_only,ar1,ours"",""svgp_M"":""64"",""svgp_steps"":""2000"",""wl_high"":""750.0"",""wl_low"":""380.0""}"
original_ab_hf200_lfx10_seed_333,phase1_accuracy,AB,hf200_lfx10,HF-only+AR1/co-kriging+Neural-GP MF,original_bundle,200,10,333,,,"{""fpca_var_ratio"":""0.999"",""gp_ard"":""1"",""methods"":""hf_only,ar1,ours"",""svgp_M"":""64"",""svgp_steps"":""2000"",""wl_high"":""750.0"",""wl_low"":""380.0""}"
original_ab_hf200_lfx10_seed_344,phase1_accuracy,AB,hf200_lfx10,HF-only+AR1/co-kriging+Neural-GP MF,original_bundle,200,10,344,,,"{""fpca_var_ratio"":""0.999"",""gp_ard"":""1"",""methods"":""hf_only,ar1,ours"",""svgp_M"":""64"",""svgp_steps"":""2000"",""wl_high"":""750.0"",""wl_low"":""380.0""}"
original_ab_hf200_lfx10_seed_355,phase1_accuracy,AB,hf200_lfx10,HF-only+AR1/co-kriging+Neural-GP MF,original_bundle,200,10,355,,,"{""fpca_var_ratio"":""0.999"",""gp_ard"":""1"",""methods"":""hf_only,ar1,ours"",""svgp_M"":""64"",""svgp_steps"":""2000"",""wl_high"":""750.0"",""wl_low"":""380.0""}"
original_ab_hf200_lfx10_seed_366,phase1_accuracy,AB,hf200_lfx10,HF-only+AR1/co-kriging+Neural-GP MF,original_bundle,200,10,366,,,"{""fpca_var_ratio"":""0.999"",""gp_ard"":""1"",""methods"":""hf_only,ar1,ours"",""svgp_M"":""64"",""svgp_steps"":""2000"",""wl_high"":""750.0"",""wl_low"":""380.0""}"
original_ab_hf200_lfx10_seed_377,phase1_accuracy,AB,hf200_lfx10,HF-only+AR1/co-kriging+Neural-GP MF,original_bundle,200,10,377,,,"{""fpca_var_ratio"":""0.999"",""gp_ard"":""1"",""methods"":""hf_only,ar1,ours"",""svgp_M"":""64"",""svgp_steps"":""2000"",""wl_high"":""750.0"",""wl_low"":""380.0""}"
original_ab_hf200_lfx10_seed_388,phase1_accuracy,AB,hf200_lfx10,HF-only+AR1/co-kriging+Neural-GP MF,original_bundle,200,10,388,,,"{""fpca_var_ratio"":""0.999"",""gp_ard"":""1"",""methods"":""hf_only,ar1,ours"",""svgp_M"":""64"",""svgp_steps"":""2000"",""wl_high"":""750.0"",""wl_low"":""380.0""}"
original_ab_hf200_lfx10_seed_399,phase1_accuracy,AB,hf200_lfx10,HF-only+AR1/co-kriging+Neural-GP MF,original_bundle,200,10,399,,,"{""fpca_var_ratio"":""0.999"",""gp_ard"":""1"",""methods"":""hf_only,ar1,ours"",""svgp_M"":""64"",""svgp_steps"":""2000"",""wl_high"":""750.0"",""wl_low"":""380.0""}"
original_ab_hf200_lfx15_seed_200,phase1_accuracy,AB,hf200_lfx15,HF-only+AR1/co-kriging+Neural-GP MF,original_bundle,200,15,200,,,"{""fpca_var_ratio"":""0.999"",""gp_ard"":""1"",""methods"":""hf_only,ar1,ours"",""svgp_M"":""64"",""svgp_steps"":""2000"",""wl_high"":""750.0"",""wl_low"":""380.0""}"
original_ab_hf200_lfx15_seed_210,phase1_accuracy,AB,hf200_lfx15,HF-only+AR1/co-kriging+Neural-GP MF,original_bundle,200,15,210,,,"{""fpca_var_ratio"":""0.999"",""gp_ard"":""1"",""methods"":""hf_only,ar1,ours"",""svgp_M"":""64"",""svgp_steps"":""2000"",""wl_high"":""750.0"",""wl_low"":""380.0""}"
original_ab_hf200_lfx15_seed_220,phase1_accuracy,AB,hf200_lfx15,HF-only+AR1/co-kriging+Neural-GP MF,original_bundle,200,15,220,,,"{""fpca_var_ratio"":""0.999"",""gp_ard"":""1"",""methods"":""hf_only,ar1,ours"",""svgp_M"":""64"",""svgp_steps"":""2000"",""wl_high"":""750.0"",""wl_low"":""380.0""}"
original_ab_hf200_lfx15_seed_230,phase1_accuracy,AB,hf200_lfx15,HF-only+AR1/co-kriging+Neural-GP MF,original_bundle,200,15,230,,,"{""fpca_var_ratio"":""0.999"",""gp_ard"":""1"",""methods"":""hf_only,ar1,ours"",""svgp_M"":""64"",""svgp_steps"":""2000"",""wl_high"":""750.0"",""wl_low"":""380.0""}"
original_ab_hf200_lfx15_seed_240,phase1_accuracy,AB,hf200_lfx15,HF-only+AR1/co-kriging+Neural-GP MF,original_bundle,200,15,240,,,"{""fpca_var_ratio"":""0.999"",""gp_ard"":""1"",""methods"":""hf_only,ar1,ours"",""svgp_M"":""64"",""svgp_steps"":""2000"",""wl_high"":""750.0"",""wl_low"":""380.0""}"
original_ab_hf200_lfx15_seed_250,phase1_accuracy,AB,hf200_lfx15,HF-only+AR1/co-kriging+Neural-GP MF,original_bundle,200,15,250,,,"{""fpca_var_ratio"":""0.999"",""gp_ard"":""1"",""methods"":""hf_only,ar1,ours"",""svgp_M"":""64"",""svgp_steps"":""2000"",""wl_high"":""750.0"",""wl_low"":""380.0""}"
original_ab_hf200_lfx15_seed_260,phase1_accuracy,AB,hf200_lfx15,HF-only+AR1/co-kriging+Neural-GP MF,original_bundle,200,15,260,,,"{""fpca_var_ratio"":""0.999"",""gp_ard"":""1"",""methods"":""hf_only,ar1,ours"",""svgp_M"":""64"",""svgp_steps"":""2000"",""wl_high"":""750.0"",""wl_low"":""380.0""}"
original_ab_hf200_lfx15_seed_270,phase1_accuracy,AB,hf200_lfx15,HF-only+AR1/co-kriging+Neural-GP MF,original_bundle,200,15,270,,,"{""fpca_var_ratio"":""0.999"",""gp_ard"":""1"",""methods"":""hf_only,ar1,ours"",""svgp_M"":""64"",""svgp_steps"":""2000"",""wl_high"":""750.0"",""wl_low"":""380.0""}"
original_ab_hf200_lfx15_seed_280,phase1_accuracy,AB,hf200_lfx15,HF-only+AR1/co-kriging+Neural-GP MF,original_bundle,200,15,280,,,"{""fpca_var_ratio"":""0.999"",""gp_ard"":""1"",""methods"":""hf_only,ar1,ours"",""svgp_M"":""64"",""svgp_steps"":""2000"",""wl_high"":""750.0"",""wl_low"":""380.0""}"
original_ab_hf200_lfx15_seed_290,phase1_accuracy,AB,hf200_lfx15,HF-only+AR1/co-kriging+Neural-GP MF,original_bundle,200,15,290,,,"{""fpca_var_ratio"":""0.999"",""gp_ard"":""1"",""methods"":""hf_only,ar1,ours"",""svgp_M"":""64"",""svgp_steps"":""2000"",""wl_high"":""750.0"",""wl_low"":""380.0""}"
original_ab_hf200_lfx15_seed_300,phase1_accuracy,AB,hf200_lfx15,HF-only+AR1/co-kriging+Neural-GP MF,original_bundle,200,15,300,,,"{""fpca_var_ratio"":""0.999"",""gp_ard"":""1"",""methods"":""hf_only,ar1,ours"",""svgp_M"":""64"",""svgp_steps"":""2000"",""wl_high"":""750.0"",""wl_low"":""380.0""}"
original_ab_hf200_lfx15_seed_311,phase1_accuracy,AB,hf200_lfx15,HF-only+AR1/co-kriging+Neural-GP MF,original_bundle,200,15,311,,,"{""fpca_var_ratio"":""0.999"",""gp_ard"":""1"",""methods"":""hf_only,ar1,ours"",""svgp_M"":""64"",""svgp_steps"":""2000"",""wl_high"":""750.0"",""wl_low"":""380.0""}"
original_ab_hf200_lfx15_seed_322,phase1_accuracy,AB,hf200_lfx15,HF-only+AR1/co-kriging+Neural-GP MF,original_bundle,200,15,322,,,"{""fpca_var_ratio"":""0.999"",""gp_ard"":""1"",""methods"":""hf_only,ar1,ours"",""svgp_M"":""64"",""svgp_steps"":""2000"",""wl_high"":""750.0"",""wl_low"":""380.0""}"
original_ab_hf200_lfx15_seed_333,phase1_accuracy,AB,hf200_lfx15,HF-only+AR1/co-kriging+Neural-GP MF,original_bundle,200,15,333,,,"{""fpca_var_ratio"":""0.999"",""gp_ard"":""1"",""methods"":""hf_only,ar1,ours"",""svgp_M"":""64"",""svgp_steps"":""2000"",""wl_high"":""750.0"",""wl_low"":""380.0""}"
original_ab_hf200_lfx15_seed_344,phase1_accuracy,AB,hf200_lfx15,HF-only+AR1/co-kriging+Neural-GP MF,original_bundle,200,15,344,,,"{""fpca_var_ratio"":""0.999"",""gp_ard"":""1"",""methods"":""hf_only,ar1,ours"",""svgp_M"":""64"",""svgp_steps"":""2000"",""wl_high"":""750.0"",""wl_low"":""380.0""}"
original_ab_hf200_lfx15_seed_355,phase1_accuracy,AB,hf200_lfx15,HF-only+AR1/co-kriging+Neural-GP MF,original_bundle,200,15,355,,,"{""fpca_var_ratio"":""0.999"",""gp_ard"":""1"",""methods"":""hf_only,ar1,ours"",""svgp_M"":""64"",""svgp_steps"":""2000"",""wl_high"":""750.0"",""wl_low"":""380.0""}"
original_ab_hf200_lfx15_seed_366,phase1_accuracy,AB,hf200_lfx15,HF-only+AR1/co-kriging+Neural-GP MF,original_bundle,200,15,366,,,"{""fpca_var_ratio"":""0.999"",""gp_ard"":""1"",""methods"":""hf_only,ar1,ours"",""svgp_M"":""64"",""svgp_steps"":""2000"",""wl_high"":""750.0"",""wl_low"":""380.0""}"
original_ab_hf200_lfx15_seed_377,phase1_accuracy,AB,hf200_lfx15,HF-only+AR1/co-kriging+Neural-GP MF,original_bundle,200,15,377,,,"{""fpca_var_ratio"":""0.999"",""gp_ard"":""1"",""methods"":""hf_only,ar1,ours"",""svgp_M"":""64"",""svgp_steps"":""2000"",""wl_high"":""750.0"",""wl_low"":""380.0""}"
original_ab_hf200_lfx15_seed_388,phase1_accuracy,AB,hf200_lfx15,HF-only+AR1/co-kriging+Neural-GP MF,original_bundle,200,15,388,,,"{""fpca_var_ratio"":""0.999"",""gp_ard"":""1"",""methods"":""hf_only,ar1,ours"",""svgp_M"":""64"",""svgp_steps"":""2000"",""wl_high"":""750.0"",""wl_low"":""380.0""}"
original_ab_hf200_lfx15_seed_399,phase1_accuracy,AB,hf200_lfx15,HF-only+AR1/co-kriging+Neural-GP MF,original_bundle,200,15,399,,,"{""fpca_var_ratio"":""0.999"",""gp_ard"":""1"",""methods"":""hf_only,ar1,ours"",""svgp_M"":""64"",""svgp_steps"":""2000"",""wl_high"":""750.0"",""wl_low"":""380.0""}"
original_ab_hf300_lfx05_seed_200,phase1_accuracy,AB,hf300_lfx05,HF-only+AR1/co-kriging+Neural-GP MF,original_bundle,300,5,200,,,"{""fpca_var_ratio"":""0.999"",""gp_ard"":""1"",""methods"":""hf_only,ar1,ours"",""svgp_M"":""64"",""svgp_steps"":""2000"",""wl_high"":""750.0"",""wl_low"":""380.0""}"
original_ab_hf300_lfx05_seed_210,phase1_accuracy,AB,hf300_lfx05,HF-only+AR1/co-kriging+Neural-GP MF,original_bundle,300,5,210,,,"{""fpca_var_ratio"":""0.999"",""gp_ard"":""1"",""methods"":""hf_only,ar1,ours"",""svgp_M"":""64"",""svgp_steps"":""2000"",""wl_high"":""750.0"",""wl_low"":""380.0""}"
original_ab_hf300_lfx05_seed_220,phase1_accuracy,AB,hf300_lfx05,HF-only+AR1/co-kriging+Neural-GP MF,original_bundle,300,5,220,,,"{""fpca_var_ratio"":""0.999"",""gp_ard"":""1"",""methods"":""hf_only,ar1,ours"",""svgp_M"":""64"",""svgp_steps"":""2000"",""wl_high"":""750.0"",""wl_low"":""380.0""}"
original_ab_hf300_lfx05_seed_230,phase1_accuracy,AB,hf300_lfx05,HF-only+AR1/co-kriging+Neural-GP MF,original_bundle,300,5,230,,,"{""fpca_var_ratio"":""0.999"",""gp_ard"":""1"",""methods"":""hf_only,ar1,ours"",""svgp_M"":""64"",""svgp_steps"":""2000"",""wl_high"":""750.0"",""wl_low"":""380.0""}"
original_ab_hf300_lfx05_seed_240,phase1_accuracy,AB,hf300_lfx05,HF-only+AR1/co-kriging+Neural-GP MF,original_bundle,300,5,240,,,"{""fpca_var_ratio"":""0.999"",""gp_ard"":""1"",""methods"":""hf_only,ar1,ours"",""svgp_M"":""64"",""svgp_steps"":""2000"",""wl_high"":""750.0"",""wl_low"":""380.0""}"
original_ab_hf300_lfx05_seed_250,phase1_accuracy,AB,hf300_lfx05,HF-only+AR1/co-kriging+Neural-GP MF,original_bundle,300,5,250,,,"{""fpca_var_ratio"":""0.999"",""gp_ard"":""1"",""methods"":""hf_only,ar1,ours"",""svgp_M"":""64"",""svgp_steps"":""2000"",""wl_high"":""750.0"",""wl_low"":""380.0""}"
original_ab_hf300_lfx05_seed_260,phase1_accuracy,AB,hf300_lfx05,HF-only+AR1/co-kriging+Neural-GP MF,original_bundle,300,5,260,,,"{""fpca_var_ratio"":""0.999"",""gp_ard"":""1"",""methods"":""hf_only,ar1,ours"",""svgp_M"":""64"",""svgp_steps"":""2000"",""wl_high"":""750.0"",""wl_low"":""380.0""}"
original_ab_hf300_lfx05_seed_270,phase1_accuracy,AB,hf300_lfx05,HF-only+AR1/co-kriging+Neural-GP MF,original_bundle,300,5,270,,,"{""fpca_var_ratio"":""0.999"",""gp_ard"":""1"",""methods"":""hf_only,ar1,ours"",""svgp_M"":""64"",""svgp_steps"":""2000"",""wl_high"":""750.0"",""wl_low"":""380.0""}"
original_ab_hf300_lfx05_seed_280,phase1_accuracy,AB,hf300_lfx05,HF-only+AR1/co-kriging+Neural-GP MF,original_bundle,300,5,280,,,"{""fpca_var_ratio"":""0.999"",""gp_ard"":""1"",""methods"":""hf_only,ar1,ours"",""svgp_M"":""64"",""svgp_steps"":""2000"",""wl_high"":""750.0"",""wl_low"":""380.0""}"
original_ab_hf300_lfx05_seed_290,phase1_accuracy,AB,hf300_lfx05,HF-only+AR1/co-kriging+Neural-GP MF,original_bundle,300,5,290,,,"{""fpca_var_ratio"":""0.999"",""gp_ard"":""1"",""methods"":""hf_only,ar1,ours"",""svgp_M"":""64"",""svgp_steps"":""2000"",""wl_high"":""750.0"",""wl_low"":""380.0""}"
original_ab_hf300_lfx05_seed_300,phase1_accuracy,AB,hf300_lfx05,HF-only+AR1/co-kriging+Neural-GP MF,original_bundle,300,5,300,,,"{""fpca_var_ratio"":""0.999"",""gp_ard"":""1"",""methods"":""hf_only,ar1,ours"",""svgp_M"":""64"",""svgp_steps"":""2000"",""wl_high"":""750.0"",""wl_low"":""380.0""}"
original_ab_hf300_lfx05_seed_311,phase1_accuracy,AB,hf300_lfx05,HF-only+AR1/co-kriging+Neural-GP MF,original_bundle,300,5,311,,,"{""fpca_var_ratio"":""0.999"",""gp_ard"":""1"",""methods"":""hf_only,ar1,ours"",""svgp_M"":""64"",""svgp_steps"":""2000"",""wl_high"":""750.0"",""wl_low"":""380.0""}"
original_ab_hf300_lfx05_seed_322,phase1_accuracy,AB,hf300_lfx05,HF-only+AR1/co-kriging+Neural-GP MF,original_bundle,300,5,322,,,"{""fpca_var_ratio"":""0.999"",""gp_ard"":""1"",""methods"":""hf_only,ar1,ours"",""svgp_M"":""64"",""svgp_steps"":""2000"",""wl_high"":""750.0"",""wl_low"":""380.0""}"
original_ab_hf300_lfx05_seed_333,phase1_accuracy,AB,hf300_lfx05,HF-only+AR1/co-kriging+Neural-GP MF,original_bundle,300,5,333,,,"{""fpca_var_ratio"":""0.999"",""gp_ard"":""1"",""methods"":""hf_only,ar1,ours"",""svgp_M"":""64"",""svgp_steps"":""2000"",""wl_high"":""750.0"",""wl_low"":""380.0""}"
original_ab_hf300_lfx05_seed_344,phase1_accuracy,AB,hf300_lfx05,HF-only+AR1/co-kriging+Neural-GP MF,original_bundle,300,5,344,,,"{""fpca_var_ratio"":""0.999"",""gp_ard"":""1"",""methods"":""hf_only,ar1,ours"",""svgp_M"":""64"",""svgp_steps"":""2000"",""wl_high"":""750.0"",""wl_low"":""380.0""}"
original_ab_hf300_lfx05_seed_355,phase1_accuracy,AB,hf300_lfx05,HF-only+AR1/co-kriging+Neural-GP MF,original_bundle,300,5,355,,,"{""fpca_var_ratio"":""0.999"",""gp_ard"":""1"",""methods"":""hf_only,ar1,ours"",""svgp_M"":""64"",""svgp_steps"":""2000"",""wl_high"":""750.0"",""wl_low"":""380.0""}"
original_ab_hf300_lfx05_seed_366,phase1_accuracy,AB,hf300_lfx05,HF-only+AR1/co-kriging+Neural-GP MF,original_bundle,300,5,366,,,"{""fpca_var_ratio"":""0.999"",""gp_ard"":""1"",""methods"":""hf_only,ar1,ours"",""svgp_M"":""64"",""svgp_steps"":""2000"",""wl_high"":""750.0"",""wl_low"":""380.0""}"
original_ab_hf300_lfx05_seed_377,phase1_accuracy,AB,hf300_lfx05,HF-only+AR1/co-kriging+Neural-GP MF,original_bundle,300,5,377,,,"{""fpca_var_ratio"":""0.999"",""gp_ard"":""1"",""methods"":""hf_only,ar1,ours"",""svgp_M"":""64"",""svgp_steps"":""2000"",""wl_high"":""750.0"",""wl_low"":""380.0""}"
original_ab_hf300_lfx05_seed_388,phase1_accuracy,AB,hf300_lfx05,HF-only+AR1/co-kriging+Neural-GP MF,original_bundle,300,5,388,,,"{""fpca_var_ratio"":""0.999"",""gp_ard"":""1"",""methods"":""hf_only,ar1,ours"",""svgp_M"":""64"",""svgp_steps"":""2000"",""wl_high"":""750.0"",""wl_low"":""380.0""}"
original_ab_hf300_lfx05_seed_399,phase1_accuracy,AB,hf300_lfx05,HF-only+AR1/co-kriging+Neural-GP MF,original_bundle,300,5,399,,,"{""fpca_var_ratio"":""0.999"",""gp_ard"":""1"",""methods"":""hf_only,ar1,ours"",""svgp_M"":""64"",""svgp_steps"":""2000"",""wl_high"":""750.0"",""wl_low"":""380.0""}"
original_ab_hf300_lfx10_seed_200,phase1_accuracy,AB,hf300_lfx10,HF-only+AR1/co-kriging+Neural-GP MF,original_bundle,300,10,200,,,"{""fpca_var_ratio"":""0.999"",""gp_ard"":""1"",""methods"":""hf_only,ar1,ours"",""svgp_M"":""64"",""svgp_steps"":""2000"",""wl_high"":""750.0"",""wl_low"":""380.0""}"
original_ab_hf300_lfx10_seed_210,phase1_accuracy,AB,hf300_lfx10,HF-only+AR1/co-kriging+Neural-GP MF,original_bundle,300,10,210,,,"{""fpca_var_ratio"":""0.999"",""gp_ard"":""1"",""methods"":""hf_only,ar1,ours"",""svgp_M"":""64"",""svgp_steps"":""2000"",""wl_high"":""750.0"",""wl_low"":""380.0""}"
original_ab_hf300_lfx10_seed_220,phase1_accuracy,AB,hf300_lfx10,HF-only+AR1/co-kriging+Neural-GP MF,original_bundle,300,10,220,,,"{""fpca_var_ratio"":""0.999"",""gp_ard"":""1"",""methods"":""hf_only,ar1,ours"",""svgp_M"":""64"",""svgp_steps"":""2000"",""wl_high"":""750.0"",""wl_low"":""380.0""}"
original_ab_hf300_lfx10_seed_230,phase1_accuracy,AB,hf300_lfx10,HF-only+AR1/co-kriging+Neural-GP MF,original_bundle,300,10,230,,,"{""fpca_var_ratio"":""0.999"",""gp_ard"":""1"",""methods"":""hf_only,ar1,ours"",""svgp_M"":""64"",""svgp_steps"":""2000"",""wl_high"":""750.0"",""wl_low"":""380.0""}"
original_ab_hf300_lfx10_seed_240,phase1_accuracy,AB,hf300_lfx10,HF-only+AR1/co-kriging+Neural-GP MF,original_bundle,300,10,240,,,"{""fpca_var_ratio"":""0.999"",""gp_ard"":""1"",""methods"":""hf_only,ar1,ours"",""svgp_M"":""64"",""svgp_steps"":""2000"",""wl_high"":""750.0"",""wl_low"":""380.0""}"
original_ab_hf300_lfx10_seed_250,phase1_accuracy,AB,hf300_lfx10,HF-only+AR1/co-kriging+Neural-GP MF,original_bundle,300,10,250,,,"{""fpca_var_ratio"":""0.999"",""gp_ard"":""1"",""methods"":""hf_only,ar1,ours"",""svgp_M"":""64"",""svgp_steps"":""2000"",""wl_high"":""750.0"",""wl_low"":""380.0""}"
original_ab_hf300_lfx10_seed_260,phase1_accuracy,AB,hf300_lfx10,HF-only+AR1/co-kriging+Neural-GP MF,original_bundle,300,10,260,,,"{""fpca_var_ratio"":""0.999"",""gp_ard"":""1"",""methods"":""hf_only,ar1,ours"",""svgp_M"":""64"",""svgp_steps"":""2000"",""wl_high"":""750.0"",""wl_low"":""380.0""}"
original_ab_hf300_lfx10_seed_270,phase1_accuracy,AB,hf300_lfx10,HF-only+AR1/co-kriging+Neural-GP MF,original_bundle,300,10,270,,,"{""fpca_var_ratio"":""0.999"",""gp_ard"":""1"",""methods"":""hf_only,ar1,ours"",""svgp_M"":""64"",""svgp_steps"":""2000"",""wl_high"":""750.0"",""wl_low"":""380.0""}"
original_ab_hf300_lfx10_seed_280,phase1_accuracy,AB,hf300_lfx10,HF-only+AR1/co-kriging+Neural-GP MF,original_bundle,300,10,280,,,"{""fpca_var_ratio"":""0.999"",""gp_ard"":""1"",""methods"":""hf_only,ar1,ours"",""svgp_M"":""64"",""svgp_steps"":""2000"",""wl_high"":""750.0"",""wl_low"":""380.0""}"
original_ab_hf300_lfx10_seed_290,phase1_accuracy,AB,hf300_lfx10,HF-only+AR1/co-kriging+Neural-GP MF,original_bundle,300,10,290,,,"{""fpca_var_ratio"":""0.999"",""gp_ard"":""1"",""methods"":""hf_only,ar1,ours"",""svgp_M"":""64"",""svgp_steps"":""2000"",""wl_high"":""750.0"",""wl_low"":""380.0""}"
original_ab_hf300_lfx10_seed_300,phase1_accuracy,AB,hf300_lfx10,HF-only+AR1/co-kriging+Neural-GP MF,original_bundle,300,10,300,,,"{""fpca_var_ratio"":""0.999"",""gp_ard"":""1"",""methods"":""hf_only,ar1,ours"",""svgp_M"":""64"",""svgp_steps"":""2000"",""wl_high"":""750.0"",""wl_low"":""380.0""}"
original_ab_hf300_lfx10_seed_311,phase1_accuracy,AB,hf300_lfx10,HF-only+AR1/co-kriging+Neural-GP MF,original_bundle,300,10,311,,,"{""fpca_var_ratio"":""0.999"",""gp_ard"":""1"",""methods"":""hf_only,ar1,ours"",""svgp_M"":""64"",""svgp_steps"":""2000"",""wl_high"":""750.0"",""wl_low"":""380.0""}"
original_ab_hf300_lfx10_seed_322,phase1_accuracy,AB,hf300_lfx10,HF-only+AR1/co-kriging+Neural-GP MF,original_bundle,300,10,322,,,"{""fpca_var_ratio"":""0.999"",""gp_ard"":""1"",""methods"":""hf_only,ar1,ours"",""svgp_M"":""64"",""svgp_steps"":""2000"",""wl_high"":""750.0"",""wl_low"":""380.0""}"
original_ab_hf300_lfx10_seed_333,phase1_accuracy,AB,hf300_lfx10,HF-only+AR1/co-kriging+Neural-GP MF,original_bundle,300,10,333,,,"{""fpca_var_ratio"":""0.999"",""gp_ard"":""1"",""methods"":""hf_only,ar1,ours"",""svgp_M"":""64"",""svgp_steps"":""2000"",""wl_high"":""750.0"",""wl_low"":""380.0""}"
original_ab_hf300_lfx10_seed_344,phase1_accuracy,AB,hf300_lfx10,HF-only+AR1/co-kriging+Neural-GP MF,original_bundle,300,10,344,,,"{""fpca_var_ratio"":""0.999"",""gp_ard"":""1"",""methods"":""hf_only,ar1,ours"",""svgp_M"":""64"",""svgp_steps"":""2000"",""wl_high"":""750.0"",""wl_low"":""380.0""}"
original_ab_hf300_lfx10_seed_355,phase1_accuracy,AB,hf300_lfx10,HF-only+AR1/co-kriging+Neural-GP MF,original_bundle,300,10,355,,,"{""fpca_var_ratio"":""0.999"",""gp_ard"":""1"",""methods"":""hf_only,ar1,ours"",""svgp_M"":""64"",""svgp_steps"":""2000"",""wl_high"":""750.0"",""wl_low"":""380.0""}"
original_ab_hf300_lfx10_seed_366,phase1_accuracy,AB,hf300_lfx10,HF-only+AR1/co-kriging+Neural-GP MF,original_bundle,300,10,366,,,"{""fpca_var_ratio"":""0.999"",""gp_ard"":""1"",""methods"":""hf_only,ar1,ours"",""svgp_M"":""64"",""svgp_steps"":""2000"",""wl_high"":""750.0"",""wl_low"":""380.0""}"
original_ab_hf300_lfx10_seed_377,phase1_accuracy,AB,hf300_lfx10,HF-only+AR1/co-kriging+Neural-GP MF,original_bundle,300,10,377,,,"{""fpca_var_ratio"":""0.999"",""gp_ard"":""1"",""methods"":""hf_only,ar1,ours"",""svgp_M"":""64"",""svgp_steps"":""2000"",""wl_high"":""750.0"",""wl_low"":""380.0""}"
original_ab_hf300_lfx10_seed_388,phase1_accuracy,AB,hf300_lfx10,HF-only+AR1/co-kriging+Neural-GP MF,original_bundle,300,10,388,,,"{""fpca_var_ratio"":""0.999"",""gp_ard"":""1"",""methods"":""hf_only,ar1,ours"",""svgp_M"":""64"",""svgp_steps"":""2000"",""wl_high"":""750.0"",""wl_low"":""380.0""}"
original_ab_hf300_lfx10_seed_399,phase1_accuracy,AB,hf300_lfx10,HF-only+AR1/co-kriging+Neural-GP MF,original_bundle,300,10,399,,,"{""fpca_var_ratio"":""0.999"",""gp_ard"":""1"",""methods"":""hf_only,ar1,ours"",""svgp_M"":""64"",""svgp_steps"":""2000"",""wl_high"":""750.0"",""wl_low"":""380.0""}"
original_ab_hf300_lfx15_seed_200,phase1_accuracy,AB,hf300_lfx15,HF-only+AR1/co-kriging+Neural-GP MF,original_bundle,300,15,200,,,"{""fpca_var_ratio"":""0.999"",""gp_ard"":""1"",""methods"":""hf_only,ar1,ours"",""svgp_M"":""64"",""svgp_steps"":""2000"",""wl_high"":""750.0"",""wl_low"":""380.0""}"
original_ab_hf300_lfx15_seed_210,phase1_accuracy,AB,hf300_lfx15,HF-only+AR1/co-kriging+Neural-GP MF,original_bundle,300,15,210,,,"{""fpca_var_ratio"":""0.999"",""gp_ard"":""1"",""methods"":""hf_only,ar1,ours"",""svgp_M"":""64"",""svgp_steps"":""2000"",""wl_high"":""750.0"",""wl_low"":""380.0""}"
original_ab_hf300_lfx15_seed_220,phase1_accuracy,AB,hf300_lfx15,HF-only+AR1/co-kriging+Neural-GP MF,original_bundle,300,15,220,,,"{""fpca_var_ratio"":""0.999"",""gp_ard"":""1"",""methods"":""hf_only,ar1,ours"",""svgp_M"":""64"",""svgp_steps"":""2000"",""wl_high"":""750.0"",""wl_low"":""380.0""}"
original_ab_hf300_lfx15_seed_230,phase1_accuracy,AB,hf300_lfx15,HF-only+AR1/co-kriging+Neural-GP MF,original_bundle,300,15,230,,,"{""fpca_var_ratio"":""0.999"",""gp_ard"":""1"",""methods"":""hf_only,ar1,ours"",""svgp_M"":""64"",""svgp_steps"":""2000"",""wl_high"":""750.0"",""wl_low"":""380.0""}"
original_ab_hf300_lfx15_seed_240,phase1_accuracy,AB,hf300_lfx15,HF-only+AR1/co-kriging+Neural-GP MF,original_bundle,300,15,240,,,"{""fpca_var_ratio"":""0.999"",""gp_ard"":""1"",""methods"":""hf_only,ar1,ours"",""svgp_M"":""64"",""svgp_steps"":""2000"",""wl_high"":""750.0"",""wl_low"":""380.0""}"
original_ab_hf300_lfx15_seed_250,phase1_accuracy,AB,hf300_lfx15,HF-only+AR1/co-kriging+Neural-GP MF,original_bundle,300,15,250,,,"{""fpca_var_ratio"":""0.999"",""gp_ard"":""1"",""methods"":""hf_only,ar1,ours"",""svgp_M"":""64"",""svgp_steps"":""2000"",""wl_high"":""750.0"",""wl_low"":""380.0""}"
original_ab_hf300_lfx15_seed_260,phase1_accuracy,AB,hf300_lfx15,HF-only+AR1/co-kriging+Neural-GP MF,original_bundle,300,15,260,,,"{""fpca_var_ratio"":""0.999"",""gp_ard"":""1"",""methods"":""hf_only,ar1,ours"",""svgp_M"":""64"",""svgp_steps"":""2000"",""wl_high"":""750.0"",""wl_low"":""380.0""}"
original_ab_hf300_lfx15_seed_270,phase1_accuracy,AB,hf300_lfx15,HF-only+AR1/co-kriging+Neural-GP MF,original_bundle,300,15,270,,,"{""fpca_var_ratio"":""0.999"",""gp_ard"":""1"",""methods"":""hf_only,ar1,ours"",""svgp_M"":""64"",""svgp_steps"":""2000"",""wl_high"":""750.0"",""wl_low"":""380.0""}"
original_ab_hf300_lfx15_seed_280,phase1_accuracy,AB,hf300_lfx15,HF-only+AR1/co-kriging+Neural-GP MF,original_bundle,300,15,280,,,"{""fpca_var_ratio"":""0.999"",""gp_ard"":""1"",""methods"":""hf_only,ar1,ours"",""svgp_M"":""64"",""svgp_steps"":""2000"",""wl_high"":""750.0"",""wl_low"":""380.0""}"
original_ab_hf300_lfx15_seed_290,phase1_accuracy,AB,hf300_lfx15,HF-only+AR1/co-kriging+Neural-GP MF,original_bundle,300,15,290,,,"{""fpca_var_ratio"":""0.999"",""gp_ard"":""1"",""methods"":""hf_only,ar1,ours"",""svgp_M"":""64"",""svgp_steps"":""2000"",""wl_high"":""750.0"",""wl_low"":""380.0""}"
original_ab_hf300_lfx15_seed_300,phase1_accuracy,AB,hf300_lfx15,HF-only+AR1/co-kriging+Neural-GP MF,original_bundle,300,15,300,,,"{""fpca_var_ratio"":""0.999"",""gp_ard"":""1"",""methods"":""hf_only,ar1,ours"",""svgp_M"":""64"",""svgp_steps"":""2000"",""wl_high"":""750.0"",""wl_low"":""380.0""}"
original_ab_hf300_lfx15_seed_311,phase1_accuracy,AB,hf300_lfx15,HF-only+AR1/co-kriging+Neural-GP MF,original_bundle,300,15,311,,,"{""fpca_var_ratio"":""0.999"",""gp_ard"":""1"",""methods"":""hf_only,ar1,ours"",""svgp_M"":""64"",""svgp_steps"":""2000"",""wl_high"":""750.0"",""wl_low"":""380.0""}"
original_ab_hf300_lfx15_seed_322,phase1_accuracy,AB,hf300_lfx15,HF-only+AR1/co-kriging+Neural-GP MF,original_bundle,300,15,322,,,"{""fpca_var_ratio"":""0.999"",""gp_ard"":""1"",""methods"":""hf_only,ar1,ours"",""svgp_M"":""64"",""svgp_steps"":""2000"",""wl_high"":""750.0"",""wl_low"":""380.0""}"
original_ab_hf300_lfx15_seed_333,phase1_accuracy,AB,hf300_lfx15,HF-only+AR1/co-kriging+Neural-GP MF,original_bundle,300,15,333,,,"{""fpca_var_ratio"":""0.999"",""gp_ard"":""1"",""methods"":""hf_only,ar1,ours"",""svgp_M"":""64"",""svgp_steps"":""2000"",""wl_high"":""750.0"",""wl_low"":""380.0""}"
original_ab_hf300_lfx15_seed_344,phase1_accuracy,AB,hf300_lfx15,HF-only+AR1/co-kriging+Neural-GP MF,original_bundle,300,15,344,,,"{""fpca_var_ratio"":""0.999"",""gp_ard"":""1"",""methods"":""hf_only,ar1,ours"",""svgp_M"":""64"",""svgp_steps"":""2000"",""wl_high"":""750.0"",""wl_low"":""380.0""}"
original_ab_hf300_lfx15_seed_355,phase1_accuracy,AB,hf300_lfx15,HF-only+AR1/co-kriging+Neural-GP MF,original_bundle,300,15,355,,,"{""fpca_var_ratio"":""0.999"",""gp_ard"":""1"",""methods"":""hf_only,ar1,ours"",""svgp_M"":""64"",""svgp_steps"":""2000"",""wl_high"":""750.0"",""wl_low"":""380.0""}"
original_ab_hf300_lfx15_seed_366,phase1_accuracy,AB,hf300_lfx15,HF-only+AR1/co-kriging+Neural-GP MF,original_bundle,300,15,366,,,"{""fpca_var_ratio"":""0.999"",""gp_ard"":""1"",""methods"":""hf_only,ar1,ours"",""svgp_M"":""64"",""svgp_steps"":""2000"",""wl_high"":""750.0"",""wl_low"":""380.0""}"
original_ab_hf300_lfx15_seed_377,phase1_accuracy,AB,hf300_lfx15,HF-only+AR1/co-kriging+Neural-GP MF,original_bundle,300,15,377,,,"{""fpca_var_ratio"":""0.999"",""gp_ard"":""1"",""methods"":""hf_only,ar1,ours"",""svgp_M"":""64"",""svgp_steps"":""2000"",""wl_high"":""750.0"",""wl_low"":""380.0""}"
original_ab_hf300_lfx15_seed_388,phase1_accuracy,AB,hf300_lfx15,HF-only+AR1/co-kriging+Neural-GP MF,original_bundle,300,15,388,,,"{""fpca_var_ratio"":""0.999"",""gp_ard"":""1"",""methods"":""hf_only,ar1,ours"",""svgp_M"":""64"",""svgp_steps"":""2000"",""wl_high"":""750.0"",""wl_low"":""380.0""}"
original_ab_hf300_lfx15_seed_399,phase1_accuracy,AB,hf300_lfx15,HF-only+AR1/co-kriging+Neural-GP MF,original_bundle,300,15,399,,,"{""fpca_var_ratio"":""0.999"",""gp_ard"":""1"",""methods"":""hf_only,ar1,ours"",""svgp_M"":""64"",""svgp_steps"":""2000"",""wl_high"":""750.0"",""wl_low"":""380.0""}"
original_ab_hf400_lfx05_seed_200,phase1_accuracy,AB,hf400_lfx05,HF-only+AR1/co-kriging+Neural-GP MF,original_bundle,400,5,200,,,"{""fpca_var_ratio"":""0.999"",""gp_ard"":""1"",""methods"":""hf_only,ar1,ours"",""svgp_M"":""64"",""svgp_steps"":""2000"",""wl_high"":""750.0"",""wl_low"":""380.0""}"
original_ab_hf400_lfx05_seed_210,phase1_accuracy,AB,hf400_lfx05,HF-only+AR1/co-kriging+Neural-GP MF,original_bundle,400,5,210,,,"{""fpca_var_ratio"":""0.999"",""gp_ard"":""1"",""methods"":""hf_only,ar1,ours"",""svgp_M"":""64"",""svgp_steps"":""2000"",""wl_high"":""750.0"",""wl_low"":""380.0""}"
original_ab_hf400_lfx05_seed_220,phase1_accuracy,AB,hf400_lfx05,HF-only+AR1/co-kriging+Neural-GP MF,original_bundle,400,5,220,,,"{""fpca_var_ratio"":""0.999"",""gp_ard"":""1"",""methods"":""hf_only,ar1,ours"",""svgp_M"":""64"",""svgp_steps"":""2000"",""wl_high"":""750.0"",""wl_low"":""380.0""}"
original_ab_hf400_lfx05_seed_230,phase1_accuracy,AB,hf400_lfx05,HF-only+AR1/co-kriging+Neural-GP MF,original_bundle,400,5,230,,,"{""fpca_var_ratio"":""0.999"",""gp_ard"":""1"",""methods"":""hf_only,ar1,ours"",""svgp_M"":""64"",""svgp_steps"":""2000"",""wl_high"":""750.0"",""wl_low"":""380.0""}"
original_ab_hf400_lfx05_seed_240,phase1_accuracy,AB,hf400_lfx05,HF-only+AR1/co-kriging+Neural-GP MF,original_bundle,400,5,240,,,"{""fpca_var_ratio"":""0.999"",""gp_ard"":""1"",""methods"":""hf_only,ar1,ours"",""svgp_M"":""64"",""svgp_steps"":""2000"",""wl_high"":""750.0"",""wl_low"":""380.0""}"
original_ab_hf400_lfx05_seed_250,phase1_accuracy,AB,hf400_lfx05,HF-only+AR1/co-kriging+Neural-GP MF,original_bundle,400,5,250,,,"{""fpca_var_ratio"":""0.999"",""gp_ard"":""1"",""methods"":""hf_only,ar1,ours"",""svgp_M"":""64"",""svgp_steps"":""2000"",""wl_high"":""750.0"",""wl_low"":""380.0""}"
original_ab_hf400_lfx05_seed_260,phase1_accuracy,AB,hf400_lfx05,HF-only+AR1/co-kriging+Neural-GP MF,original_bundle,400,5,260,,,"{""fpca_var_ratio"":""0.999"",""gp_ard"":""1"",""methods"":""hf_only,ar1,ours"",""svgp_M"":""64"",""svgp_steps"":""2000"",""wl_high"":""750.0"",""wl_low"":""380.0""}"
original_ab_hf400_lfx05_seed_270,phase1_accuracy,AB,hf400_lfx05,HF-only+AR1/co-kriging+Neural-GP MF,original_bundle,400,5,270,,,"{""fpca_var_ratio"":""0.999"",""gp_ard"":""1"",""methods"":""hf_only,ar1,ours"",""svgp_M"":""64"",""svgp_steps"":""2000"",""wl_high"":""750.0"",""wl_low"":""380.0""}"
original_ab_hf400_lfx05_seed_280,phase1_accuracy,AB,hf400_lfx05,HF-only+AR1/co-kriging+Neural-GP MF,original_bundle,400,5,280,,,"{""fpca_var_ratio"":""0.999"",""gp_ard"":""1"",""methods"":""hf_only,ar1,ours"",""svgp_M"":""64"",""svgp_steps"":""2000"",""wl_high"":""750.0"",""wl_low"":""380.0""}"
original_ab_hf400_lfx05_seed_290,phase1_accuracy,AB,hf400_lfx05,HF-only+AR1/co-kriging+Neural-GP MF,original_bundle,400,5,290,,,"{""fpca_var_ratio"":""0.999"",""gp_ard"":""1"",""methods"":""hf_only,ar1,ours"",""svgp_M"":""64"",""svgp_steps"":""2000"",""wl_high"":""750.0"",""wl_low"":""380.0""}"
original_ab_hf400_lfx05_seed_300,phase1_accuracy,AB,hf400_lfx05,HF-only+AR1/co-kriging+Neural-GP MF,original_bundle,400,5,300,,,"{""fpca_var_ratio"":""0.999"",""gp_ard"":""1"",""methods"":""hf_only,ar1,ours"",""svgp_M"":""64"",""svgp_steps"":""2000"",""wl_high"":""750.0"",""wl_low"":""380.0""}"
original_ab_hf400_lfx05_seed_311,phase1_accuracy,AB,hf400_lfx05,HF-only+AR1/co-kriging+Neural-GP MF,original_bundle,400,5,311,,,"{""fpca_var_ratio"":""0.999"",""gp_ard"":""1"",""methods"":""hf_only,ar1,ours"",""svgp_M"":""64"",""svgp_steps"":""2000"",""wl_high"":""750.0"",""wl_low"":""380.0""}"
original_ab_hf400_lfx05_seed_322,phase1_accuracy,AB,hf400_lfx05,HF-only+AR1/co-kriging+Neural-GP MF,original_bundle,400,5,322,,,"{""fpca_var_ratio"":""0.999"",""gp_ard"":""1"",""methods"":""hf_only,ar1,ours"",""svgp_M"":""64"",""svgp_steps"":""2000"",""wl_high"":""750.0"",""wl_low"":""380.0""}"
original_ab_hf400_lfx05_seed_333,phase1_accuracy,AB,hf400_lfx05,HF-only+AR1/co-kriging+Neural-GP MF,original_bundle,400,5,333,,,"{""fpca_var_ratio"":""0.999"",""gp_ard"":""1"",""methods"":""hf_only,ar1,ours"",""svgp_M"":""64"",""svgp_steps"":""2000"",""wl_high"":""750.0"",""wl_low"":""380.0""}"
original_ab_hf400_lfx05_seed_344,phase1_accuracy,AB,hf400_lfx05,HF-only+AR1/co-kriging+Neural-GP MF,original_bundle,400,5,344,,,"{""fpca_var_ratio"":""0.999"",""gp_ard"":""1"",""methods"":""hf_only,ar1,ours"",""svgp_M"":""64"",""svgp_steps"":""2000"",""wl_high"":""750.0"",""wl_low"":""380.0""}"
original_ab_hf400_lfx05_seed_355,phase1_accuracy,AB,hf400_lfx05,HF-only+AR1/co-kriging+Neural-GP MF,original_bundle,400,5,355,,,"{""fpca_var_ratio"":""0.999"",""gp_ard"":""1"",""methods"":""hf_only,ar1,ours"",""svgp_M"":""64"",""svgp_steps"":""2000"",""wl_high"":""750.0"",""wl_low"":""380.0""}"
original_ab_hf400_lfx05_seed_366,phase1_accuracy,AB,hf400_lfx05,HF-only+AR1/co-kriging+Neural-GP MF,original_bundle,400,5,366,,,"{""fpca_var_ratio"":""0.999"",""gp_ard"":""1"",""methods"":""hf_only,ar1,ours"",""svgp_M"":""64"",""svgp_steps"":""2000"",""wl_high"":""750.0"",""wl_low"":""380.0""}"
original_ab_hf400_lfx05_seed_377,phase1_accuracy,AB,hf400_lfx05,HF-only+AR1/co-kriging+Neural-GP MF,original_bundle,400,5,377,,,"{""fpca_var_ratio"":""0.999"",""gp_ard"":""1"",""methods"":""hf_only,ar1,ours"",""svgp_M"":""64"",""svgp_steps"":""2000"",""wl_high"":""750.0"",""wl_low"":""380.0""}"
original_ab_hf400_lfx05_seed_388,phase1_accuracy,AB,hf400_lfx05,HF-only+AR1/co-kriging+Neural-GP MF,original_bundle,400,5,388,,,"{""fpca_var_ratio"":""0.999"",""gp_ard"":""1"",""methods"":""hf_only,ar1,ours"",""svgp_M"":""64"",""svgp_steps"":""2000"",""wl_high"":""750.0"",""wl_low"":""380.0""}"
original_ab_hf400_lfx05_seed_399,phase1_accuracy,AB,hf400_lfx05,HF-only+AR1/co-kriging+Neural-GP MF,original_bundle,400,5,399,,,"{""fpca_var_ratio"":""0.999"",""gp_ard"":""1"",""methods"":""hf_only,ar1,ours"",""svgp_M"":""64"",""svgp_steps"":""2000"",""wl_high"":""750.0"",""wl_low"":""380.0""}"
original_ab_hf400_lfx10_seed_200,phase1_accuracy,AB,hf400_lfx10,HF-only+AR1/co-kriging+Neural-GP MF,original_bundle,400,10,200,,,"{""fpca_var_ratio"":""0.999"",""gp_ard"":""1"",""methods"":""hf_only,ar1,ours"",""svgp_M"":""64"",""svgp_steps"":""2000"",""wl_high"":""750.0"",""wl_low"":""380.0""}"
original_ab_hf400_lfx10_seed_210,phase1_accuracy,AB,hf400_lfx10,HF-only+AR1/co-kriging+Neural-GP MF,original_bundle,400,10,210,,,"{""fpca_var_ratio"":""0.999"",""gp_ard"":""1"",""methods"":""hf_only,ar1,ours"",""svgp_M"":""64"",""svgp_steps"":""2000"",""wl_high"":""750.0"",""wl_low"":""380.0""}"
original_ab_hf400_lfx10_seed_220,phase1_accuracy,AB,hf400_lfx10,HF-only+AR1/co-kriging+Neural-GP MF,original_bundle,400,10,220,,,"{""fpca_var_ratio"":""0.999"",""gp_ard"":""1"",""methods"":""hf_only,ar1,ours"",""svgp_M"":""64"",""svgp_steps"":""2000"",""wl_high"":""750.0"",""wl_low"":""380.0""}"
original_ab_hf400_lfx10_seed_230,phase1_accuracy,AB,hf400_lfx10,HF-only+AR1/co-kriging+Neural-GP MF,original_bundle,400,10,230,,,"{""fpca_var_ratio"":""0.999"",""gp_ard"":""1"",""methods"":""hf_only,ar1,ours"",""svgp_M"":""64"",""svgp_steps"":""2000"",""wl_high"":""750.0"",""wl_low"":""380.0""}"
original_ab_hf400_lfx10_seed_240,phase1_accuracy,AB,hf400_lfx10,HF-only+AR1/co-kriging+Neural-GP MF,original_bundle,400,10,240,,,"{""fpca_var_ratio"":""0.999"",""gp_ard"":""1"",""methods"":""hf_only,ar1,ours"",""svgp_M"":""64"",""svgp_steps"":""2000"",""wl_high"":""750.0"",""wl_low"":""380.0""}"
original_ab_hf400_lfx10_seed_250,phase1_accuracy,AB,hf400_lfx10,HF-only+AR1/co-kriging+Neural-GP MF,original_bundle,400,10,250,,,"{""fpca_var_ratio"":""0.999"",""gp_ard"":""1"",""methods"":""hf_only,ar1,ours"",""svgp_M"":""64"",""svgp_steps"":""2000"",""wl_high"":""750.0"",""wl_low"":""380.0""}"
original_ab_hf400_lfx10_seed_260,phase1_accuracy,AB,hf400_lfx10,HF-only+AR1/co-kriging+Neural-GP MF,original_bundle,400,10,260,,,"{""fpca_var_ratio"":""0.999"",""gp_ard"":""1"",""methods"":""hf_only,ar1,ours"",""svgp_M"":""64"",""svgp_steps"":""2000"",""wl_high"":""750.0"",""wl_low"":""380.0""}"
original_ab_hf400_lfx10_seed_270,phase1_accuracy,AB,hf400_lfx10,HF-only+AR1/co-kriging+Neural-GP MF,original_bundle,400,10,270,,,"{""fpca_var_ratio"":""0.999"",""gp_ard"":""1"",""methods"":""hf_only,ar1,ours"",""svgp_M"":""64"",""svgp_steps"":""2000"",""wl_high"":""750.0"",""wl_low"":""380.0""}"
original_ab_hf400_lfx10_seed_280,phase1_accuracy,AB,hf400_lfx10,HF-only+AR1/co-kriging+Neural-GP MF,original_bundle,400,10,280,,,"{""fpca_var_ratio"":""0.999"",""gp_ard"":""1"",""methods"":""hf_only,ar1,ours"",""svgp_M"":""64"",""svgp_steps"":""2000"",""wl_high"":""750.0"",""wl_low"":""380.0""}"
original_ab_hf400_lfx10_seed_290,phase1_accuracy,AB,hf400_lfx10,HF-only+AR1/co-kriging+Neural-GP MF,original_bundle,400,10,290,,,"{""fpca_var_ratio"":""0.999"",""gp_ard"":""1"",""methods"":""hf_only,ar1,ours"",""svgp_M"":""64"",""svgp_steps"":""2000"",""wl_high"":""750.0"",""wl_low"":""380.0""}"
original_ab_hf400_lfx10_seed_300,phase1_accuracy,AB,hf400_lfx10,HF-only+AR1/co-kriging+Neural-GP MF,original_bundle,400,10,300,,,"{""fpca_var_ratio"":""0.999"",""gp_ard"":""1"",""methods"":""hf_only,ar1,ours"",""svgp_M"":""64"",""svgp_steps"":""2000"",""wl_high"":""750.0"",""wl_low"":""380.0""}"
original_ab_hf400_lfx10_seed_311,phase1_accuracy,AB,hf400_lfx10,HF-only+AR1/co-kriging+Neural-GP MF,original_bundle,400,10,311,,,"{""fpca_var_ratio"":""0.999"",""gp_ard"":""1"",""methods"":""hf_only,ar1,ours"",""svgp_M"":""64"",""svgp_steps"":""2000"",""wl_high"":""750.0"",""wl_low"":""380.0""}"
original_ab_hf400_lfx10_seed_322,phase1_accuracy,AB,hf400_lfx10,HF-only+AR1/co-kriging+Neural-GP MF,original_bundle,400,10,322,,,"{""fpca_var_ratio"":""0.999"",""gp_ard"":""1"",""methods"":""hf_only,ar1,ours"",""svgp_M"":""64"",""svgp_steps"":""2000"",""wl_high"":""750.0"",""wl_low"":""380.0""}"
original_ab_hf400_lfx10_seed_333,phase1_accuracy,AB,hf400_lfx10,HF-only+AR1/co-kriging+Neural-GP MF,original_bundle,400,10,333,,,"{""fpca_var_ratio"":""0.999"",""gp_ard"":""1"",""methods"":""hf_only,ar1,ours"",""svgp_M"":""64"",""svgp_steps"":""2000"",""wl_high"":""750.0"",""wl_low"":""380.0""}"
original_ab_hf400_lfx10_seed_344,phase1_accuracy,AB,hf400_lfx10,HF-only+AR1/co-kriging+Neural-GP MF,original_bundle,400,10,344,,,"{""fpca_var_ratio"":""0.999"",""gp_ard"":""1"",""methods"":""hf_only,ar1,ours"",""svgp_M"":""64"",""svgp_steps"":""2000"",""wl_high"":""750.0"",""wl_low"":""380.0""}"
original_ab_hf400_lfx10_seed_355,phase1_accuracy,AB,hf400_lfx10,HF-only+AR1/co-kriging+Neural-GP MF,original_bundle,400,10,355,,,"{""fpca_var_ratio"":""0.999"",""gp_ard"":""1"",""methods"":""hf_only,ar1,ours"",""svgp_M"":""64"",""svgp_steps"":""2000"",""wl_high"":""750.0"",""wl_low"":""380.0""}"
original_ab_hf400_lfx10_seed_366,phase1_accuracy,AB,hf400_lfx10,HF-only+AR1/co-kriging+Neural-GP MF,original_bundle,400,10,366,,,"{""fpca_var_ratio"":""0.999"",""gp_ard"":""1"",""methods"":""hf_only,ar1,ours"",""svgp_M"":""64"",""svgp_steps"":""2000"",""wl_high"":""750.0"",""wl_low"":""380.0""}"
original_ab_hf400_lfx10_seed_377,phase1_accuracy,AB,hf400_lfx10,HF-only+AR1/co-kriging+Neural-GP MF,original_bundle,400,10,377,,,"{""fpca_var_ratio"":""0.999"",""gp_ard"":""1"",""methods"":""hf_only,ar1,ours"",""svgp_M"":""64"",""svgp_steps"":""2000"",""wl_high"":""750.0"",""wl_low"":""380.0""}"
original_ab_hf400_lfx10_seed_388,phase1_accuracy,AB,hf400_lfx10,HF-only+AR1/co-kriging+Neural-GP MF,original_bundle,400,10,388,,,"{""fpca_var_ratio"":""0.999"",""gp_ard"":""1"",""methods"":""hf_only,ar1,ours"",""svgp_M"":""64"",""svgp_steps"":""2000"",""wl_high"":""750.0"",""wl_low"":""380.0""}"
original_ab_hf400_lfx10_seed_399,phase1_accuracy,AB,hf400_lfx10,HF-only+AR1/co-kriging+Neural-GP MF,original_bundle,400,10,399,,,"{""fpca_var_ratio"":""0.999"",""gp_ard"":""1"",""methods"":""hf_only,ar1,ours"",""svgp_M"":""64"",""svgp_steps"":""2000"",""wl_high"":""750.0"",""wl_low"":""380.0""}"
original_ab_hf400_lfx15_seed_200,phase1_accuracy,AB,hf400_lfx15,HF-only+AR1/co-kriging+Neural-GP MF,original_bundle,400,15,200,,,"{""fpca_var_ratio"":""0.999"",""gp_ard"":""1"",""methods"":""hf_only,ar1,ours"",""svgp_M"":""64"",""svgp_steps"":""2000"",""wl_high"":""750.0"",""wl_low"":""380.0""}"
original_ab_hf400_lfx15_seed_210,phase1_accuracy,AB,hf400_lfx15,HF-only+AR1/co-kriging+Neural-GP MF,original_bundle,400,15,210,,,"{""fpca_var_ratio"":""0.999"",""gp_ard"":""1"",""methods"":""hf_only,ar1,ours"",""svgp_M"":""64"",""svgp_steps"":""2000"",""wl_high"":""750.0"",""wl_low"":""380.0""}"
original_ab_hf400_lfx15_seed_220,phase1_accuracy,AB,hf400_lfx15,HF-only+AR1/co-kriging+Neural-GP MF,original_bundle,400,15,220,,,"{""fpca_var_ratio"":""0.999"",""gp_ard"":""1"",""methods"":""hf_only,ar1,ours"",""svgp_M"":""64"",""svgp_steps"":""2000"",""wl_high"":""750.0"",""wl_low"":""380.0""}"
original_ab_hf400_lfx15_seed_230,phase1_accuracy,AB,hf400_lfx15,HF-only+AR1/co-kriging+Neural-GP MF,original_bundle,400,15,230,,,"{""fpca_var_ratio"":""0.999"",""gp_ard"":""1"",""methods"":""hf_only,ar1,ours"",""svgp_M"":""64"",""svgp_steps"":""2000"",""wl_high"":""750.0"",""wl_low"":""380.0""}"
original_ab_hf400_lfx15_seed_240,phase1_accuracy,AB,hf400_lfx15,HF-only+AR1/co-kriging+Neural-GP MF,original_bundle,400,15,240,,,"{""fpca_var_ratio"":""0.999"",""gp_ard"":""1"",""methods"":""hf_only,ar1,ours"",""svgp_M"":""64"",""svgp_steps"":""2000"",""wl_high"":""750.0"",""wl_low"":""380.0""}"
original_ab_hf400_lfx15_seed_250,phase1_accuracy,AB,hf400_lfx15,HF-only+AR1/co-kriging+Neural-GP MF,original_bundle,400,15,250,,,"{""fpca_var_ratio"":""0.999"",""gp_ard"":""1"",""methods"":""hf_only,ar1,ours"",""svgp_M"":""64"",""svgp_steps"":""2000"",""wl_high"":""750.0"",""wl_low"":""380.0""}"
original_ab_hf400_lfx15_seed_260,phase1_accuracy,AB,hf400_lfx15,HF-only+AR1/co-kriging+Neural-GP MF,original_bundle,400,15,260,,,"{""fpca_var_ratio"":""0.999"",""gp_ard"":""1"",""methods"":""hf_only,ar1,ours"",""svgp_M"":""64"",""svgp_steps"":""2000"",""wl_high"":""750.0"",""wl_low"":""380.0""}"
original_ab_hf400_lfx15_seed_270,phase1_accuracy,AB,hf400_lfx15,HF-only+AR1/co-kriging+Neural-GP MF,original_bundle,400,15,270,,,"{""fpca_var_ratio"":""0.999"",""gp_ard"":""1"",""methods"":""hf_only,ar1,ours"",""svgp_M"":""64"",""svgp_steps"":""2000"",""wl_high"":""750.0"",""wl_low"":""380.0""}"
original_ab_hf400_lfx15_seed_280,phase1_accuracy,AB,hf400_lfx15,HF-only+AR1/co-kriging+Neural-GP MF,original_bundle,400,15,280,,,"{""fpca_var_ratio"":""0.999"",""gp_ard"":""1"",""methods"":""hf_only,ar1,ours"",""svgp_M"":""64"",""svgp_steps"":""2000"",""wl_high"":""750.0"",""wl_low"":""380.0""}"
original_ab_hf400_lfx15_seed_290,phase1_accuracy,AB,hf400_lfx15,HF-only+AR1/co-kriging+Neural-GP MF,original_bundle,400,15,290,,,"{""fpca_var_ratio"":""0.999"",""gp_ard"":""1"",""methods"":""hf_only,ar1,ours"",""svgp_M"":""64"",""svgp_steps"":""2000"",""wl_high"":""750.0"",""wl_low"":""380.0""}"
original_ab_hf400_lfx15_seed_300,phase1_accuracy,AB,hf400_lfx15,HF-only+AR1/co-kriging+Neural-GP MF,original_bundle,400,15,300,,,"{""fpca_var_ratio"":""0.999"",""gp_ard"":""1"",""methods"":""hf_only,ar1,ours"",""svgp_M"":""64"",""svgp_steps"":""2000"",""wl_high"":""750.0"",""wl_low"":""380.0""}"
original_ab_hf400_lfx15_seed_311,phase1_accuracy,AB,hf400_lfx15,HF-only+AR1/co-kriging+Neural-GP MF,original_bundle,400,15,311,,,"{""fpca_var_ratio"":""0.999"",""gp_ard"":""1"",""methods"":""hf_only,ar1,ours"",""svgp_M"":""64"",""svgp_steps"":""2000"",""wl_high"":""750.0"",""wl_low"":""380.0""}"
original_ab_hf400_lfx15_seed_322,phase1_accuracy,AB,hf400_lfx15,HF-only+AR1/co-kriging+Neural-GP MF,original_bundle,400,15,322,,,"{""fpca_var_ratio"":""0.999"",""gp_ard"":""1"",""methods"":""hf_only,ar1,ours"",""svgp_M"":""64"",""svgp_steps"":""2000"",""wl_high"":""750.0"",""wl_low"":""380.0""}"
original_ab_hf400_lfx15_seed_333,phase1_accuracy,AB,hf400_lfx15,HF-only+AR1/co-kriging+Neural-GP MF,original_bundle,400,15,333,,,"{""fpca_var_ratio"":""0.999"",""gp_ard"":""1"",""methods"":""hf_only,ar1,ours"",""svgp_M"":""64"",""svgp_steps"":""2000"",""wl_high"":""750.0"",""wl_low"":""380.0""}"
original_ab_hf400_lfx15_seed_344,phase1_accuracy,AB,hf400_lfx15,HF-only+AR1/co-kriging+Neural-GP MF,original_bundle,400,15,344,,,"{""fpca_var_ratio"":""0.999"",""gp_ard"":""1"",""methods"":""hf_only,ar1,ours"",""svgp_M"":""64"",""svgp_steps"":""2000"",""wl_high"":""750.0"",""wl_low"":""380.0""}"
original_ab_hf400_lfx15_seed_355,phase1_accuracy,AB,hf400_lfx15,HF-only+AR1/co-kriging+Neural-GP MF,original_bundle,400,15,355,,,"{""fpca_var_ratio"":""0.999"",""gp_ard"":""1"",""methods"":""hf_only,ar1,ours"",""svgp_M"":""64"",""svgp_steps"":""2000"",""wl_high"":""750.0"",""wl_low"":""380.0""}"
original_ab_hf400_lfx15_seed_366,phase1_accuracy,AB,hf400_lfx15,HF-only+AR1/co-kriging+Neural-GP MF,original_bundle,400,15,366,,,"{""fpca_var_ratio"":""0.999"",""gp_ard"":""1"",""methods"":""hf_only,ar1,ours"",""svgp_M"":""64"",""svgp_steps"":""2000"",""wl_high"":""750.0"",""wl_low"":""380.0""}"
original_ab_hf400_lfx15_seed_377,phase1_accuracy,AB,hf400_lfx15,HF-only+AR1/co-kriging+Neural-GP MF,original_bundle,400,15,377,,,"{""fpca_var_ratio"":""0.999"",""gp_ard"":""1"",""methods"":""hf_only,ar1,ours"",""svgp_M"":""64"",""svgp_steps"":""2000"",""wl_high"":""750.0"",""wl_low"":""380.0""}"
original_ab_hf400_lfx15_seed_388,phase1_accuracy,AB,hf400_lfx15,HF-only+AR1/co-kriging+Neural-GP MF,original_bundle,400,15,388,,,"{""fpca_var_ratio"":""0.999"",""gp_ard"":""1"",""methods"":""hf_only,ar1,ours"",""svgp_M"":""64"",""svgp_steps"":""2000"",""wl_high"":""750.0"",""wl_low"":""380.0""}"
original_ab_hf400_lfx15_seed_399,phase1_accuracy,AB,hf400_lfx15,HF-only+AR1/co-kriging+Neural-GP MF,original_bundle,400,15,399,,,"{""fpca_var_ratio"":""0.999"",""gp_ard"":""1"",""methods"":""hf_only,ar1,ours"",""svgp_M"":""64"",""svgp_steps"":""2000"",""wl_high"":""750.0"",""wl_low"":""380.0""}"
original_ab_hf500_lfx05_seed_200,phase1_accuracy,AB,hf500_lfx05,HF-only+AR1/co-kriging+Neural-GP MF,original_bundle,500,5,200,,,"{""fpca_var_ratio"":""0.999"",""gp_ard"":""1"",""methods"":""hf_only,ar1,ours"",""svgp_M"":""64"",""svgp_steps"":""2000"",""wl_high"":""750.0"",""wl_low"":""380.0""}"
original_ab_hf500_lfx05_seed_210,phase1_accuracy,AB,hf500_lfx05,HF-only+AR1/co-kriging+Neural-GP MF,original_bundle,500,5,210,,,"{""fpca_var_ratio"":""0.999"",""gp_ard"":""1"",""methods"":""hf_only,ar1,ours"",""svgp_M"":""64"",""svgp_steps"":""2000"",""wl_high"":""750.0"",""wl_low"":""380.0""}"
original_ab_hf500_lfx05_seed_220,phase1_accuracy,AB,hf500_lfx05,HF-only+AR1/co-kriging+Neural-GP MF,original_bundle,500,5,220,,,"{""fpca_var_ratio"":""0.999"",""gp_ard"":""1"",""methods"":""hf_only,ar1,ours"",""svgp_M"":""64"",""svgp_steps"":""2000"",""wl_high"":""750.0"",""wl_low"":""380.0""}"
original_ab_hf500_lfx05_seed_230,phase1_accuracy,AB,hf500_lfx05,HF-only+AR1/co-kriging+Neural-GP MF,original_bundle,500,5,230,,,"{""fpca_var_ratio"":""0.999"",""gp_ard"":""1"",""methods"":""hf_only,ar1,ours"",""svgp_M"":""64"",""svgp_steps"":""2000"",""wl_high"":""750.0"",""wl_low"":""380.0""}"
original_ab_hf500_lfx05_seed_240,phase1_accuracy,AB,hf500_lfx05,HF-only+AR1/co-kriging+Neural-GP MF,original_bundle,500,5,240,,,"{""fpca_var_ratio"":""0.999"",""gp_ard"":""1"",""methods"":""hf_only,ar1,ours"",""svgp_M"":""64"",""svgp_steps"":""2000"",""wl_high"":""750.0"",""wl_low"":""380.0""}"
original_ab_hf500_lfx05_seed_250,phase1_accuracy,AB,hf500_lfx05,HF-only+AR1/co-kriging+Neural-GP MF,original_bundle,500,5,250,,,"{""fpca_var_ratio"":""0.999"",""gp_ard"":""1"",""methods"":""hf_only,ar1,ours"",""svgp_M"":""64"",""svgp_steps"":""2000"",""wl_high"":""750.0"",""wl_low"":""380.0""}"
original_ab_hf500_lfx05_seed_260,phase1_accuracy,AB,hf500_lfx05,HF-only+AR1/co-kriging+Neural-GP MF,original_bundle,500,5,260,,,"{""fpca_var_ratio"":""0.999"",""gp_ard"":""1"",""methods"":""hf_only,ar1,ours"",""svgp_M"":""64"",""svgp_steps"":""2000"",""wl_high"":""750.0"",""wl_low"":""380.0""}"
original_ab_hf500_lfx05_seed_270,phase1_accuracy,AB,hf500_lfx05,HF-only+AR1/co-kriging+Neural-GP MF,original_bundle,500,5,270,,,"{""fpca_var_ratio"":""0.999"",""gp_ard"":""1"",""methods"":""hf_only,ar1,ours"",""svgp_M"":""64"",""svgp_steps"":""2000"",""wl_high"":""750.0"",""wl_low"":""380.0""}"
original_ab_hf500_lfx05_seed_280,phase1_accuracy,AB,hf500_lfx05,HF-only+AR1/co-kriging+Neural-GP MF,original_bundle,500,5,280,,,"{""fpca_var_ratio"":""0.999"",""gp_ard"":""1"",""methods"":""hf_only,ar1,ours"",""svgp_M"":""64"",""svgp_steps"":""2000"",""wl_high"":""750.0"",""wl_low"":""380.0""}"
original_ab_hf500_lfx05_seed_290,phase1_accuracy,AB,hf500_lfx05,HF-only+AR1/co-kriging+Neural-GP MF,original_bundle,500,5,290,,,"{""fpca_var_ratio"":""0.999"",""gp_ard"":""1"",""methods"":""hf_only,ar1,ours"",""svgp_M"":""64"",""svgp_steps"":""2000"",""wl_high"":""750.0"",""wl_low"":""380.0""}"
original_ab_hf500_lfx05_seed_300,phase1_accuracy,AB,hf500_lfx05,HF-only+AR1/co-kriging+Neural-GP MF,original_bundle,500,5,300,,,"{""fpca_var_ratio"":""0.999"",""gp_ard"":""1"",""methods"":""hf_only,ar1,ours"",""svgp_M"":""64"",""svgp_steps"":""2000"",""wl_high"":""750.0"",""wl_low"":""380.0""}"
original_ab_hf500_lfx05_seed_311,phase1_accuracy,AB,hf500_lfx05,HF-only+AR1/co-kriging+Neural-GP MF,original_bundle,500,5,311,,,"{""fpca_var_ratio"":""0.999"",""gp_ard"":""1"",""methods"":""hf_only,ar1,ours"",""svgp_M"":""64"",""svgp_steps"":""2000"",""wl_high"":""750.0"",""wl_low"":""380.0""}"
original_ab_hf500_lfx05_seed_322,phase1_accuracy,AB,hf500_lfx05,HF-only+AR1/co-kriging+Neural-GP MF,original_bundle,500,5,322,,,"{""fpca_var_ratio"":""0.999"",""gp_ard"":""1"",""methods"":""hf_only,ar1,ours"",""svgp_M"":""64"",""svgp_steps"":""2000"",""wl_high"":""750.0"",""wl_low"":""380.0""}"
original_ab_hf500_lfx05_seed_333,phase1_accuracy,AB,hf500_lfx05,HF-only+AR1/co-kriging+Neural-GP MF,original_bundle,500,5,333,,,"{""fpca_var_ratio"":""0.999"",""gp_ard"":""1"",""methods"":""hf_only,ar1,ours"",""svgp_M"":""64"",""svgp_steps"":""2000"",""wl_high"":""750.0"",""wl_low"":""380.0""}"
original_ab_hf500_lfx05_seed_344,phase1_accuracy,AB,hf500_lfx05,HF-only+AR1/co-kriging+Neural-GP MF,original_bundle,500,5,344,,,"{""fpca_var_ratio"":""0.999"",""gp_ard"":""1"",""methods"":""hf_only,ar1,ours"",""svgp_M"":""64"",""svgp_steps"":""2000"",""wl_high"":""750.0"",""wl_low"":""380.0""}"
original_ab_hf500_lfx05_seed_355,phase1_accuracy,AB,hf500_lfx05,HF-only+AR1/co-kriging+Neural-GP MF,original_bundle,500,5,355,,,"{""fpca_var_ratio"":""0.999"",""gp_ard"":""1"",""methods"":""hf_only,ar1,ours"",""svgp_M"":""64"",""svgp_steps"":""2000"",""wl_high"":""750.0"",""wl_low"":""380.0""}"
original_ab_hf500_lfx05_seed_366,phase1_accuracy,AB,hf500_lfx05,HF-only+AR1/co-kriging+Neural-GP MF,original_bundle,500,5,366,,,"{""fpca_var_ratio"":""0.999"",""gp_ard"":""1"",""methods"":""hf_only,ar1,ours"",""svgp_M"":""64"",""svgp_steps"":""2000"",""wl_high"":""750.0"",""wl_low"":""380.0""}"
original_ab_hf500_lfx05_seed_377,phase1_accuracy,AB,hf500_lfx05,HF-only+AR1/co-kriging+Neural-GP MF,original_bundle,500,5,377,,,"{""fpca_var_ratio"":""0.999"",""gp_ard"":""1"",""methods"":""hf_only,ar1,ours"",""svgp_M"":""64"",""svgp_steps"":""2000"",""wl_high"":""750.0"",""wl_low"":""380.0""}"
original_ab_hf500_lfx05_seed_388,phase1_accuracy,AB,hf500_lfx05,HF-only+AR1/co-kriging+Neural-GP MF,original_bundle,500,5,388,,,"{""fpca_var_ratio"":""0.999"",""gp_ard"":""1"",""methods"":""hf_only,ar1,ours"",""svgp_M"":""64"",""svgp_steps"":""2000"",""wl_high"":""750.0"",""wl_low"":""380.0""}"
original_ab_hf500_lfx05_seed_399,phase1_accuracy,AB,hf500_lfx05,HF-only+AR1/co-kriging+Neural-GP MF,original_bundle,500,5,399,,,"{""fpca_var_ratio"":""0.999"",""gp_ard"":""1"",""methods"":""hf_only,ar1,ours"",""svgp_M"":""64"",""svgp_steps"":""2000"",""wl_high"":""750.0"",""wl_low"":""380.0""}"
original_ab_hf500_lfx10_seed_200,phase1_accuracy,AB,hf500_lfx10,HF-only+AR1/co-kriging+Neural-GP MF,original_bundle,500,10,200,,,"{""fpca_var_ratio"":""0.999"",""gp_ard"":""1"",""methods"":""hf_only,ar1,ours"",""svgp_M"":""64"",""svgp_steps"":""2000"",""wl_high"":""750.0"",""wl_low"":""380.0""}"
original_ab_hf500_lfx10_seed_210,phase1_accuracy,AB,hf500_lfx10,HF-only+AR1/co-kriging+Neural-GP MF,original_bundle,500,10,210,,,"{""fpca_var_ratio"":""0.999"",""gp_ard"":""1"",""methods"":""hf_only,ar1,ours"",""svgp_M"":""64"",""svgp_steps"":""2000"",""wl_high"":""750.0"",""wl_low"":""380.0""}"
original_ab_hf500_lfx10_seed_220,phase1_accuracy,AB,hf500_lfx10,HF-only+AR1/co-kriging+Neural-GP MF,original_bundle,500,10,220,,,"{""fpca_var_ratio"":""0.999"",""gp_ard"":""1"",""methods"":""hf_only,ar1,ours"",""svgp_M"":""64"",""svgp_steps"":""2000"",""wl_high"":""750.0"",""wl_low"":""380.0""}"
original_ab_hf500_lfx10_seed_230,phase1_accuracy,AB,hf500_lfx10,HF-only+AR1/co-kriging+Neural-GP MF,original_bundle,500,10,230,,,"{""fpca_var_ratio"":""0.999"",""gp_ard"":""1"",""methods"":""hf_only,ar1,ours"",""svgp_M"":""64"",""svgp_steps"":""2000"",""wl_high"":""750.0"",""wl_low"":""380.0""}"
original_ab_hf500_lfx10_seed_240,phase1_accuracy,AB,hf500_lfx10,HF-only+AR1/co-kriging+Neural-GP MF,original_bundle,500,10,240,,,"{""fpca_var_ratio"":""0.999"",""gp_ard"":""1"",""methods"":""hf_only,ar1,ours"",""svgp_M"":""64"",""svgp_steps"":""2000"",""wl_high"":""750.0"",""wl_low"":""380.0""}"
original_ab_hf500_lfx10_seed_250,phase1_accuracy,AB,hf500_lfx10,HF-only+AR1/co-kriging+Neural-GP MF,original_bundle,500,10,250,,,"{""fpca_var_ratio"":""0.999"",""gp_ard"":""1"",""methods"":""hf_only,ar1,ours"",""svgp_M"":""64"",""svgp_steps"":""2000"",""wl_high"":""750.0"",""wl_low"":""380.0""}"
original_ab_hf500_lfx10_seed_260,phase1_accuracy,AB,hf500_lfx10,HF-only+AR1/co-kriging+Neural-GP MF,original_bundle,500,10,260,,,"{""fpca_var_ratio"":""0.999"",""gp_ard"":""1"",""methods"":""hf_only,ar1,ours"",""svgp_M"":""64"",""svgp_steps"":""2000"",""wl_high"":""750.0"",""wl_low"":""380.0""}"
original_ab_hf500_lfx10_seed_270,phase1_accuracy,AB,hf500_lfx10,HF-only+AR1/co-kriging+Neural-GP MF,original_bundle,500,10,270,,,"{""fpca_var_ratio"":""0.999"",""gp_ard"":""1"",""methods"":""hf_only,ar1,ours"",""svgp_M"":""64"",""svgp_steps"":""2000"",""wl_high"":""750.0"",""wl_low"":""380.0""}"
original_ab_hf500_lfx10_seed_280,phase1_accuracy,AB,hf500_lfx10,HF-only+AR1/co-kriging+Neural-GP MF,original_bundle,500,10,280,,,"{""fpca_var_ratio"":""0.999"",""gp_ard"":""1"",""methods"":""hf_only,ar1,ours"",""svgp_M"":""64"",""svgp_steps"":""2000"",""wl_high"":""750.0"",""wl_low"":""380.0""}"
original_ab_hf500_lfx10_seed_290,phase1_accuracy,AB,hf500_lfx10,HF-only+AR1/co-kriging+Neural-GP MF,original_bundle,500,10,290,,,"{""fpca_var_ratio"":""0.999"",""gp_ard"":""1"",""methods"":""hf_only,ar1,ours"",""svgp_M"":""64"",""svgp_steps"":""2000"",""wl_high"":""750.0"",""wl_low"":""380.0""}"
original_ab_hf500_lfx10_seed_300,phase1_accuracy,AB,hf500_lfx10,HF-only+AR1/co-kriging+Neural-GP MF,original_bundle,500,10,300,,,"{""fpca_var_ratio"":""0.999"",""gp_ard"":""1"",""methods"":""hf_only,ar1,ours"",""svgp_M"":""64"",""svgp_steps"":""2000"",""wl_high"":""750.0"",""wl_low"":""380.0""}"
original_ab_hf500_lfx10_seed_311,phase1_accuracy,AB,hf500_lfx10,HF-only+AR1/co-kriging+Neural-GP MF,original_bundle,500,10,311,,,"{""fpca_var_ratio"":""0.999"",""gp_ard"":""1"",""methods"":""hf_only,ar1,ours"",""svgp_M"":""64"",""svgp_steps"":""2000"",""wl_high"":""750.0"",""wl_low"":""380.0""}"
original_ab_hf500_lfx10_seed_322,phase1_accuracy,AB,hf500_lfx10,HF-only+AR1/co-kriging+Neural-GP MF,original_bundle,500,10,322,,,"{""fpca_var_ratio"":""0.999"",""gp_ard"":""1"",""methods"":""hf_only,ar1,ours"",""svgp_M"":""64"",""svgp_steps"":""2000"",""wl_high"":""750.0"",""wl_low"":""380.0""}"
original_ab_hf500_lfx10_seed_333,phase1_accuracy,AB,hf500_lfx10,HF-only+AR1/co-kriging+Neural-GP MF,original_bundle,500,10,333,,,"{""fpca_var_ratio"":""0.999"",""gp_ard"":""1"",""methods"":""hf_only,ar1,ours"",""svgp_M"":""64"",""svgp_steps"":""2000"",""wl_high"":""750.0"",""wl_low"":""380.0""}"
original_ab_hf500_lfx10_seed_344,phase1_accuracy,AB,hf500_lfx10,HF-only+AR1/co-kriging+Neural-GP MF,original_bundle,500,10,344,,,"{""fpca_var_ratio"":""0.999"",""gp_ard"":""1"",""methods"":""hf_only,ar1,ours"",""svgp_M"":""64"",""svgp_steps"":""2000"",""wl_high"":""750.0"",""wl_low"":""380.0""}"
original_ab_hf500_lfx10_seed_355,phase1_accuracy,AB,hf500_lfx10,HF-only+AR1/co-kriging+Neural-GP MF,original_bundle,500,10,355,,,"{""fpca_var_ratio"":""0.999"",""gp_ard"":""1"",""methods"":""hf_only,ar1,ours"",""svgp_M"":""64"",""svgp_steps"":""2000"",""wl_high"":""750.0"",""wl_low"":""380.0""}"
original_ab_hf500_lfx10_seed_366,phase1_accuracy,AB,hf500_lfx10,HF-only+AR1/co-kriging+Neural-GP MF,original_bundle,500,10,366,,,"{""fpca_var_ratio"":""0.999"",""gp_ard"":""1"",""methods"":""hf_only,ar1,ours"",""svgp_M"":""64"",""svgp_steps"":""2000"",""wl_high"":""750.0"",""wl_low"":""380.0""}"
original_ab_hf500_lfx10_seed_377,phase1_accuracy,AB,hf500_lfx10,HF-only+AR1/co-kriging+Neural-GP MF,original_bundle,500,10,377,,,"{""fpca_var_ratio"":""0.999"",""gp_ard"":""1"",""methods"":""hf_only,ar1,ours"",""svgp_M"":""64"",""svgp_steps"":""2000"",""wl_high"":""750.0"",""wl_low"":""380.0""}"
original_ab_hf500_lfx10_seed_388,phase1_accuracy,AB,hf500_lfx10,HF-only+AR1/co-kriging+Neural-GP MF,original_bundle,500,10,388,,,"{""fpca_var_ratio"":""0.999"",""gp_ard"":""1"",""methods"":""hf_only,ar1,ours"",""svgp_M"":""64"",""svgp_steps"":""2000"",""wl_high"":""750.0"",""wl_low"":""380.0""}"
original_ab_hf500_lfx10_seed_399,phase1_accuracy,AB,hf500_lfx10,HF-only+AR1/co-kriging+Neural-GP MF,original_bundle,500,10,399,,,"{""fpca_var_ratio"":""0.999"",""gp_ard"":""1"",""methods"":""hf_only,ar1,ours"",""svgp_M"":""64"",""svgp_steps"":""2000"",""wl_high"":""750.0"",""wl_low"":""380.0""}"
original_ab_hf500_lfx15_seed_200,phase1_accuracy,AB,hf500_lfx15,HF-only+AR1/co-kriging+Neural-GP MF,original_bundle,500,15,200,,,"{""fpca_var_ratio"":""0.999"",""gp_ard"":""1"",""methods"":""hf_only,ar1,ours"",""svgp_M"":""64"",""svgp_steps"":""2000"",""wl_high"":""750.0"",""wl_low"":""380.0""}"
original_ab_hf500_lfx15_seed_210,phase1_accuracy,AB,hf500_lfx15,HF-only+AR1/co-kriging+Neural-GP MF,original_bundle,500,15,210,,,"{""fpca_var_ratio"":""0.999"",""gp_ard"":""1"",""methods"":""hf_only,ar1,ours"",""svgp_M"":""64"",""svgp_steps"":""2000"",""wl_high"":""750.0"",""wl_low"":""380.0""}"
original_ab_hf500_lfx15_seed_220,phase1_accuracy,AB,hf500_lfx15,HF-only+AR1/co-kriging+Neural-GP MF,original_bundle,500,15,220,,,"{""fpca_var_ratio"":""0.999"",""gp_ard"":""1"",""methods"":""hf_only,ar1,ours"",""svgp_M"":""64"",""svgp_steps"":""2000"",""wl_high"":""750.0"",""wl_low"":""380.0""}"
original_ab_hf500_lfx15_seed_230,phase1_accuracy,AB,hf500_lfx15,HF-only+AR1/co-kriging+Neural-GP MF,original_bundle,500,15,230,,,"{""fpca_var_ratio"":""0.999"",""gp_ard"":""1"",""methods"":""hf_only,ar1,ours"",""svgp_M"":""64"",""svgp_steps"":""2000"",""wl_high"":""750.0"",""wl_low"":""380.0""}"
original_ab_hf500_lfx15_seed_240,phase1_accuracy,AB,hf500_lfx15,HF-only+AR1/co-kriging+Neural-GP MF,original_bundle,500,15,240,,,"{""fpca_var_ratio"":""0.999"",""gp_ard"":""1"",""methods"":""hf_only,ar1,ours"",""svgp_M"":""64"",""svgp_steps"":""2000"",""wl_high"":""750.0"",""wl_low"":""380.0""}"
original_ab_hf500_lfx15_seed_250,phase1_accuracy,AB,hf500_lfx15,HF-only+AR1/co-kriging+Neural-GP MF,original_bundle,500,15,250,,,"{""fpca_var_ratio"":""0.999"",""gp_ard"":""1"",""methods"":""hf_only,ar1,ours"",""svgp_M"":""64"",""svgp_steps"":""2000"",""wl_high"":""750.0"",""wl_low"":""380.0""}"
original_ab_hf500_lfx15_seed_260,phase1_accuracy,AB,hf500_lfx15,HF-only+AR1/co-kriging+Neural-GP MF,original_bundle,500,15,260,,,"{""fpca_var_ratio"":""0.999"",""gp_ard"":""1"",""methods"":""hf_only,ar1,ours"",""svgp_M"":""64"",""svgp_steps"":""2000"",""wl_high"":""750.0"",""wl_low"":""380.0""}"
original_ab_hf500_lfx15_seed_270,phase1_accuracy,AB,hf500_lfx15,HF-only+AR1/co-kriging+Neural-GP MF,original_bundle,500,15,270,,,"{""fpca_var_ratio"":""0.999"",""gp_ard"":""1"",""methods"":""hf_only,ar1,ours"",""svgp_M"":""64"",""svgp_steps"":""2000"",""wl_high"":""750.0"",""wl_low"":""380.0""}"
original_ab_hf500_lfx15_seed_280,phase1_accuracy,AB,hf500_lfx15,HF-only+AR1/co-kriging+Neural-GP MF,original_bundle,500,15,280,,,"{""fpca_var_ratio"":""0.999"",""gp_ard"":""1"",""methods"":""hf_only,ar1,ours"",""svgp_M"":""64"",""svgp_steps"":""2000"",""wl_high"":""750.0"",""wl_low"":""380.0""}"
original_ab_hf500_lfx15_seed_290,phase1_accuracy,AB,hf500_lfx15,HF-only+AR1/co-kriging+Neural-GP MF,original_bundle,500,15,290,,,"{""fpca_var_ratio"":""0.999"",""gp_ard"":""1"",""methods"":""hf_only,ar1,ours"",""svgp_M"":""64"",""svgp_steps"":""2000"",""wl_high"":""750.0"",""wl_low"":""380.0""}"
original_ab_hf500_lfx15_seed_300,phase1_accuracy,AB,hf500_lfx15,HF-only+AR1/co-kriging+Neural-GP MF,original_bundle,500,15,300,,,"{""fpca_var_ratio"":""0.999"",""gp_ard"":""1"",""methods"":""hf_only,ar1,ours"",""svgp_M"":""64"",""svgp_steps"":""2000"",""wl_high"":""750.0"",""wl_low"":""380.0""}"
original_ab_hf500_lfx15_seed_311,phase1_accuracy,AB,hf500_lfx15,HF-only+AR1/co-kriging+Neural-GP MF,original_bundle,500,15,311,,,"{""fpca_var_ratio"":""0.999"",""gp_ard"":""1"",""methods"":""hf_only,ar1,ours"",""svgp_M"":""64"",""svgp_steps"":""2000"",""wl_high"":""750.0"",""wl_low"":""380.0""}"
original_ab_hf500_lfx15_seed_322,phase1_accuracy,AB,hf500_lfx15,HF-only+AR1/co-kriging+Neural-GP MF,original_bundle,500,15,322,,,"{""fpca_var_ratio"":""0.999"",""gp_ard"":""1"",""methods"":""hf_only,ar1,ours"",""svgp_M"":""64"",""svgp_steps"":""2000"",""wl_high"":""750.0"",""wl_low"":""380.0""}"
original_ab_hf500_lfx15_seed_333,phase1_accuracy,AB,hf500_lfx15,HF-only+AR1/co-kriging+Neural-GP MF,original_bundle,500,15,333,,,"{""fpca_var_ratio"":""0.999"",""gp_ard"":""1"",""methods"":""hf_only,ar1,ours"",""svgp_M"":""64"",""svgp_steps"":""2000"",""wl_high"":""750.0"",""wl_low"":""380.0""}"
original_ab_hf500_lfx15_seed_344,phase1_accuracy,AB,hf500_lfx15,HF-only+AR1/co-kriging+Neural-GP MF,original_bundle,500,15,344,,,"{""fpca_var_ratio"":""0.999"",""gp_ard"":""1"",""methods"":""hf_only,ar1,ours"",""svgp_M"":""64"",""svgp_steps"":""2000"",""wl_high"":""750.0"",""wl_low"":""380.0""}"
original_ab_hf500_lfx15_seed_355,phase1_accuracy,AB,hf500_lfx15,HF-only+AR1/co-kriging+Neural-GP MF,original_bundle,500,15,355,,,"{""fpca_var_ratio"":""0.999"",""gp_ard"":""1"",""methods"":""hf_only,ar1,ours"",""svgp_M"":""64"",""svgp_steps"":""2000"",""wl_high"":""750.0"",""wl_low"":""380.0""}"
original_ab_hf500_lfx15_seed_366,phase1_accuracy,AB,hf500_lfx15,HF-only+AR1/co-kriging+Neural-GP MF,original_bundle,500,15,366,,,"{""fpca_var_ratio"":""0.999"",""gp_ard"":""1"",""methods"":""hf_only,ar1,ours"",""svgp_M"":""64"",""svgp_steps"":""2000"",""wl_high"":""750.0"",""wl_low"":""380.0""}"
original_ab_hf500_lfx15_seed_377,phase1_accuracy,AB,hf500_lfx15,HF-only+AR1/co-kriging+Neural-GP MF,original_bundle,500,15,377,,,"{""fpca_var_ratio"":""0.999"",""gp_ard"":""1"",""methods"":""hf_only,ar1,ours"",""svgp_M"":""64"",""svgp_steps"":""2000"",""wl_high"":""750.0"",""wl_low"":""380.0""}"
original_ab_hf500_lfx15_seed_388,phase1_accuracy,AB,hf500_lfx15,HF-only+AR1/co-kriging+Neural-GP MF,original_bundle,500,15,388,,,"{""fpca_var_ratio"":""0.999"",""gp_ard"":""1"",""methods"":""hf_only,ar1,ours"",""svgp_M"":""64"",""svgp_steps"":""2000"",""wl_high"":""750.0"",""wl_low"":""380.0""}"
original_ab_hf500_lfx15_seed_399,phase1_accuracy,AB,hf500_lfx15,HF-only+AR1/co-kriging+Neural-GP MF,original_bundle,500,15,399,,,"{""fpca_var_ratio"":""0.999"",""gp_ard"":""1"",""methods"":""hf_only,ar1,ours"",""svgp_M"":""64"",""svgp_steps"":""2000"",""wl_high"":""750.0"",""wl_low"":""380.0""}"
original_mtm_hf50_lfx10_seed_1,phase1_accuracy,MTM,hf50_lfx10,HF-only+AR1/co-kriging+Neural-GP MF,original_mtm_bundle,50,10,1,,,"{""ci_calibrate"":""0"",""delegate_ours_to_train"":""1"",""lf_prob"":""0"",""methods"":""hf_only,ar1,ours""}"
original_mtm_hf50_lfx10_seed_2,phase1_accuracy,MTM,hf50_lfx10,HF-only+AR1/co-kriging+Neural-GP MF,original_mtm_bundle,50,10,2,,,"{""ci_calibrate"":""0"",""delegate_ours_to_train"":""1"",""lf_prob"":""0"",""methods"":""hf_only,ar1,ours""}"
original_mtm_hf50_lfx10_seed_3,phase1_accuracy,MTM,hf50_lfx10,HF-only+AR1/co-kriging+Neural-GP MF,original_mtm_bundle,50,10,3,,,"{""ci_calibrate"":""0"",""delegate_ours_to_train"":""1"",""lf_prob"":""0"",""methods"":""hf_only,ar1,ours""}"
original_mtm_hf50_lfx10_seed_4,phase1_accuracy,MTM,hf50_lfx10,HF-only+AR1/co-kriging+Neural-GP MF,original_mtm_bundle,50,10,4,,,"{""ci_calibrate"":""0"",""delegate_ours_to_train"":""1"",""lf_prob"":""0"",""methods"":""hf_only,ar1,ours""}"
original_mtm_hf50_lfx10_seed_5,phase1_accuracy,MTM,hf50_lfx10,HF-only+AR1/co-kriging+Neural-GP MF,original_mtm_bundle,50,10,5,,,"{""ci_calibrate"":""0"",""delegate_ours_to_train"":""1"",""lf_prob"":""0"",""methods"":""hf_only,ar1,ours""}"
original_mtm_hf50_lfx10_seed_6,phase1_accuracy,MTM,hf50_lfx10,HF-only+AR1/co-kriging+Neural-GP MF,original_mtm_bundle,50,10,6,,,"{""ci_calibrate"":""0"",""delegate_ours_to_train"":""1"",""lf_prob"":""0"",""methods"":""hf_only,ar1,ours""}"
original_mtm_hf50_lfx10_seed_7,phase1_accuracy,MTM,hf50_lfx10,HF-only+AR1/co-kriging+Neural-GP MF,original_mtm_bundle,50,10,7,,,"{""ci_calibrate"":""0"",""delegate_ours_to_train"":""1"",""lf_prob"":""0"",""methods"":""hf_only,ar1,ours""}"
original_mtm_hf50_lfx10_seed_8,phase1_accuracy,MTM,hf50_lfx10,HF-only+AR1/co-kriging+Neural-GP MF,original_mtm_bundle,50,10,8,,,"{""ci_calibrate"":""0"",""delegate_ours_to_train"":""1"",""lf_prob"":""0"",""methods"":""hf_only,ar1,ours""}"
original_mtm_hf50_lfx10_seed_9,phase1_accuracy,MTM,hf50_lfx10,HF-only+AR1/co-kriging+Neural-GP MF,original_mtm_bundle,50,10,9,,,"{""ci_calibrate"":""0"",""delegate_ours_to_train"":""1"",""lf_prob"":""0"",""methods"":""hf_only,ar1,ours""}"
original_mtm_hf50_lfx10_seed_10,phase1_accuracy,MTM,hf50_lfx10,HF-only+AR1/co-kriging+Neural-GP MF,original_mtm_bundle,50,10,10,,,"{""ci_calibrate"":""0"",""delegate_ours_to_train"":""1"",""lf_prob"":""0"",""methods"":""hf_only,ar1,ours""}"
original_mtm_hf50_lfx10_seed_11,phase1_accuracy,MTM,hf50_lfx10,HF-only+AR1/co-kriging+Neural-GP MF,original_mtm_bundle,50,10,11,,,"{""ci_calibrate"":""0"",""delegate_ours_to_train"":""1"",""lf_prob"":""0"",""methods"":""hf_only,ar1,ours""}"
original_mtm_hf50_lfx10_seed_12,phase1_accuracy,MTM,hf50_lfx10,HF-only+AR1/co-kriging+Neural-GP MF,original_mtm_bundle,50,10,12,,,"{""ci_calibrate"":""0"",""delegate_ours_to_train"":""1"",""lf_prob"":""0"",""methods"":""hf_only,ar1,ours""}"
original_mtm_hf50_lfx10_seed_13,phase1_accuracy,MTM,hf50_lfx10,HF-only+AR1/co-kriging+Neural-GP MF,original_mtm_bundle,50,10,13,,,"{""ci_calibrate"":""0"",""delegate_ours_to_train"":""1"",""lf_prob"":""0"",""methods"":""hf_only,ar1,ours""}"
original_mtm_hf50_lfx10_seed_14,phase1_accuracy,MTM,hf50_lfx10,HF-only+AR1/co-kriging+Neural-GP MF,original_mtm_bundle,50,10,14,,,"{""ci_calibrate"":""0"",""delegate_ours_to_train"":""1"",""lf_prob"":""0"",""methods"":""hf_only,ar1,ours""}"
original_mtm_hf50_lfx10_seed_15,phase1_accuracy,MTM,hf50_lfx10,HF-only+AR1/co-kriging+Neural-GP MF,original_mtm_bundle,50,10,15,,,"{""ci_calibrate"":""0"",""delegate_ours_to_train"":""1"",""lf_prob"":""0"",""methods"":""hf_only,ar1,ours""}"
original_mtm_hf50_lfx10_seed_16,phase1_accuracy,MTM,hf50_lfx10,HF-only+AR1/co-kriging+Neural-GP MF,original_mtm_bundle,50,10,16,,,"{""ci_calibrate"":""0"",""delegate_ours_to_train"":""1"",""lf_prob"":""0"",""methods"":""hf_only,ar1,ours""}"
original_mtm_hf50_lfx10_seed_17,phase1_accuracy,MTM,hf50_lfx10,HF-only+AR1/co-kriging+Neural-GP MF,original_mtm_bundle,50,10,17,,,"{""ci_calibrate"":""0"",""delegate_ours_to_train"":""1"",""lf_prob"":""0"",""methods"":""hf_only,ar1,ours""}"
original_mtm_hf50_lfx10_seed_18,phase1_accuracy,MTM,hf50_lfx10,HF-only+AR1/co-kriging+Neural-GP MF,original_mtm_bundle,50,10,18,,,"{""ci_calibrate"":""0"",""delegate_ours_to_train"":""1"",""lf_prob"":""0"",""methods"":""hf_only,ar1,ours""}"
original_mtm_hf50_lfx10_seed_19,phase1_accuracy,MTM,hf50_lfx10,HF-only+AR1/co-kriging+Neural-GP MF,original_mtm_bundle,50,10,19,,,"{""ci_calibrate"":""0"",""delegate_ours_to_train"":""1"",""lf_prob"":""0"",""methods"":""hf_only,ar1,ours""}"
original_mtm_hf50_lfx10_seed_20,phase1_accuracy,MTM,hf50_lfx10,HF-only+AR1/co-kriging+Neural-GP MF,original_mtm_bundle,50,10,20,,,"{""ci_calibrate"":""0"",""delegate_ours_to_train"":""1"",""lf_prob"":""0"",""methods"":""hf_only,ar1,ours""}"
comparison_tm_fpca_nargp_hf50_lfx10_seed_200,phase1_accuracy,TM,hf50_lfx10,fpca-nargp,comparison,50,10,200,,,"{""run_kind"":""scientific""}"
comparison_tm_fpca_nargp_hf50_lfx10_seed_210,phase1_accuracy,TM,hf50_lfx10,fpca-nargp,comparison,50,10,210,,,"{""run_kind"":""scientific""}"
comparison_tm_fpca_nargp_hf50_lfx10_seed_220,phase1_accuracy,TM,hf50_lfx10,fpca-nargp,comparison,50,10,220,,,"{""run_kind"":""scientific""}"
comparison_tm_fpca_nargp_hf50_lfx10_seed_230,phase1_accuracy,TM,hf50_lfx10,fpca-nargp,comparison,50,10,230,,,"{""run_kind"":""scientific""}"
comparison_tm_fpca_nargp_hf50_lfx10_seed_240,phase1_accuracy,TM,hf50_lfx10,fpca-nargp,comparison,50,10,240,,,"{""run_kind"":""scientific""}"
comparison_tm_fpca_nargp_hf50_lfx10_seed_250,phase1_accuracy,TM,hf50_lfx10,fpca-nargp,comparison,50,10,250,,,"{""run_kind"":""scientific""}"
comparison_tm_fpca_nargp_hf50_lfx10_seed_260,phase1_accuracy,TM,hf50_lfx10,fpca-nargp,comparison,50,10,260,,,"{""run_kind"":""scientific""}"
comparison_tm_fpca_nargp_hf50_lfx10_seed_270,phase1_accuracy,TM,hf50_lfx10,fpca-nargp,comparison,50,10,270,,,"{""run_kind"":""scientific""}"
comparison_tm_fpca_nargp_hf50_lfx10_seed_280,phase1_accuracy,TM,hf50_lfx10,fpca-nargp,comparison,50,10,280,,,"{""run_kind"":""scientific""}"
comparison_tm_fpca_nargp_hf50_lfx10_seed_290,phase1_accuracy,TM,hf50_lfx10,fpca-nargp,comparison,50,10,290,,,"{""run_kind"":""scientific""}"
comparison_tm_fpca_nargp_hf50_lfx10_seed_300,phase1_accuracy,TM,hf50_lfx10,fpca-nargp,comparison,50,10,300,,,"{""run_kind"":""scientific""}"
comparison_tm_fpca_nargp_hf50_lfx10_seed_311,phase1_accuracy,TM,hf50_lfx10,fpca-nargp,comparison,50,10,311,,,"{""run_kind"":""scientific""}"
comparison_tm_fpca_nargp_hf50_lfx10_seed_322,phase1_accuracy,TM,hf50_lfx10,fpca-nargp,comparison,50,10,322,,,"{""run_kind"":""scientific""}"
comparison_tm_fpca_nargp_hf50_lfx10_seed_333,phase1_accuracy,TM,hf50_lfx10,fpca-nargp,comparison,50,10,333,,,"{""run_kind"":""scientific""}"
comparison_tm_fpca_nargp_hf50_lfx10_seed_344,phase1_accuracy,TM,hf50_lfx10,fpca-nargp,comparison,50,10,344,,,"{""run_kind"":""scientific""}"
comparison_tm_fpca_nargp_hf50_lfx10_seed_355,phase1_accuracy,TM,hf50_lfx10,fpca-nargp,comparison,50,10,355,,,"{""run_kind"":""scientific""}"
comparison_tm_fpca_nargp_hf50_lfx10_seed_366,phase1_accuracy,TM,hf50_lfx10,fpca-nargp,comparison,50,10,366,,,"{""run_kind"":""scientific""}"
comparison_tm_fpca_nargp_hf50_lfx10_seed_377,phase1_accuracy,TM,hf50_lfx10,fpca-nargp,comparison,50,10,377,,,"{""run_kind"":""scientific""}"
comparison_tm_fpca_nargp_hf50_lfx10_seed_388,phase1_accuracy,TM,hf50_lfx10,fpca-nargp,comparison,50,10,388,,,"{""run_kind"":""scientific""}"
comparison_tm_fpca_nargp_hf50_lfx10_seed_399,phase1_accuracy,TM,hf50_lfx10,fpca-nargp,comparison,50,10,399,,,"{""run_kind"":""scientific""}"
comparison_tm_fpca_nargp_hf100_lfx10_seed_200,phase1_accuracy,TM,hf100_lfx10,fpca-nargp,comparison,100,10,200,,,"{""run_kind"":""scientific""}"
comparison_tm_fpca_nargp_hf100_lfx10_seed_210,phase1_accuracy,TM,hf100_lfx10,fpca-nargp,comparison,100,10,210,,,"{""run_kind"":""scientific""}"
comparison_tm_fpca_nargp_hf100_lfx10_seed_220,phase1_accuracy,TM,hf100_lfx10,fpca-nargp,comparison,100,10,220,,,"{""run_kind"":""scientific""}"
comparison_tm_fpca_nargp_hf100_lfx10_seed_230,phase1_accuracy,TM,hf100_lfx10,fpca-nargp,comparison,100,10,230,,,"{""run_kind"":""scientific""}"
comparison_tm_fpca_nargp_hf100_lfx10_seed_240,phase1_accuracy,TM,hf100_lfx10,fpca-nargp,comparison,100,10,240,,,"{""run_kind"":""scientific""}"
comparison_tm_fpca_nargp_hf100_lfx10_seed_250,phase1_accuracy,TM,hf100_lfx10,fpca-nargp,comparison,100,10,250,,,"{""run_kind"":""scientific""}"
comparison_tm_fpca_nargp_hf100_lfx10_seed_260,phase1_accuracy,TM,hf100_lfx10,fpca-nargp,comparison,100,10,260,,,"{""run_kind"":""scientific""}"
comparison_tm_fpca_nargp_hf100_lfx10_seed_270,phase1_accuracy,TM,hf100_lfx10,fpca-nargp,comparison,100,10,270,,,"{""run_kind"":""scientific""}"
comparison_tm_fpca_nargp_hf100_lfx10_seed_280,phase1_accuracy,TM,hf100_lfx10,fpca-nargp,comparison,100,10,280,,,"{""run_kind"":""scientific""}"
comparison_tm_fpca_nargp_hf100_lfx10_seed_290,phase1_accuracy,TM,hf100_lfx10,fpca-nargp,comparison,100,10,290,,,"{""run_kind"":""scientific""}"
comparison_tm_fpca_nargp_hf100_lfx10_seed_300,phase1_accuracy,TM,hf100_lfx10,fpca-nargp,comparison,100,10,300,,,"{""run_kind"":""scientific""}"
comparison_tm_fpca_nargp_hf100_lfx10_seed_311,phase1_accuracy,TM,hf100_lfx10,fpca-nargp,comparison,100,10,311,,,"{""run_kind"":""scientific""}"
comparison_tm_fpca_nargp_hf100_lfx10_seed_322,phase1_accuracy,TM,hf100_lfx10,fpca-nargp,comparison,100,10,322,,,"{""run_kind"":""scientific""}"
comparison_tm_fpca_nargp_hf100_lfx10_seed_333,phase1_accuracy,TM,hf100_lfx10,fpca-nargp,comparison,100,10,333,,,"{""run_kind"":""scientific""}"
comparison_tm_fpca_nargp_hf100_lfx10_seed_344,phase1_accuracy,TM,hf100_lfx10,fpca-nargp,comparison,100,10,344,,,"{""run_kind"":""scientific""}"
comparison_tm_fpca_nargp_hf100_lfx10_seed_355,phase1_accuracy,TM,hf100_lfx10,fpca-nargp,comparison,100,10,355,,,"{""run_kind"":""scientific""}"
comparison_tm_fpca_nargp_hf100_lfx10_seed_366,phase1_accuracy,TM,hf100_lfx10,fpca-nargp,comparison,100,10,366,,,"{""run_kind"":""scientific""}"
comparison_tm_fpca_nargp_hf100_lfx10_seed_377,phase1_accuracy,TM,hf100_lfx10,fpca-nargp,comparison,100,10,377,,,"{""run_kind"":""scientific""}"
comparison_tm_fpca_nargp_hf100_lfx10_seed_388,phase1_accuracy,TM,hf100_lfx10,fpca-nargp,comparison,100,10,388,,,"{""run_kind"":""scientific""}"
comparison_tm_fpca_nargp_hf100_lfx10_seed_399,phase1_accuracy,TM,hf100_lfx10,fpca-nargp,comparison,100,10,399,,,"{""run_kind"":""scientific""}"
comparison_tm_fpca_nargp_hf200_lfx10_seed_200,phase1_accuracy,TM,hf200_lfx10,fpca-nargp,comparison,200,10,200,,,"{""run_kind"":""scientific""}"
comparison_tm_fpca_nargp_hf200_lfx10_seed_210,phase1_accuracy,TM,hf200_lfx10,fpca-nargp,comparison,200,10,210,,,"{""run_kind"":""scientific""}"
comparison_tm_fpca_nargp_hf200_lfx10_seed_220,phase1_accuracy,TM,hf200_lfx10,fpca-nargp,comparison,200,10,220,,,"{""run_kind"":""scientific""}"
comparison_tm_fpca_nargp_hf200_lfx10_seed_230,phase1_accuracy,TM,hf200_lfx10,fpca-nargp,comparison,200,10,230,,,"{""run_kind"":""scientific""}"
comparison_tm_fpca_nargp_hf200_lfx10_seed_240,phase1_accuracy,TM,hf200_lfx10,fpca-nargp,comparison,200,10,240,,,"{""run_kind"":""scientific""}"
comparison_tm_fpca_nargp_hf200_lfx10_seed_250,phase1_accuracy,TM,hf200_lfx10,fpca-nargp,comparison,200,10,250,,,"{""run_kind"":""scientific""}"
comparison_tm_fpca_nargp_hf200_lfx10_seed_260,phase1_accuracy,TM,hf200_lfx10,fpca-nargp,comparison,200,10,260,,,"{""run_kind"":""scientific""}"
comparison_tm_fpca_nargp_hf200_lfx10_seed_270,phase1_accuracy,TM,hf200_lfx10,fpca-nargp,comparison,200,10,270,,,"{""run_kind"":""scientific""}"
comparison_tm_fpca_nargp_hf200_lfx10_seed_280,phase1_accuracy,TM,hf200_lfx10,fpca-nargp,comparison,200,10,280,,,"{""run_kind"":""scientific""}"
comparison_tm_fpca_nargp_hf200_lfx10_seed_290,phase1_accuracy,TM,hf200_lfx10,fpca-nargp,comparison,200,10,290,,,"{""run_kind"":""scientific""}"
comparison_tm_fpca_nargp_hf200_lfx10_seed_300,phase1_accuracy,TM,hf200_lfx10,fpca-nargp,comparison,200,10,300,,,"{""run_kind"":""scientific""}"
comparison_tm_fpca_nargp_hf200_lfx10_seed_311,phase1_accuracy,TM,hf200_lfx10,fpca-nargp,comparison,200,10,311,,,"{""run_kind"":""scientific""}"
comparison_tm_fpca_nargp_hf200_lfx10_seed_322,phase1_accuracy,TM,hf200_lfx10,fpca-nargp,comparison,200,10,322,,,"{""run_kind"":""scientific""}"
comparison_tm_fpca_nargp_hf200_lfx10_seed_333,phase1_accuracy,TM,hf200_lfx10,fpca-nargp,comparison,200,10,333,,,"{""run_kind"":""scientific""}"
comparison_tm_fpca_nargp_hf200_lfx10_seed_344,phase1_accuracy,TM,hf200_lfx10,fpca-nargp,comparison,200,10,344,,,"{""run_kind"":""scientific""}"
comparison_tm_fpca_nargp_hf200_lfx10_seed_355,phase1_accuracy,TM,hf200_lfx10,fpca-nargp,comparison,200,10,355,,,"{""run_kind"":""scientific""}"
comparison_tm_fpca_nargp_hf200_lfx10_seed_366,phase1_accuracy,TM,hf200_lfx10,fpca-nargp,comparison,200,10,366,,,"{""run_kind"":""scientific""}"
comparison_tm_fpca_nargp_hf200_lfx10_seed_377,phase1_accuracy,TM,hf200_lfx10,fpca-nargp,comparison,200,10,377,,,"{""run_kind"":""scientific""}"
comparison_tm_fpca_nargp_hf200_lfx10_seed_388,phase1_accuracy,TM,hf200_lfx10,fpca-nargp,comparison,200,10,388,,,"{""run_kind"":""scientific""}"
comparison_tm_fpca_nargp_hf200_lfx10_seed_399,phase1_accuracy,TM,hf200_lfx10,fpca-nargp,comparison,200,10,399,,,"{""run_kind"":""scientific""}"
comparison_tm_fpca_nargp_hf300_lfx10_seed_200,phase1_accuracy,TM,hf300_lfx10,fpca-nargp,comparison,300,10,200,,,"{""run_kind"":""scientific""}"
comparison_tm_fpca_nargp_hf300_lfx10_seed_210,phase1_accuracy,TM,hf300_lfx10,fpca-nargp,comparison,300,10,210,,,"{""run_kind"":""scientific""}"
comparison_tm_fpca_nargp_hf300_lfx10_seed_220,phase1_accuracy,TM,hf300_lfx10,fpca-nargp,comparison,300,10,220,,,"{""run_kind"":""scientific""}"
comparison_tm_fpca_nargp_hf300_lfx10_seed_230,phase1_accuracy,TM,hf300_lfx10,fpca-nargp,comparison,300,10,230,,,"{""run_kind"":""scientific""}"
comparison_tm_fpca_nargp_hf300_lfx10_seed_240,phase1_accuracy,TM,hf300_lfx10,fpca-nargp,comparison,300,10,240,,,"{""run_kind"":""scientific""}"
comparison_tm_fpca_nargp_hf300_lfx10_seed_250,phase1_accuracy,TM,hf300_lfx10,fpca-nargp,comparison,300,10,250,,,"{""run_kind"":""scientific""}"
comparison_tm_fpca_nargp_hf300_lfx10_seed_260,phase1_accuracy,TM,hf300_lfx10,fpca-nargp,comparison,300,10,260,,,"{""run_kind"":""scientific""}"
comparison_tm_fpca_nargp_hf300_lfx10_seed_270,phase1_accuracy,TM,hf300_lfx10,fpca-nargp,comparison,300,10,270,,,"{""run_kind"":""scientific""}"
comparison_tm_fpca_nargp_hf300_lfx10_seed_280,phase1_accuracy,TM,hf300_lfx10,fpca-nargp,comparison,300,10,280,,,"{""run_kind"":""scientific""}"
comparison_tm_fpca_nargp_hf300_lfx10_seed_290,phase1_accuracy,TM,hf300_lfx10,fpca-nargp,comparison,300,10,290,,,"{""run_kind"":""scientific""}"
comparison_tm_fpca_nargp_hf300_lfx10_seed_300,phase1_accuracy,TM,hf300_lfx10,fpca-nargp,comparison,300,10,300,,,"{""run_kind"":""scientific""}"
comparison_tm_fpca_nargp_hf300_lfx10_seed_311,phase1_accuracy,TM,hf300_lfx10,fpca-nargp,comparison,300,10,311,,,"{""run_kind"":""scientific""}"
comparison_tm_fpca_nargp_hf300_lfx10_seed_322,phase1_accuracy,TM,hf300_lfx10,fpca-nargp,comparison,300,10,322,,,"{""run_kind"":""scientific""}"
comparison_tm_fpca_nargp_hf300_lfx10_seed_333,phase1_accuracy,TM,hf300_lfx10,fpca-nargp,comparison,300,10,333,,,"{""run_kind"":""scientific""}"
comparison_tm_fpca_nargp_hf300_lfx10_seed_344,phase1_accuracy,TM,hf300_lfx10,fpca-nargp,comparison,300,10,344,,,"{""run_kind"":""scientific""}"
comparison_tm_fpca_nargp_hf300_lfx10_seed_355,phase1_accuracy,TM,hf300_lfx10,fpca-nargp,comparison,300,10,355,,,"{""run_kind"":""scientific""}"
comparison_tm_fpca_nargp_hf300_lfx10_seed_366,phase1_accuracy,TM,hf300_lfx10,fpca-nargp,comparison,300,10,366,,,"{""run_kind"":""scientific""}"
comparison_tm_fpca_nargp_hf300_lfx10_seed_377,phase1_accuracy,TM,hf300_lfx10,fpca-nargp,comparison,300,10,377,,,"{""run_kind"":""scientific""}"
comparison_tm_fpca_nargp_hf300_lfx10_seed_388,phase1_accuracy,TM,hf300_lfx10,fpca-nargp,comparison,300,10,388,,,"{""run_kind"":""scientific""}"
comparison_tm_fpca_nargp_hf300_lfx10_seed_399,phase1_accuracy,TM,hf300_lfx10,fpca-nargp,comparison,300,10,399,,,"{""run_kind"":""scientific""}"
comparison_tm_fpca_nargp_hf400_lfx10_seed_200,phase1_accuracy,TM,hf400_lfx10,fpca-nargp,comparison,400,10,200,,,"{""run_kind"":""scientific""}"
comparison_tm_fpca_nargp_hf400_lfx10_seed_210,phase1_accuracy,TM,hf400_lfx10,fpca-nargp,comparison,400,10,210,,,"{""run_kind"":""scientific""}"
comparison_tm_fpca_nargp_hf400_lfx10_seed_220,phase1_accuracy,TM,hf400_lfx10,fpca-nargp,comparison,400,10,220,,,"{""run_kind"":""scientific""}"
comparison_tm_fpca_nargp_hf400_lfx10_seed_230,phase1_accuracy,TM,hf400_lfx10,fpca-nargp,comparison,400,10,230,,,"{""run_kind"":""scientific""}"
comparison_tm_fpca_nargp_hf400_lfx10_seed_240,phase1_accuracy,TM,hf400_lfx10,fpca-nargp,comparison,400,10,240,,,"{""run_kind"":""scientific""}"
comparison_tm_fpca_nargp_hf400_lfx10_seed_250,phase1_accuracy,TM,hf400_lfx10,fpca-nargp,comparison,400,10,250,,,"{""run_kind"":""scientific""}"
comparison_tm_fpca_nargp_hf400_lfx10_seed_260,phase1_accuracy,TM,hf400_lfx10,fpca-nargp,comparison,400,10,260,,,"{""run_kind"":""scientific""}"
comparison_tm_fpca_nargp_hf400_lfx10_seed_270,phase1_accuracy,TM,hf400_lfx10,fpca-nargp,comparison,400,10,270,,,"{""run_kind"":""scientific""}"
comparison_tm_fpca_nargp_hf400_lfx10_seed_280,phase1_accuracy,TM,hf400_lfx10,fpca-nargp,comparison,400,10,280,,,"{""run_kind"":""scientific""}"
comparison_tm_fpca_nargp_hf400_lfx10_seed_290,phase1_accuracy,TM,hf400_lfx10,fpca-nargp,comparison,400,10,290,,,"{""run_kind"":""scientific""}"
comparison_tm_fpca_nargp_hf400_lfx10_seed_300,phase1_accuracy,TM,hf400_lfx10,fpca-nargp,comparison,400,10,300,,,"{""run_kind"":""scientific""}"
comparison_tm_fpca_nargp_hf400_lfx10_seed_311,phase1_accuracy,TM,hf400_lfx10,fpca-nargp,comparison,400,10,311,,,"{""run_kind"":""scientific""}"
comparison_tm_fpca_nargp_hf400_lfx10_seed_322,phase1_accuracy,TM,hf400_lfx10,fpca-nargp,comparison,400,10,322,,,"{""run_kind"":""scientific""}"
comparison_tm_fpca_nargp_hf400_lfx10_seed_333,phase1_accuracy,TM,hf400_lfx10,fpca-nargp,comparison,400,10,333,,,"{""run_kind"":""scientific""}"
comparison_tm_fpca_nargp_hf400_lfx10_seed_344,phase1_accuracy,TM,hf400_lfx10,fpca-nargp,comparison,400,10,344,,,"{""run_kind"":""scientific""}"
comparison_tm_fpca_nargp_hf400_lfx10_seed_355,phase1_accuracy,TM,hf400_lfx10,fpca-nargp,comparison,400,10,355,,,"{""run_kind"":""scientific""}"
comparison_tm_fpca_nargp_hf400_lfx10_seed_366,phase1_accuracy,TM,hf400_lfx10,fpca-nargp,comparison,400,10,366,,,"{""run_kind"":""scientific""}"
comparison_tm_fpca_nargp_hf400_lfx10_seed_377,phase1_accuracy,TM,hf400_lfx10,fpca-nargp,comparison,400,10,377,,,"{""run_kind"":""scientific""}"
comparison_tm_fpca_nargp_hf400_lfx10_seed_388,phase1_accuracy,TM,hf400_lfx10,fpca-nargp,comparison,400,10,388,,,"{""run_kind"":""scientific""}"
comparison_tm_fpca_nargp_hf400_lfx10_seed_399,phase1_accuracy,TM,hf400_lfx10,fpca-nargp,comparison,400,10,399,,,"{""run_kind"":""scientific""}"
comparison_tm_fpca_nargp_hf500_lfx10_seed_200,phase1_accuracy,TM,hf500_lfx10,fpca-nargp,comparison,500,10,200,,,"{""run_kind"":""scientific""}"
comparison_tm_fpca_nargp_hf500_lfx10_seed_210,phase1_accuracy,TM,hf500_lfx10,fpca-nargp,comparison,500,10,210,,,"{""run_kind"":""scientific""}"
comparison_tm_fpca_nargp_hf500_lfx10_seed_220,phase1_accuracy,TM,hf500_lfx10,fpca-nargp,comparison,500,10,220,,,"{""run_kind"":""scientific""}"
comparison_tm_fpca_nargp_hf500_lfx10_seed_230,phase1_accuracy,TM,hf500_lfx10,fpca-nargp,comparison,500,10,230,,,"{""run_kind"":""scientific""}"
comparison_tm_fpca_nargp_hf500_lfx10_seed_240,phase1_accuracy,TM,hf500_lfx10,fpca-nargp,comparison,500,10,240,,,"{""run_kind"":""scientific""}"
comparison_tm_fpca_nargp_hf500_lfx10_seed_250,phase1_accuracy,TM,hf500_lfx10,fpca-nargp,comparison,500,10,250,,,"{""run_kind"":""scientific""}"
comparison_tm_fpca_nargp_hf500_lfx10_seed_260,phase1_accuracy,TM,hf500_lfx10,fpca-nargp,comparison,500,10,260,,,"{""run_kind"":""scientific""}"
comparison_tm_fpca_nargp_hf500_lfx10_seed_270,phase1_accuracy,TM,hf500_lfx10,fpca-nargp,comparison,500,10,270,,,"{""run_kind"":""scientific""}"
comparison_tm_fpca_nargp_hf500_lfx10_seed_280,phase1_accuracy,TM,hf500_lfx10,fpca-nargp,comparison,500,10,280,,,"{""run_kind"":""scientific""}"
comparison_tm_fpca_nargp_hf500_lfx10_seed_290,phase1_accuracy,TM,hf500_lfx10,fpca-nargp,comparison,500,10,290,,,"{""run_kind"":""scientific""}"
comparison_tm_fpca_nargp_hf500_lfx10_seed_300,phase1_accuracy,TM,hf500_lfx10,fpca-nargp,comparison,500,10,300,,,"{""run_kind"":""scientific""}"
comparison_tm_fpca_nargp_hf500_lfx10_seed_311,phase1_accuracy,TM,hf500_lfx10,fpca-nargp,comparison,500,10,311,,,"{""run_kind"":""scientific""}"
comparison_tm_fpca_nargp_hf500_lfx10_seed_322,phase1_accuracy,TM,hf500_lfx10,fpca-nargp,comparison,500,10,322,,,"{""run_kind"":""scientific""}"
comparison_tm_fpca_nargp_hf500_lfx10_seed_333,phase1_accuracy,TM,hf500_lfx10,fpca-nargp,comparison,500,10,333,,,"{""run_kind"":""scientific""}"
comparison_tm_fpca_nargp_hf500_lfx10_seed_344,phase1_accuracy,TM,hf500_lfx10,fpca-nargp,comparison,500,10,344,,,"{""run_kind"":""scientific""}"
comparison_tm_fpca_nargp_hf500_lfx10_seed_355,phase1_accuracy,TM,hf500_lfx10,fpca-nargp,comparison,500,10,355,,,"{""run_kind"":""scientific""}"
comparison_tm_fpca_nargp_hf500_lfx10_seed_366,phase1_accuracy,TM,hf500_lfx10,fpca-nargp,comparison,500,10,366,,,"{""run_kind"":""scientific""}"
comparison_tm_fpca_nargp_hf500_lfx10_seed_377,phase1_accuracy,TM,hf500_lfx10,fpca-nargp,comparison,500,10,377,,,"{""run_kind"":""scientific""}"
comparison_tm_fpca_nargp_hf500_lfx10_seed_388,phase1_accuracy,TM,hf500_lfx10,fpca-nargp,comparison,500,10,388,,,"{""run_kind"":""scientific""}"
comparison_tm_fpca_nargp_hf500_lfx10_seed_399,phase1_accuracy,TM,hf500_lfx10,fpca-nargp,comparison,500,10,399,,,"{""run_kind"":""scientific""}"
comparison_tm_mf_deeponet_hf50_lfx10_seed_200,phase1_accuracy,TM,hf50_lfx10,mf-deeponet,comparison,50,10,200,,,"{""run_kind"":""scientific""}"
comparison_tm_mf_deeponet_hf50_lfx10_seed_210,phase1_accuracy,TM,hf50_lfx10,mf-deeponet,comparison,50,10,210,,,"{""run_kind"":""scientific""}"
comparison_tm_mf_deeponet_hf50_lfx10_seed_220,phase1_accuracy,TM,hf50_lfx10,mf-deeponet,comparison,50,10,220,,,"{""run_kind"":""scientific""}"
comparison_tm_mf_deeponet_hf50_lfx10_seed_230,phase1_accuracy,TM,hf50_lfx10,mf-deeponet,comparison,50,10,230,,,"{""run_kind"":""scientific""}"
comparison_tm_mf_deeponet_hf50_lfx10_seed_240,phase1_accuracy,TM,hf50_lfx10,mf-deeponet,comparison,50,10,240,,,"{""run_kind"":""scientific""}"
comparison_tm_mf_deeponet_hf50_lfx10_seed_250,phase1_accuracy,TM,hf50_lfx10,mf-deeponet,comparison,50,10,250,,,"{""run_kind"":""scientific""}"
comparison_tm_mf_deeponet_hf50_lfx10_seed_260,phase1_accuracy,TM,hf50_lfx10,mf-deeponet,comparison,50,10,260,,,"{""run_kind"":""scientific""}"
comparison_tm_mf_deeponet_hf50_lfx10_seed_270,phase1_accuracy,TM,hf50_lfx10,mf-deeponet,comparison,50,10,270,,,"{""run_kind"":""scientific""}"
comparison_tm_mf_deeponet_hf50_lfx10_seed_280,phase1_accuracy,TM,hf50_lfx10,mf-deeponet,comparison,50,10,280,,,"{""run_kind"":""scientific""}"
comparison_tm_mf_deeponet_hf50_lfx10_seed_290,phase1_accuracy,TM,hf50_lfx10,mf-deeponet,comparison,50,10,290,,,"{""run_kind"":""scientific""}"
comparison_tm_mf_deeponet_hf50_lfx10_seed_300,phase1_accuracy,TM,hf50_lfx10,mf-deeponet,comparison,50,10,300,,,"{""run_kind"":""scientific""}"
comparison_tm_mf_deeponet_hf50_lfx10_seed_311,phase1_accuracy,TM,hf50_lfx10,mf-deeponet,comparison,50,10,311,,,"{""run_kind"":""scientific""}"
comparison_tm_mf_deeponet_hf50_lfx10_seed_322,phase1_accuracy,TM,hf50_lfx10,mf-deeponet,comparison,50,10,322,,,"{""run_kind"":""scientific""}"
comparison_tm_mf_deeponet_hf50_lfx10_seed_333,phase1_accuracy,TM,hf50_lfx10,mf-deeponet,comparison,50,10,333,,,"{""run_kind"":""scientific""}"
comparison_tm_mf_deeponet_hf50_lfx10_seed_344,phase1_accuracy,TM,hf50_lfx10,mf-deeponet,comparison,50,10,344,,,"{""run_kind"":""scientific""}"
comparison_tm_mf_deeponet_hf50_lfx10_seed_355,phase1_accuracy,TM,hf50_lfx10,mf-deeponet,comparison,50,10,355,,,"{""run_kind"":""scientific""}"
comparison_tm_mf_deeponet_hf50_lfx10_seed_366,phase1_accuracy,TM,hf50_lfx10,mf-deeponet,comparison,50,10,366,,,"{""run_kind"":""scientific""}"
comparison_tm_mf_deeponet_hf50_lfx10_seed_377,phase1_accuracy,TM,hf50_lfx10,mf-deeponet,comparison,50,10,377,,,"{""run_kind"":""scientific""}"
comparison_tm_mf_deeponet_hf50_lfx10_seed_388,phase1_accuracy,TM,hf50_lfx10,mf-deeponet,comparison,50,10,388,,,"{""run_kind"":""scientific""}"
comparison_tm_mf_deeponet_hf50_lfx10_seed_399,phase1_accuracy,TM,hf50_lfx10,mf-deeponet,comparison,50,10,399,,,"{""run_kind"":""scientific""}"
comparison_tm_mf_deeponet_hf100_lfx10_seed_200,phase1_accuracy,TM,hf100_lfx10,mf-deeponet,comparison,100,10,200,,,"{""run_kind"":""scientific""}"
comparison_tm_mf_deeponet_hf100_lfx10_seed_210,phase1_accuracy,TM,hf100_lfx10,mf-deeponet,comparison,100,10,210,,,"{""run_kind"":""scientific""}"
comparison_tm_mf_deeponet_hf100_lfx10_seed_220,phase1_accuracy,TM,hf100_lfx10,mf-deeponet,comparison,100,10,220,,,"{""run_kind"":""scientific""}"
comparison_tm_mf_deeponet_hf100_lfx10_seed_230,phase1_accuracy,TM,hf100_lfx10,mf-deeponet,comparison,100,10,230,,,"{""run_kind"":""scientific""}"
comparison_tm_mf_deeponet_hf100_lfx10_seed_240,phase1_accuracy,TM,hf100_lfx10,mf-deeponet,comparison,100,10,240,,,"{""run_kind"":""scientific""}"
comparison_tm_mf_deeponet_hf100_lfx10_seed_250,phase1_accuracy,TM,hf100_lfx10,mf-deeponet,comparison,100,10,250,,,"{""run_kind"":""scientific""}"
comparison_tm_mf_deeponet_hf100_lfx10_seed_260,phase1_accuracy,TM,hf100_lfx10,mf-deeponet,comparison,100,10,260,,,"{""run_kind"":""scientific""}"
comparison_tm_mf_deeponet_hf100_lfx10_seed_270,phase1_accuracy,TM,hf100_lfx10,mf-deeponet,comparison,100,10,270,,,"{""run_kind"":""scientific""}"
comparison_tm_mf_deeponet_hf100_lfx10_seed_280,phase1_accuracy,TM,hf100_lfx10,mf-deeponet,comparison,100,10,280,,,"{""run_kind"":""scientific""}"
comparison_tm_mf_deeponet_hf100_lfx10_seed_290,phase1_accuracy,TM,hf100_lfx10,mf-deeponet,comparison,100,10,290,,,"{""run_kind"":""scientific""}"
comparison_tm_mf_deeponet_hf100_lfx10_seed_300,phase1_accuracy,TM,hf100_lfx10,mf-deeponet,comparison,100,10,300,,,"{""run_kind"":""scientific""}"
comparison_tm_mf_deeponet_hf100_lfx10_seed_311,phase1_accuracy,TM,hf100_lfx10,mf-deeponet,comparison,100,10,311,,,"{""run_kind"":""scientific""}"
comparison_tm_mf_deeponet_hf100_lfx10_seed_322,phase1_accuracy,TM,hf100_lfx10,mf-deeponet,comparison,100,10,322,,,"{""run_kind"":""scientific""}"
comparison_tm_mf_deeponet_hf100_lfx10_seed_333,phase1_accuracy,TM,hf100_lfx10,mf-deeponet,comparison,100,10,333,,,"{""run_kind"":""scientific""}"
comparison_tm_mf_deeponet_hf100_lfx10_seed_344,phase1_accuracy,TM,hf100_lfx10,mf-deeponet,comparison,100,10,344,,,"{""run_kind"":""scientific""}"
comparison_tm_mf_deeponet_hf100_lfx10_seed_355,phase1_accuracy,TM,hf100_lfx10,mf-deeponet,comparison,100,10,355,,,"{""run_kind"":""scientific""}"
comparison_tm_mf_deeponet_hf100_lfx10_seed_366,phase1_accuracy,TM,hf100_lfx10,mf-deeponet,comparison,100,10,366,,,"{""run_kind"":""scientific""}"
comparison_tm_mf_deeponet_hf100_lfx10_seed_377,phase1_accuracy,TM,hf100_lfx10,mf-deeponet,comparison,100,10,377,,,"{""run_kind"":""scientific""}"
comparison_tm_mf_deeponet_hf100_lfx10_seed_388,phase1_accuracy,TM,hf100_lfx10,mf-deeponet,comparison,100,10,388,,,"{""run_kind"":""scientific""}"
comparison_tm_mf_deeponet_hf100_lfx10_seed_399,phase1_accuracy,TM,hf100_lfx10,mf-deeponet,comparison,100,10,399,,,"{""run_kind"":""scientific""}"
comparison_tm_mf_deeponet_hf200_lfx10_seed_200,phase1_accuracy,TM,hf200_lfx10,mf-deeponet,comparison,200,10,200,,,"{""run_kind"":""scientific""}"
comparison_tm_mf_deeponet_hf200_lfx10_seed_210,phase1_accuracy,TM,hf200_lfx10,mf-deeponet,comparison,200,10,210,,,"{""run_kind"":""scientific""}"
comparison_tm_mf_deeponet_hf200_lfx10_seed_220,phase1_accuracy,TM,hf200_lfx10,mf-deeponet,comparison,200,10,220,,,"{""run_kind"":""scientific""}"
comparison_tm_mf_deeponet_hf200_lfx10_seed_230,phase1_accuracy,TM,hf200_lfx10,mf-deeponet,comparison,200,10,230,,,"{""run_kind"":""scientific""}"
comparison_tm_mf_deeponet_hf200_lfx10_seed_240,phase1_accuracy,TM,hf200_lfx10,mf-deeponet,comparison,200,10,240,,,"{""run_kind"":""scientific""}"
comparison_tm_mf_deeponet_hf200_lfx10_seed_250,phase1_accuracy,TM,hf200_lfx10,mf-deeponet,comparison,200,10,250,,,"{""run_kind"":""scientific""}"
comparison_tm_mf_deeponet_hf200_lfx10_seed_260,phase1_accuracy,TM,hf200_lfx10,mf-deeponet,comparison,200,10,260,,,"{""run_kind"":""scientific""}"
comparison_tm_mf_deeponet_hf200_lfx10_seed_270,phase1_accuracy,TM,hf200_lfx10,mf-deeponet,comparison,200,10,270,,,"{""run_kind"":""scientific""}"
comparison_tm_mf_deeponet_hf200_lfx10_seed_280,phase1_accuracy,TM,hf200_lfx10,mf-deeponet,comparison,200,10,280,,,"{""run_kind"":""scientific""}"
comparison_tm_mf_deeponet_hf200_lfx10_seed_290,phase1_accuracy,TM,hf200_lfx10,mf-deeponet,comparison,200,10,290,,,"{""run_kind"":""scientific""}"
comparison_tm_mf_deeponet_hf200_lfx10_seed_300,phase1_accuracy,TM,hf200_lfx10,mf-deeponet,comparison,200,10,300,,,"{""run_kind"":""scientific""}"
comparison_tm_mf_deeponet_hf200_lfx10_seed_311,phase1_accuracy,TM,hf200_lfx10,mf-deeponet,comparison,200,10,311,,,"{""run_kind"":""scientific""}"
comparison_tm_mf_deeponet_hf200_lfx10_seed_322,phase1_accuracy,TM,hf200_lfx10,mf-deeponet,comparison,200,10,322,,,"{""run_kind"":""scientific""}"
comparison_tm_mf_deeponet_hf200_lfx10_seed_333,phase1_accuracy,TM,hf200_lfx10,mf-deeponet,comparison,200,10,333,,,"{""run_kind"":""scientific""}"
comparison_tm_mf_deeponet_hf200_lfx10_seed_344,phase1_accuracy,TM,hf200_lfx10,mf-deeponet,comparison,200,10,344,,,"{""run_kind"":""scientific""}"
comparison_tm_mf_deeponet_hf200_lfx10_seed_355,phase1_accuracy,TM,hf200_lfx10,mf-deeponet,comparison,200,10,355,,,"{""run_kind"":""scientific""}"
comparison_tm_mf_deeponet_hf200_lfx10_seed_366,phase1_accuracy,TM,hf200_lfx10,mf-deeponet,comparison,200,10,366,,,"{""run_kind"":""scientific""}"
comparison_tm_mf_deeponet_hf200_lfx10_seed_377,phase1_accuracy,TM,hf200_lfx10,mf-deeponet,comparison,200,10,377,,,"{""run_kind"":""scientific""}"
comparison_tm_mf_deeponet_hf200_lfx10_seed_388,phase1_accuracy,TM,hf200_lfx10,mf-deeponet,comparison,200,10,388,,,"{""run_kind"":""scientific""}"
comparison_tm_mf_deeponet_hf200_lfx10_seed_399,phase1_accuracy,TM,hf200_lfx10,mf-deeponet,comparison,200,10,399,,,"{""run_kind"":""scientific""}"
comparison_tm_mf_deeponet_hf300_lfx10_seed_200,phase1_accuracy,TM,hf300_lfx10,mf-deeponet,comparison,300,10,200,,,"{""run_kind"":""scientific""}"
comparison_tm_mf_deeponet_hf300_lfx10_seed_210,phase1_accuracy,TM,hf300_lfx10,mf-deeponet,comparison,300,10,210,,,"{""run_kind"":""scientific""}"
comparison_tm_mf_deeponet_hf300_lfx10_seed_220,phase1_accuracy,TM,hf300_lfx10,mf-deeponet,comparison,300,10,220,,,"{""run_kind"":""scientific""}"
comparison_tm_mf_deeponet_hf300_lfx10_seed_230,phase1_accuracy,TM,hf300_lfx10,mf-deeponet,comparison,300,10,230,,,"{""run_kind"":""scientific""}"
comparison_tm_mf_deeponet_hf300_lfx10_seed_240,phase1_accuracy,TM,hf300_lfx10,mf-deeponet,comparison,300,10,240,,,"{""run_kind"":""scientific""}"
comparison_tm_mf_deeponet_hf300_lfx10_seed_250,phase1_accuracy,TM,hf300_lfx10,mf-deeponet,comparison,300,10,250,,,"{""run_kind"":""scientific""}"
comparison_tm_mf_deeponet_hf300_lfx10_seed_260,phase1_accuracy,TM,hf300_lfx10,mf-deeponet,comparison,300,10,260,,,"{""run_kind"":""scientific""}"
comparison_tm_mf_deeponet_hf300_lfx10_seed_270,phase1_accuracy,TM,hf300_lfx10,mf-deeponet,comparison,300,10,270,,,"{""run_kind"":""scientific""}"
comparison_tm_mf_deeponet_hf300_lfx10_seed_280,phase1_accuracy,TM,hf300_lfx10,mf-deeponet,comparison,300,10,280,,,"{""run_kind"":""scientific""}"
comparison_tm_mf_deeponet_hf300_lfx10_seed_290,phase1_accuracy,TM,hf300_lfx10,mf-deeponet,comparison,300,10,290,,,"{""run_kind"":""scientific""}"
comparison_tm_mf_deeponet_hf300_lfx10_seed_300,phase1_accuracy,TM,hf300_lfx10,mf-deeponet,comparison,300,10,300,,,"{""run_kind"":""scientific""}"
comparison_tm_mf_deeponet_hf300_lfx10_seed_311,phase1_accuracy,TM,hf300_lfx10,mf-deeponet,comparison,300,10,311,,,"{""run_kind"":""scientific""}"
comparison_tm_mf_deeponet_hf300_lfx10_seed_322,phase1_accuracy,TM,hf300_lfx10,mf-deeponet,comparison,300,10,322,,,"{""run_kind"":""scientific""}"
comparison_tm_mf_deeponet_hf300_lfx10_seed_333,phase1_accuracy,TM,hf300_lfx10,mf-deeponet,comparison,300,10,333,,,"{""run_kind"":""scientific""}"
comparison_tm_mf_deeponet_hf300_lfx10_seed_344,phase1_accuracy,TM,hf300_lfx10,mf-deeponet,comparison,300,10,344,,,"{""run_kind"":""scientific""}"
comparison_tm_mf_deeponet_hf300_lfx10_seed_355,phase1_accuracy,TM,hf300_lfx10,mf-deeponet,comparison,300,10,355,,,"{""run_kind"":""scientific""}"
comparison_tm_mf_deeponet_hf300_lfx10_seed_366,phase1_accuracy,TM,hf300_lfx10,mf-deeponet,comparison,300,10,366,,,"{""run_kind"":""scientific""}"
comparison_tm_mf_deeponet_hf300_lfx10_seed_377,phase1_accuracy,TM,hf300_lfx10,mf-deeponet,comparison,300,10,377,,,"{""run_kind"":""scientific""}"
comparison_tm_mf_deeponet_hf300_lfx10_seed_388,phase1_accuracy,TM,hf300_lfx10,mf-deeponet,comparison,300,10,388,,,"{""run_kind"":""scientific""}"
comparison_tm_mf_deeponet_hf300_lfx10_seed_399,phase1_accuracy,TM,hf300_lfx10,mf-deeponet,comparison,300,10,399,,,"{""run_kind"":""scientific""}"
comparison_tm_mf_deeponet_hf400_lfx10_seed_200,phase1_accuracy,TM,hf400_lfx10,mf-deeponet,comparison,400,10,200,,,"{""run_kind"":""scientific""}"
comparison_tm_mf_deeponet_hf400_lfx10_seed_210,phase1_accuracy,TM,hf400_lfx10,mf-deeponet,comparison,400,10,210,,,"{""run_kind"":""scientific""}"
comparison_tm_mf_deeponet_hf400_lfx10_seed_220,phase1_accuracy,TM,hf400_lfx10,mf-deeponet,comparison,400,10,220,,,"{""run_kind"":""scientific""}"
comparison_tm_mf_deeponet_hf400_lfx10_seed_230,phase1_accuracy,TM,hf400_lfx10,mf-deeponet,comparison,400,10,230,,,"{""run_kind"":""scientific""}"
comparison_tm_mf_deeponet_hf400_lfx10_seed_240,phase1_accuracy,TM,hf400_lfx10,mf-deeponet,comparison,400,10,240,,,"{""run_kind"":""scientific""}"
comparison_tm_mf_deeponet_hf400_lfx10_seed_250,phase1_accuracy,TM,hf400_lfx10,mf-deeponet,comparison,400,10,250,,,"{""run_kind"":""scientific""}"
comparison_tm_mf_deeponet_hf400_lfx10_seed_260,phase1_accuracy,TM,hf400_lfx10,mf-deeponet,comparison,400,10,260,,,"{""run_kind"":""scientific""}"
comparison_tm_mf_deeponet_hf400_lfx10_seed_270,phase1_accuracy,TM,hf400_lfx10,mf-deeponet,comparison,400,10,270,,,"{""run_kind"":""scientific""}"
comparison_tm_mf_deeponet_hf400_lfx10_seed_280,phase1_accuracy,TM,hf400_lfx10,mf-deeponet,comparison,400,10,280,,,"{""run_kind"":""scientific""}"
comparison_tm_mf_deeponet_hf400_lfx10_seed_290,phase1_accuracy,TM,hf400_lfx10,mf-deeponet,comparison,400,10,290,,,"{""run_kind"":""scientific""}"
comparison_tm_mf_deeponet_hf400_lfx10_seed_300,phase1_accuracy,TM,hf400_lfx10,mf-deeponet,comparison,400,10,300,,,"{""run_kind"":""scientific""}"
comparison_tm_mf_deeponet_hf400_lfx10_seed_311,phase1_accuracy,TM,hf400_lfx10,mf-deeponet,comparison,400,10,311,,,"{""run_kind"":""scientific""}"
comparison_tm_mf_deeponet_hf400_lfx10_seed_322,phase1_accuracy,TM,hf400_lfx10,mf-deeponet,comparison,400,10,322,,,"{""run_kind"":""scientific""}"
comparison_tm_mf_deeponet_hf400_lfx10_seed_333,phase1_accuracy,TM,hf400_lfx10,mf-deeponet,comparison,400,10,333,,,"{""run_kind"":""scientific""}"
comparison_tm_mf_deeponet_hf400_lfx10_seed_344,phase1_accuracy,TM,hf400_lfx10,mf-deeponet,comparison,400,10,344,,,"{""run_kind"":""scientific""}"
comparison_tm_mf_deeponet_hf400_lfx10_seed_355,phase1_accuracy,TM,hf400_lfx10,mf-deeponet,comparison,400,10,355,,,"{""run_kind"":""scientific""}"
comparison_tm_mf_deeponet_hf400_lfx10_seed_366,phase1_accuracy,TM,hf400_lfx10,mf-deeponet,comparison,400,10,366,,,"{""run_kind"":""scientific""}"
comparison_tm_mf_deeponet_hf400_lfx10_seed_377,phase1_accuracy,TM,hf400_lfx10,mf-deeponet,comparison,400,10,377,,,"{""run_kind"":""scientific""}"
comparison_tm_mf_deeponet_hf400_lfx10_seed_388,phase1_accuracy,TM,hf400_lfx10,mf-deeponet,comparison,400,10,388,,,"{""run_kind"":""scientific""}"
comparison_tm_mf_deeponet_hf400_lfx10_seed_399,phase1_accuracy,TM,hf400_lfx10,mf-deeponet,comparison,400,10,399,,,"{""run_kind"":""scientific""}"
comparison_tm_mf_deeponet_hf500_lfx10_seed_200,phase1_accuracy,TM,hf500_lfx10,mf-deeponet,comparison,500,10,200,,,"{""run_kind"":""scientific""}"
comparison_tm_mf_deeponet_hf500_lfx10_seed_210,phase1_accuracy,TM,hf500_lfx10,mf-deeponet,comparison,500,10,210,,,"{""run_kind"":""scientific""}"
comparison_tm_mf_deeponet_hf500_lfx10_seed_220,phase1_accuracy,TM,hf500_lfx10,mf-deeponet,comparison,500,10,220,,,"{""run_kind"":""scientific""}"
comparison_tm_mf_deeponet_hf500_lfx10_seed_230,phase1_accuracy,TM,hf500_lfx10,mf-deeponet,comparison,500,10,230,,,"{""run_kind"":""scientific""}"
comparison_tm_mf_deeponet_hf500_lfx10_seed_240,phase1_accuracy,TM,hf500_lfx10,mf-deeponet,comparison,500,10,240,,,"{""run_kind"":""scientific""}"
comparison_tm_mf_deeponet_hf500_lfx10_seed_250,phase1_accuracy,TM,hf500_lfx10,mf-deeponet,comparison,500,10,250,,,"{""run_kind"":""scientific""}"
comparison_tm_mf_deeponet_hf500_lfx10_seed_260,phase1_accuracy,TM,hf500_lfx10,mf-deeponet,comparison,500,10,260,,,"{""run_kind"":""scientific""}"
comparison_tm_mf_deeponet_hf500_lfx10_seed_270,phase1_accuracy,TM,hf500_lfx10,mf-deeponet,comparison,500,10,270,,,"{""run_kind"":""scientific""}"
comparison_tm_mf_deeponet_hf500_lfx10_seed_280,phase1_accuracy,TM,hf500_lfx10,mf-deeponet,comparison,500,10,280,,,"{""run_kind"":""scientific""}"
comparison_tm_mf_deeponet_hf500_lfx10_seed_290,phase1_accuracy,TM,hf500_lfx10,mf-deeponet,comparison,500,10,290,,,"{""run_kind"":""scientific""}"
comparison_tm_mf_deeponet_hf500_lfx10_seed_300,phase1_accuracy,TM,hf500_lfx10,mf-deeponet,comparison,500,10,300,,,"{""run_kind"":""scientific""}"
comparison_tm_mf_deeponet_hf500_lfx10_seed_311,phase1_accuracy,TM,hf500_lfx10,mf-deeponet,comparison,500,10,311,,,"{""run_kind"":""scientific""}"
comparison_tm_mf_deeponet_hf500_lfx10_seed_322,phase1_accuracy,TM,hf500_lfx10,mf-deeponet,comparison,500,10,322,,,"{""run_kind"":""scientific""}"
comparison_tm_mf_deeponet_hf500_lfx10_seed_333,phase1_accuracy,TM,hf500_lfx10,mf-deeponet,comparison,500,10,333,,,"{""run_kind"":""scientific""}"
comparison_tm_mf_deeponet_hf500_lfx10_seed_344,phase1_accuracy,TM,hf500_lfx10,mf-deeponet,comparison,500,10,344,,,"{""run_kind"":""scientific""}"
comparison_tm_mf_deeponet_hf500_lfx10_seed_355,phase1_accuracy,TM,hf500_lfx10,mf-deeponet,comparison,500,10,355,,,"{""run_kind"":""scientific""}"
comparison_tm_mf_deeponet_hf500_lfx10_seed_366,phase1_accuracy,TM,hf500_lfx10,mf-deeponet,comparison,500,10,366,,,"{""run_kind"":""scientific""}"
comparison_tm_mf_deeponet_hf500_lfx10_seed_377,phase1_accuracy,TM,hf500_lfx10,mf-deeponet,comparison,500,10,377,,,"{""run_kind"":""scientific""}"
comparison_tm_mf_deeponet_hf500_lfx10_seed_388,phase1_accuracy,TM,hf500_lfx10,mf-deeponet,comparison,500,10,388,,,"{""run_kind"":""scientific""}"
comparison_tm_mf_deeponet_hf500_lfx10_seed_399,phase1_accuracy,TM,hf500_lfx10,mf-deeponet,comparison,500,10,399,,,"{""run_kind"":""scientific""}"
comparison_ab_fpca_nargp_hf50_lfx10_seed_200,phase1_accuracy,AB,hf50_lfx10,fpca-nargp,comparison,50,10,200,,,"{""run_kind"":""scientific""}"
comparison_ab_fpca_nargp_hf50_lfx10_seed_210,phase1_accuracy,AB,hf50_lfx10,fpca-nargp,comparison,50,10,210,,,"{""run_kind"":""scientific""}"
comparison_ab_fpca_nargp_hf50_lfx10_seed_220,phase1_accuracy,AB,hf50_lfx10,fpca-nargp,comparison,50,10,220,,,"{""run_kind"":""scientific""}"
comparison_ab_fpca_nargp_hf50_lfx10_seed_230,phase1_accuracy,AB,hf50_lfx10,fpca-nargp,comparison,50,10,230,,,"{""run_kind"":""scientific""}"
comparison_ab_fpca_nargp_hf50_lfx10_seed_240,phase1_accuracy,AB,hf50_lfx10,fpca-nargp,comparison,50,10,240,,,"{""run_kind"":""scientific""}"
comparison_ab_fpca_nargp_hf50_lfx10_seed_250,phase1_accuracy,AB,hf50_lfx10,fpca-nargp,comparison,50,10,250,,,"{""run_kind"":""scientific""}"
comparison_ab_fpca_nargp_hf50_lfx10_seed_260,phase1_accuracy,AB,hf50_lfx10,fpca-nargp,comparison,50,10,260,,,"{""run_kind"":""scientific""}"
comparison_ab_fpca_nargp_hf50_lfx10_seed_270,phase1_accuracy,AB,hf50_lfx10,fpca-nargp,comparison,50,10,270,,,"{""run_kind"":""scientific""}"
comparison_ab_fpca_nargp_hf50_lfx10_seed_280,phase1_accuracy,AB,hf50_lfx10,fpca-nargp,comparison,50,10,280,,,"{""run_kind"":""scientific""}"
comparison_ab_fpca_nargp_hf50_lfx10_seed_290,phase1_accuracy,AB,hf50_lfx10,fpca-nargp,comparison,50,10,290,,,"{""run_kind"":""scientific""}"
comparison_ab_fpca_nargp_hf50_lfx10_seed_300,phase1_accuracy,AB,hf50_lfx10,fpca-nargp,comparison,50,10,300,,,"{""run_kind"":""scientific""}"
comparison_ab_fpca_nargp_hf50_lfx10_seed_311,phase1_accuracy,AB,hf50_lfx10,fpca-nargp,comparison,50,10,311,,,"{""run_kind"":""scientific""}"
comparison_ab_fpca_nargp_hf50_lfx10_seed_322,phase1_accuracy,AB,hf50_lfx10,fpca-nargp,comparison,50,10,322,,,"{""run_kind"":""scientific""}"
comparison_ab_fpca_nargp_hf50_lfx10_seed_333,phase1_accuracy,AB,hf50_lfx10,fpca-nargp,comparison,50,10,333,,,"{""run_kind"":""scientific""}"
comparison_ab_fpca_nargp_hf50_lfx10_seed_344,phase1_accuracy,AB,hf50_lfx10,fpca-nargp,comparison,50,10,344,,,"{""run_kind"":""scientific""}"
comparison_ab_fpca_nargp_hf50_lfx10_seed_355,phase1_accuracy,AB,hf50_lfx10,fpca-nargp,comparison,50,10,355,,,"{""run_kind"":""scientific""}"
comparison_ab_fpca_nargp_hf50_lfx10_seed_366,phase1_accuracy,AB,hf50_lfx10,fpca-nargp,comparison,50,10,366,,,"{""run_kind"":""scientific""}"
comparison_ab_fpca_nargp_hf50_lfx10_seed_377,phase1_accuracy,AB,hf50_lfx10,fpca-nargp,comparison,50,10,377,,,"{""run_kind"":""scientific""}"
comparison_ab_fpca_nargp_hf50_lfx10_seed_388,phase1_accuracy,AB,hf50_lfx10,fpca-nargp,comparison,50,10,388,,,"{""run_kind"":""scientific""}"
comparison_ab_fpca_nargp_hf50_lfx10_seed_399,phase1_accuracy,AB,hf50_lfx10,fpca-nargp,comparison,50,10,399,,,"{""run_kind"":""scientific""}"
comparison_ab_fpca_nargp_hf100_lfx10_seed_200,phase1_accuracy,AB,hf100_lfx10,fpca-nargp,comparison,100,10,200,,,"{""run_kind"":""scientific""}"
comparison_ab_fpca_nargp_hf100_lfx10_seed_210,phase1_accuracy,AB,hf100_lfx10,fpca-nargp,comparison,100,10,210,,,"{""run_kind"":""scientific""}"
comparison_ab_fpca_nargp_hf100_lfx10_seed_220,phase1_accuracy,AB,hf100_lfx10,fpca-nargp,comparison,100,10,220,,,"{""run_kind"":""scientific""}"
comparison_ab_fpca_nargp_hf100_lfx10_seed_230,phase1_accuracy,AB,hf100_lfx10,fpca-nargp,comparison,100,10,230,,,"{""run_kind"":""scientific""}"
comparison_ab_fpca_nargp_hf100_lfx10_seed_240,phase1_accuracy,AB,hf100_lfx10,fpca-nargp,comparison,100,10,240,,,"{""run_kind"":""scientific""}"
comparison_ab_fpca_nargp_hf100_lfx10_seed_250,phase1_accuracy,AB,hf100_lfx10,fpca-nargp,comparison,100,10,250,,,"{""run_kind"":""scientific""}"
comparison_ab_fpca_nargp_hf100_lfx10_seed_260,phase1_accuracy,AB,hf100_lfx10,fpca-nargp,comparison,100,10,260,,,"{""run_kind"":""scientific""}"
comparison_ab_fpca_nargp_hf100_lfx10_seed_270,phase1_accuracy,AB,hf100_lfx10,fpca-nargp,comparison,100,10,270,,,"{""run_kind"":""scientific""}"
comparison_ab_fpca_nargp_hf100_lfx10_seed_280,phase1_accuracy,AB,hf100_lfx10,fpca-nargp,comparison,100,10,280,,,"{""run_kind"":""scientific""}"
comparison_ab_fpca_nargp_hf100_lfx10_seed_290,phase1_accuracy,AB,hf100_lfx10,fpca-nargp,comparison,100,10,290,,,"{""run_kind"":""scientific""}"
comparison_ab_fpca_nargp_hf100_lfx10_seed_300,phase1_accuracy,AB,hf100_lfx10,fpca-nargp,comparison,100,10,300,,,"{""run_kind"":""scientific""}"
comparison_ab_fpca_nargp_hf100_lfx10_seed_311,phase1_accuracy,AB,hf100_lfx10,fpca-nargp,comparison,100,10,311,,,"{""run_kind"":""scientific""}"
comparison_ab_fpca_nargp_hf100_lfx10_seed_322,phase1_accuracy,AB,hf100_lfx10,fpca-nargp,comparison,100,10,322,,,"{""run_kind"":""scientific""}"
comparison_ab_fpca_nargp_hf100_lfx10_seed_333,phase1_accuracy,AB,hf100_lfx10,fpca-nargp,comparison,100,10,333,,,"{""run_kind"":""scientific""}"
comparison_ab_fpca_nargp_hf100_lfx10_seed_344,phase1_accuracy,AB,hf100_lfx10,fpca-nargp,comparison,100,10,344,,,"{""run_kind"":""scientific""}"
comparison_ab_fpca_nargp_hf100_lfx10_seed_355,phase1_accuracy,AB,hf100_lfx10,fpca-nargp,comparison,100,10,355,,,"{""run_kind"":""scientific""}"
comparison_ab_fpca_nargp_hf100_lfx10_seed_366,phase1_accuracy,AB,hf100_lfx10,fpca-nargp,comparison,100,10,366,,,"{""run_kind"":""scientific""}"
comparison_ab_fpca_nargp_hf100_lfx10_seed_377,phase1_accuracy,AB,hf100_lfx10,fpca-nargp,comparison,100,10,377,,,"{""run_kind"":""scientific""}"
comparison_ab_fpca_nargp_hf100_lfx10_seed_388,phase1_accuracy,AB,hf100_lfx10,fpca-nargp,comparison,100,10,388,,,"{""run_kind"":""scientific""}"
comparison_ab_fpca_nargp_hf100_lfx10_seed_399,phase1_accuracy,AB,hf100_lfx10,fpca-nargp,comparison,100,10,399,,,"{""run_kind"":""scientific""}"
comparison_ab_fpca_nargp_hf200_lfx10_seed_200,phase1_accuracy,AB,hf200_lfx10,fpca-nargp,comparison,200,10,200,,,"{""run_kind"":""scientific""}"
comparison_ab_fpca_nargp_hf200_lfx10_seed_210,phase1_accuracy,AB,hf200_lfx10,fpca-nargp,comparison,200,10,210,,,"{""run_kind"":""scientific""}"
comparison_ab_fpca_nargp_hf200_lfx10_seed_220,phase1_accuracy,AB,hf200_lfx10,fpca-nargp,comparison,200,10,220,,,"{""run_kind"":""scientific""}"
comparison_ab_fpca_nargp_hf200_lfx10_seed_230,phase1_accuracy,AB,hf200_lfx10,fpca-nargp,comparison,200,10,230,,,"{""run_kind"":""scientific""}"
comparison_ab_fpca_nargp_hf200_lfx10_seed_240,phase1_accuracy,AB,hf200_lfx10,fpca-nargp,comparison,200,10,240,,,"{""run_kind"":""scientific""}"
comparison_ab_fpca_nargp_hf200_lfx10_seed_250,phase1_accuracy,AB,hf200_lfx10,fpca-nargp,comparison,200,10,250,,,"{""run_kind"":""scientific""}"
comparison_ab_fpca_nargp_hf200_lfx10_seed_260,phase1_accuracy,AB,hf200_lfx10,fpca-nargp,comparison,200,10,260,,,"{""run_kind"":""scientific""}"
comparison_ab_fpca_nargp_hf200_lfx10_seed_270,phase1_accuracy,AB,hf200_lfx10,fpca-nargp,comparison,200,10,270,,,"{""run_kind"":""scientific""}"
comparison_ab_fpca_nargp_hf200_lfx10_seed_280,phase1_accuracy,AB,hf200_lfx10,fpca-nargp,comparison,200,10,280,,,"{""run_kind"":""scientific""}"
comparison_ab_fpca_nargp_hf200_lfx10_seed_290,phase1_accuracy,AB,hf200_lfx10,fpca-nargp,comparison,200,10,290,,,"{""run_kind"":""scientific""}"
comparison_ab_fpca_nargp_hf200_lfx10_seed_300,phase1_accuracy,AB,hf200_lfx10,fpca-nargp,comparison,200,10,300,,,"{""run_kind"":""scientific""}"
comparison_ab_fpca_nargp_hf200_lfx10_seed_311,phase1_accuracy,AB,hf200_lfx10,fpca-nargp,comparison,200,10,311,,,"{""run_kind"":""scientific""}"
comparison_ab_fpca_nargp_hf200_lfx10_seed_322,phase1_accuracy,AB,hf200_lfx10,fpca-nargp,comparison,200,10,322,,,"{""run_kind"":""scientific""}"
comparison_ab_fpca_nargp_hf200_lfx10_seed_333,phase1_accuracy,AB,hf200_lfx10,fpca-nargp,comparison,200,10,333,,,"{""run_kind"":""scientific""}"
comparison_ab_fpca_nargp_hf200_lfx10_seed_344,phase1_accuracy,AB,hf200_lfx10,fpca-nargp,comparison,200,10,344,,,"{""run_kind"":""scientific""}"
comparison_ab_fpca_nargp_hf200_lfx10_seed_355,phase1_accuracy,AB,hf200_lfx10,fpca-nargp,comparison,200,10,355,,,"{""run_kind"":""scientific""}"
comparison_ab_fpca_nargp_hf200_lfx10_seed_366,phase1_accuracy,AB,hf200_lfx10,fpca-nargp,comparison,200,10,366,,,"{""run_kind"":""scientific""}"
comparison_ab_fpca_nargp_hf200_lfx10_seed_377,phase1_accuracy,AB,hf200_lfx10,fpca-nargp,comparison,200,10,377,,,"{""run_kind"":""scientific""}"
comparison_ab_fpca_nargp_hf200_lfx10_seed_388,phase1_accuracy,AB,hf200_lfx10,fpca-nargp,comparison,200,10,388,,,"{""run_kind"":""scientific""}"
comparison_ab_fpca_nargp_hf200_lfx10_seed_399,phase1_accuracy,AB,hf200_lfx10,fpca-nargp,comparison,200,10,399,,,"{""run_kind"":""scientific""}"
comparison_ab_fpca_nargp_hf300_lfx10_seed_200,phase1_accuracy,AB,hf300_lfx10,fpca-nargp,comparison,300,10,200,,,"{""run_kind"":""scientific""}"
comparison_ab_fpca_nargp_hf300_lfx10_seed_210,phase1_accuracy,AB,hf300_lfx10,fpca-nargp,comparison,300,10,210,,,"{""run_kind"":""scientific""}"
comparison_ab_fpca_nargp_hf300_lfx10_seed_220,phase1_accuracy,AB,hf300_lfx10,fpca-nargp,comparison,300,10,220,,,"{""run_kind"":""scientific""}"
comparison_ab_fpca_nargp_hf300_lfx10_seed_230,phase1_accuracy,AB,hf300_lfx10,fpca-nargp,comparison,300,10,230,,,"{""run_kind"":""scientific""}"
comparison_ab_fpca_nargp_hf300_lfx10_seed_240,phase1_accuracy,AB,hf300_lfx10,fpca-nargp,comparison,300,10,240,,,"{""run_kind"":""scientific""}"
comparison_ab_fpca_nargp_hf300_lfx10_seed_250,phase1_accuracy,AB,hf300_lfx10,fpca-nargp,comparison,300,10,250,,,"{""run_kind"":""scientific""}"
comparison_ab_fpca_nargp_hf300_lfx10_seed_260,phase1_accuracy,AB,hf300_lfx10,fpca-nargp,comparison,300,10,260,,,"{""run_kind"":""scientific""}"
comparison_ab_fpca_nargp_hf300_lfx10_seed_270,phase1_accuracy,AB,hf300_lfx10,fpca-nargp,comparison,300,10,270,,,"{""run_kind"":""scientific""}"
comparison_ab_fpca_nargp_hf300_lfx10_seed_280,phase1_accuracy,AB,hf300_lfx10,fpca-nargp,comparison,300,10,280,,,"{""run_kind"":""scientific""}"
comparison_ab_fpca_nargp_hf300_lfx10_seed_290,phase1_accuracy,AB,hf300_lfx10,fpca-nargp,comparison,300,10,290,,,"{""run_kind"":""scientific""}"
comparison_ab_fpca_nargp_hf300_lfx10_seed_300,phase1_accuracy,AB,hf300_lfx10,fpca-nargp,comparison,300,10,300,,,"{""run_kind"":""scientific""}"
comparison_ab_fpca_nargp_hf300_lfx10_seed_311,phase1_accuracy,AB,hf300_lfx10,fpca-nargp,comparison,300,10,311,,,"{""run_kind"":""scientific""}"
comparison_ab_fpca_nargp_hf300_lfx10_seed_322,phase1_accuracy,AB,hf300_lfx10,fpca-nargp,comparison,300,10,322,,,"{""run_kind"":""scientific""}"
comparison_ab_fpca_nargp_hf300_lfx10_seed_333,phase1_accuracy,AB,hf300_lfx10,fpca-nargp,comparison,300,10,333,,,"{""run_kind"":""scientific""}"
comparison_ab_fpca_nargp_hf300_lfx10_seed_344,phase1_accuracy,AB,hf300_lfx10,fpca-nargp,comparison,300,10,344,,,"{""run_kind"":""scientific""}"
comparison_ab_fpca_nargp_hf300_lfx10_seed_355,phase1_accuracy,AB,hf300_lfx10,fpca-nargp,comparison,300,10,355,,,"{""run_kind"":""scientific""}"
comparison_ab_fpca_nargp_hf300_lfx10_seed_366,phase1_accuracy,AB,hf300_lfx10,fpca-nargp,comparison,300,10,366,,,"{""run_kind"":""scientific""}"
comparison_ab_fpca_nargp_hf300_lfx10_seed_377,phase1_accuracy,AB,hf300_lfx10,fpca-nargp,comparison,300,10,377,,,"{""run_kind"":""scientific""}"
comparison_ab_fpca_nargp_hf300_lfx10_seed_388,phase1_accuracy,AB,hf300_lfx10,fpca-nargp,comparison,300,10,388,,,"{""run_kind"":""scientific""}"
comparison_ab_fpca_nargp_hf300_lfx10_seed_399,phase1_accuracy,AB,hf300_lfx10,fpca-nargp,comparison,300,10,399,,,"{""run_kind"":""scientific""}"
comparison_ab_fpca_nargp_hf400_lfx10_seed_200,phase1_accuracy,AB,hf400_lfx10,fpca-nargp,comparison,400,10,200,,,"{""run_kind"":""scientific""}"
comparison_ab_fpca_nargp_hf400_lfx10_seed_210,phase1_accuracy,AB,hf400_lfx10,fpca-nargp,comparison,400,10,210,,,"{""run_kind"":""scientific""}"
comparison_ab_fpca_nargp_hf400_lfx10_seed_220,phase1_accuracy,AB,hf400_lfx10,fpca-nargp,comparison,400,10,220,,,"{""run_kind"":""scientific""}"
comparison_ab_fpca_nargp_hf400_lfx10_seed_230,phase1_accuracy,AB,hf400_lfx10,fpca-nargp,comparison,400,10,230,,,"{""run_kind"":""scientific""}"
comparison_ab_fpca_nargp_hf400_lfx10_seed_240,phase1_accuracy,AB,hf400_lfx10,fpca-nargp,comparison,400,10,240,,,"{""run_kind"":""scientific""}"
comparison_ab_fpca_nargp_hf400_lfx10_seed_250,phase1_accuracy,AB,hf400_lfx10,fpca-nargp,comparison,400,10,250,,,"{""run_kind"":""scientific""}"
comparison_ab_fpca_nargp_hf400_lfx10_seed_260,phase1_accuracy,AB,hf400_lfx10,fpca-nargp,comparison,400,10,260,,,"{""run_kind"":""scientific""}"
comparison_ab_fpca_nargp_hf400_lfx10_seed_270,phase1_accuracy,AB,hf400_lfx10,fpca-nargp,comparison,400,10,270,,,"{""run_kind"":""scientific""}"
comparison_ab_fpca_nargp_hf400_lfx10_seed_280,phase1_accuracy,AB,hf400_lfx10,fpca-nargp,comparison,400,10,280,,,"{""run_kind"":""scientific""}"
comparison_ab_fpca_nargp_hf400_lfx10_seed_290,phase1_accuracy,AB,hf400_lfx10,fpca-nargp,comparison,400,10,290,,,"{""run_kind"":""scientific""}"
comparison_ab_fpca_nargp_hf400_lfx10_seed_300,phase1_accuracy,AB,hf400_lfx10,fpca-nargp,comparison,400,10,300,,,"{""run_kind"":""scientific""}"
comparison_ab_fpca_nargp_hf400_lfx10_seed_311,phase1_accuracy,AB,hf400_lfx10,fpca-nargp,comparison,400,10,311,,,"{""run_kind"":""scientific""}"
comparison_ab_fpca_nargp_hf400_lfx10_seed_322,phase1_accuracy,AB,hf400_lfx10,fpca-nargp,comparison,400,10,322,,,"{""run_kind"":""scientific""}"
comparison_ab_fpca_nargp_hf400_lfx10_seed_333,phase1_accuracy,AB,hf400_lfx10,fpca-nargp,comparison,400,10,333,,,"{""run_kind"":""scientific""}"
comparison_ab_fpca_nargp_hf400_lfx10_seed_344,phase1_accuracy,AB,hf400_lfx10,fpca-nargp,comparison,400,10,344,,,"{""run_kind"":""scientific""}"
comparison_ab_fpca_nargp_hf400_lfx10_seed_355,phase1_accuracy,AB,hf400_lfx10,fpca-nargp,comparison,400,10,355,,,"{""run_kind"":""scientific""}"
comparison_ab_fpca_nargp_hf400_lfx10_seed_366,phase1_accuracy,AB,hf400_lfx10,fpca-nargp,comparison,400,10,366,,,"{""run_kind"":""scientific""}"
comparison_ab_fpca_nargp_hf400_lfx10_seed_377,phase1_accuracy,AB,hf400_lfx10,fpca-nargp,comparison,400,10,377,,,"{""run_kind"":""scientific""}"
comparison_ab_fpca_nargp_hf400_lfx10_seed_388,phase1_accuracy,AB,hf400_lfx10,fpca-nargp,comparison,400,10,388,,,"{""run_kind"":""scientific""}"
comparison_ab_fpca_nargp_hf400_lfx10_seed_399,phase1_accuracy,AB,hf400_lfx10,fpca-nargp,comparison,400,10,399,,,"{""run_kind"":""scientific""}"
comparison_ab_fpca_nargp_hf500_lfx10_seed_200,phase1_accuracy,AB,hf500_lfx10,fpca-nargp,comparison,500,10,200,,,"{""run_kind"":""scientific""}"
comparison_ab_fpca_nargp_hf500_lfx10_seed_210,phase1_accuracy,AB,hf500_lfx10,fpca-nargp,comparison,500,10,210,,,"{""run_kind"":""scientific""}"
comparison_ab_fpca_nargp_hf500_lfx10_seed_220,phase1_accuracy,AB,hf500_lfx10,fpca-nargp,comparison,500,10,220,,,"{""run_kind"":""scientific""}"
comparison_ab_fpca_nargp_hf500_lfx10_seed_230,phase1_accuracy,AB,hf500_lfx10,fpca-nargp,comparison,500,10,230,,,"{""run_kind"":""scientific""}"
comparison_ab_fpca_nargp_hf500_lfx10_seed_240,phase1_accuracy,AB,hf500_lfx10,fpca-nargp,comparison,500,10,240,,,"{""run_kind"":""scientific""}"
comparison_ab_fpca_nargp_hf500_lfx10_seed_250,phase1_accuracy,AB,hf500_lfx10,fpca-nargp,comparison,500,10,250,,,"{""run_kind"":""scientific""}"
comparison_ab_fpca_nargp_hf500_lfx10_seed_260,phase1_accuracy,AB,hf500_lfx10,fpca-nargp,comparison,500,10,260,,,"{""run_kind"":""scientific""}"
comparison_ab_fpca_nargp_hf500_lfx10_seed_270,phase1_accuracy,AB,hf500_lfx10,fpca-nargp,comparison,500,10,270,,,"{""run_kind"":""scientific""}"
comparison_ab_fpca_nargp_hf500_lfx10_seed_280,phase1_accuracy,AB,hf500_lfx10,fpca-nargp,comparison,500,10,280,,,"{""run_kind"":""scientific""}"
comparison_ab_fpca_nargp_hf500_lfx10_seed_290,phase1_accuracy,AB,hf500_lfx10,fpca-nargp,comparison,500,10,290,,,"{""run_kind"":""scientific""}"
comparison_ab_fpca_nargp_hf500_lfx10_seed_300,phase1_accuracy,AB,hf500_lfx10,fpca-nargp,comparison,500,10,300,,,"{""run_kind"":""scientific""}"
comparison_ab_fpca_nargp_hf500_lfx10_seed_311,phase1_accuracy,AB,hf500_lfx10,fpca-nargp,comparison,500,10,311,,,"{""run_kind"":""scientific""}"
comparison_ab_fpca_nargp_hf500_lfx10_seed_322,phase1_accuracy,AB,hf500_lfx10,fpca-nargp,comparison,500,10,322,,,"{""run_kind"":""scientific""}"
comparison_ab_fpca_nargp_hf500_lfx10_seed_333,phase1_accuracy,AB,hf500_lfx10,fpca-nargp,comparison,500,10,333,,,"{""run_kind"":""scientific""}"
comparison_ab_fpca_nargp_hf500_lfx10_seed_344,phase1_accuracy,AB,hf500_lfx10,fpca-nargp,comparison,500,10,344,,,"{""run_kind"":""scientific""}"
comparison_ab_fpca_nargp_hf500_lfx10_seed_355,phase1_accuracy,AB,hf500_lfx10,fpca-nargp,comparison,500,10,355,,,"{""run_kind"":""scientific""}"
comparison_ab_fpca_nargp_hf500_lfx10_seed_366,phase1_accuracy,AB,hf500_lfx10,fpca-nargp,comparison,500,10,366,,,"{""run_kind"":""scientific""}"
comparison_ab_fpca_nargp_hf500_lfx10_seed_377,phase1_accuracy,AB,hf500_lfx10,fpca-nargp,comparison,500,10,377,,,"{""run_kind"":""scientific""}"
comparison_ab_fpca_nargp_hf500_lfx10_seed_388,phase1_accuracy,AB,hf500_lfx10,fpca-nargp,comparison,500,10,388,,,"{""run_kind"":""scientific""}"
comparison_ab_fpca_nargp_hf500_lfx10_seed_399,phase1_accuracy,AB,hf500_lfx10,fpca-nargp,comparison,500,10,399,,,"{""run_kind"":""scientific""}"
comparison_ab_mf_deeponet_hf50_lfx10_seed_200,phase1_accuracy,AB,hf50_lfx10,mf-deeponet,comparison,50,10,200,,,"{""run_kind"":""scientific""}"
comparison_ab_mf_deeponet_hf50_lfx10_seed_210,phase1_accuracy,AB,hf50_lfx10,mf-deeponet,comparison,50,10,210,,,"{""run_kind"":""scientific""}"
comparison_ab_mf_deeponet_hf50_lfx10_seed_220,phase1_accuracy,AB,hf50_lfx10,mf-deeponet,comparison,50,10,220,,,"{""run_kind"":""scientific""}"
comparison_ab_mf_deeponet_hf50_lfx10_seed_230,phase1_accuracy,AB,hf50_lfx10,mf-deeponet,comparison,50,10,230,,,"{""run_kind"":""scientific""}"
comparison_ab_mf_deeponet_hf50_lfx10_seed_240,phase1_accuracy,AB,hf50_lfx10,mf-deeponet,comparison,50,10,240,,,"{""run_kind"":""scientific""}"
comparison_ab_mf_deeponet_hf50_lfx10_seed_250,phase1_accuracy,AB,hf50_lfx10,mf-deeponet,comparison,50,10,250,,,"{""run_kind"":""scientific""}"
comparison_ab_mf_deeponet_hf50_lfx10_seed_260,phase1_accuracy,AB,hf50_lfx10,mf-deeponet,comparison,50,10,260,,,"{""run_kind"":""scientific""}"
comparison_ab_mf_deeponet_hf50_lfx10_seed_270,phase1_accuracy,AB,hf50_lfx10,mf-deeponet,comparison,50,10,270,,,"{""run_kind"":""scientific""}"
comparison_ab_mf_deeponet_hf50_lfx10_seed_280,phase1_accuracy,AB,hf50_lfx10,mf-deeponet,comparison,50,10,280,,,"{""run_kind"":""scientific""}"
comparison_ab_mf_deeponet_hf50_lfx10_seed_290,phase1_accuracy,AB,hf50_lfx10,mf-deeponet,comparison,50,10,290,,,"{""run_kind"":""scientific""}"
comparison_ab_mf_deeponet_hf50_lfx10_seed_300,phase1_accuracy,AB,hf50_lfx10,mf-deeponet,comparison,50,10,300,,,"{""run_kind"":""scientific""}"
comparison_ab_mf_deeponet_hf50_lfx10_seed_311,phase1_accuracy,AB,hf50_lfx10,mf-deeponet,comparison,50,10,311,,,"{""run_kind"":""scientific""}"
comparison_ab_mf_deeponet_hf50_lfx10_seed_322,phase1_accuracy,AB,hf50_lfx10,mf-deeponet,comparison,50,10,322,,,"{""run_kind"":""scientific""}"
comparison_ab_mf_deeponet_hf50_lfx10_seed_333,phase1_accuracy,AB,hf50_lfx10,mf-deeponet,comparison,50,10,333,,,"{""run_kind"":""scientific""}"
comparison_ab_mf_deeponet_hf50_lfx10_seed_344,phase1_accuracy,AB,hf50_lfx10,mf-deeponet,comparison,50,10,344,,,"{""run_kind"":""scientific""}"
comparison_ab_mf_deeponet_hf50_lfx10_seed_355,phase1_accuracy,AB,hf50_lfx10,mf-deeponet,comparison,50,10,355,,,"{""run_kind"":""scientific""}"
comparison_ab_mf_deeponet_hf50_lfx10_seed_366,phase1_accuracy,AB,hf50_lfx10,mf-deeponet,comparison,50,10,366,,,"{""run_kind"":""scientific""}"
comparison_ab_mf_deeponet_hf50_lfx10_seed_377,phase1_accuracy,AB,hf50_lfx10,mf-deeponet,comparison,50,10,377,,,"{""run_kind"":""scientific""}"
comparison_ab_mf_deeponet_hf50_lfx10_seed_388,phase1_accuracy,AB,hf50_lfx10,mf-deeponet,comparison,50,10,388,,,"{""run_kind"":""scientific""}"
comparison_ab_mf_deeponet_hf50_lfx10_seed_399,phase1_accuracy,AB,hf50_lfx10,mf-deeponet,comparison,50,10,399,,,"{""run_kind"":""scientific""}"
comparison_ab_mf_deeponet_hf100_lfx10_seed_200,phase1_accuracy,AB,hf100_lfx10,mf-deeponet,comparison,100,10,200,,,"{""run_kind"":""scientific""}"
comparison_ab_mf_deeponet_hf100_lfx10_seed_210,phase1_accuracy,AB,hf100_lfx10,mf-deeponet,comparison,100,10,210,,,"{""run_kind"":""scientific""}"
comparison_ab_mf_deeponet_hf100_lfx10_seed_220,phase1_accuracy,AB,hf100_lfx10,mf-deeponet,comparison,100,10,220,,,"{""run_kind"":""scientific""}"
comparison_ab_mf_deeponet_hf100_lfx10_seed_230,phase1_accuracy,AB,hf100_lfx10,mf-deeponet,comparison,100,10,230,,,"{""run_kind"":""scientific""}"
comparison_ab_mf_deeponet_hf100_lfx10_seed_240,phase1_accuracy,AB,hf100_lfx10,mf-deeponet,comparison,100,10,240,,,"{""run_kind"":""scientific""}"
comparison_ab_mf_deeponet_hf100_lfx10_seed_250,phase1_accuracy,AB,hf100_lfx10,mf-deeponet,comparison,100,10,250,,,"{""run_kind"":""scientific""}"
comparison_ab_mf_deeponet_hf100_lfx10_seed_260,phase1_accuracy,AB,hf100_lfx10,mf-deeponet,comparison,100,10,260,,,"{""run_kind"":""scientific""}"
comparison_ab_mf_deeponet_hf100_lfx10_seed_270,phase1_accuracy,AB,hf100_lfx10,mf-deeponet,comparison,100,10,270,,,"{""run_kind"":""scientific""}"
comparison_ab_mf_deeponet_hf100_lfx10_seed_280,phase1_accuracy,AB,hf100_lfx10,mf-deeponet,comparison,100,10,280,,,"{""run_kind"":""scientific""}"
comparison_ab_mf_deeponet_hf100_lfx10_seed_290,phase1_accuracy,AB,hf100_lfx10,mf-deeponet,comparison,100,10,290,,,"{""run_kind"":""scientific""}"
comparison_ab_mf_deeponet_hf100_lfx10_seed_300,phase1_accuracy,AB,hf100_lfx10,mf-deeponet,comparison,100,10,300,,,"{""run_kind"":""scientific""}"
comparison_ab_mf_deeponet_hf100_lfx10_seed_311,phase1_accuracy,AB,hf100_lfx10,mf-deeponet,comparison,100,10,311,,,"{""run_kind"":""scientific""}"
comparison_ab_mf_deeponet_hf100_lfx10_seed_322,phase1_accuracy,AB,hf100_lfx10,mf-deeponet,comparison,100,10,322,,,"{""run_kind"":""scientific""}"
comparison_ab_mf_deeponet_hf100_lfx10_seed_333,phase1_accuracy,AB,hf100_lfx10,mf-deeponet,comparison,100,10,333,,,"{""run_kind"":""scientific""}"
comparison_ab_mf_deeponet_hf100_lfx10_seed_344,phase1_accuracy,AB,hf100_lfx10,mf-deeponet,comparison,100,10,344,,,"{""run_kind"":""scientific""}"
comparison_ab_mf_deeponet_hf100_lfx10_seed_355,phase1_accuracy,AB,hf100_lfx10,mf-deeponet,comparison,100,10,355,,,"{""run_kind"":""scientific""}"
comparison_ab_mf_deeponet_hf100_lfx10_seed_366,phase1_accuracy,AB,hf100_lfx10,mf-deeponet,comparison,100,10,366,,,"{""run_kind"":""scientific""}"
comparison_ab_mf_deeponet_hf100_lfx10_seed_377,phase1_accuracy,AB,hf100_lfx10,mf-deeponet,comparison,100,10,377,,,"{""run_kind"":""scientific""}"
comparison_ab_mf_deeponet_hf100_lfx10_seed_388,phase1_accuracy,AB,hf100_lfx10,mf-deeponet,comparison,100,10,388,,,"{""run_kind"":""scientific""}"
comparison_ab_mf_deeponet_hf100_lfx10_seed_399,phase1_accuracy,AB,hf100_lfx10,mf-deeponet,comparison,100,10,399,,,"{""run_kind"":""scientific""}"
comparison_ab_mf_deeponet_hf200_lfx10_seed_200,phase1_accuracy,AB,hf200_lfx10,mf-deeponet,comparison,200,10,200,,,"{""run_kind"":""scientific""}"
comparison_ab_mf_deeponet_hf200_lfx10_seed_210,phase1_accuracy,AB,hf200_lfx10,mf-deeponet,comparison,200,10,210,,,"{""run_kind"":""scientific""}"
comparison_ab_mf_deeponet_hf200_lfx10_seed_220,phase1_accuracy,AB,hf200_lfx10,mf-deeponet,comparison,200,10,220,,,"{""run_kind"":""scientific""}"
comparison_ab_mf_deeponet_hf200_lfx10_seed_230,phase1_accuracy,AB,hf200_lfx10,mf-deeponet,comparison,200,10,230,,,"{""run_kind"":""scientific""}"
comparison_ab_mf_deeponet_hf200_lfx10_seed_240,phase1_accuracy,AB,hf200_lfx10,mf-deeponet,comparison,200,10,240,,,"{""run_kind"":""scientific""}"
comparison_ab_mf_deeponet_hf200_lfx10_seed_250,phase1_accuracy,AB,hf200_lfx10,mf-deeponet,comparison,200,10,250,,,"{""run_kind"":""scientific""}"
comparison_ab_mf_deeponet_hf200_lfx10_seed_260,phase1_accuracy,AB,hf200_lfx10,mf-deeponet,comparison,200,10,260,,,"{""run_kind"":""scientific""}"
comparison_ab_mf_deeponet_hf200_lfx10_seed_270,phase1_accuracy,AB,hf200_lfx10,mf-deeponet,comparison,200,10,270,,,"{""run_kind"":""scientific""}"
comparison_ab_mf_deeponet_hf200_lfx10_seed_280,phase1_accuracy,AB,hf200_lfx10,mf-deeponet,comparison,200,10,280,,,"{""run_kind"":""scientific""}"
comparison_ab_mf_deeponet_hf200_lfx10_seed_290,phase1_accuracy,AB,hf200_lfx10,mf-deeponet,comparison,200,10,290,,,"{""run_kind"":""scientific""}"
comparison_ab_mf_deeponet_hf200_lfx10_seed_300,phase1_accuracy,AB,hf200_lfx10,mf-deeponet,comparison,200,10,300,,,"{""run_kind"":""scientific""}"
comparison_ab_mf_deeponet_hf200_lfx10_seed_311,phase1_accuracy,AB,hf200_lfx10,mf-deeponet,comparison,200,10,311,,,"{""run_kind"":""scientific""}"
comparison_ab_mf_deeponet_hf200_lfx10_seed_322,phase1_accuracy,AB,hf200_lfx10,mf-deeponet,comparison,200,10,322,,,"{""run_kind"":""scientific""}"
comparison_ab_mf_deeponet_hf200_lfx10_seed_333,phase1_accuracy,AB,hf200_lfx10,mf-deeponet,comparison,200,10,333,,,"{""run_kind"":""scientific""}"
comparison_ab_mf_deeponet_hf200_lfx10_seed_344,phase1_accuracy,AB,hf200_lfx10,mf-deeponet,comparison,200,10,344,,,"{""run_kind"":""scientific""}"
comparison_ab_mf_deeponet_hf200_lfx10_seed_355,phase1_accuracy,AB,hf200_lfx10,mf-deeponet,comparison,200,10,355,,,"{""run_kind"":""scientific""}"
comparison_ab_mf_deeponet_hf200_lfx10_seed_366,phase1_accuracy,AB,hf200_lfx10,mf-deeponet,comparison,200,10,366,,,"{""run_kind"":""scientific""}"
comparison_ab_mf_deeponet_hf200_lfx10_seed_377,phase1_accuracy,AB,hf200_lfx10,mf-deeponet,comparison,200,10,377,,,"{""run_kind"":""scientific""}"
comparison_ab_mf_deeponet_hf200_lfx10_seed_388,phase1_accuracy,AB,hf200_lfx10,mf-deeponet,comparison,200,10,388,,,"{""run_kind"":""scientific""}"
comparison_ab_mf_deeponet_hf200_lfx10_seed_399,phase1_accuracy,AB,hf200_lfx10,mf-deeponet,comparison,200,10,399,,,"{""run_kind"":""scientific""}"
comparison_ab_mf_deeponet_hf300_lfx10_seed_200,phase1_accuracy,AB,hf300_lfx10,mf-deeponet,comparison,300,10,200,,,"{""run_kind"":""scientific""}"
comparison_ab_mf_deeponet_hf300_lfx10_seed_210,phase1_accuracy,AB,hf300_lfx10,mf-deeponet,comparison,300,10,210,,,"{""run_kind"":""scientific""}"
comparison_ab_mf_deeponet_hf300_lfx10_seed_220,phase1_accuracy,AB,hf300_lfx10,mf-deeponet,comparison,300,10,220,,,"{""run_kind"":""scientific""}"
comparison_ab_mf_deeponet_hf300_lfx10_seed_230,phase1_accuracy,AB,hf300_lfx10,mf-deeponet,comparison,300,10,230,,,"{""run_kind"":""scientific""}"
comparison_ab_mf_deeponet_hf300_lfx10_seed_240,phase1_accuracy,AB,hf300_lfx10,mf-deeponet,comparison,300,10,240,,,"{""run_kind"":""scientific""}"
comparison_ab_mf_deeponet_hf300_lfx10_seed_250,phase1_accuracy,AB,hf300_lfx10,mf-deeponet,comparison,300,10,250,,,"{""run_kind"":""scientific""}"
comparison_ab_mf_deeponet_hf300_lfx10_seed_260,phase1_accuracy,AB,hf300_lfx10,mf-deeponet,comparison,300,10,260,,,"{""run_kind"":""scientific""}"
comparison_ab_mf_deeponet_hf300_lfx10_seed_270,phase1_accuracy,AB,hf300_lfx10,mf-deeponet,comparison,300,10,270,,,"{""run_kind"":""scientific""}"
comparison_ab_mf_deeponet_hf300_lfx10_seed_280,phase1_accuracy,AB,hf300_lfx10,mf-deeponet,comparison,300,10,280,,,"{""run_kind"":""scientific""}"
comparison_ab_mf_deeponet_hf300_lfx10_seed_290,phase1_accuracy,AB,hf300_lfx10,mf-deeponet,comparison,300,10,290,,,"{""run_kind"":""scientific""}"
comparison_ab_mf_deeponet_hf300_lfx10_seed_300,phase1_accuracy,AB,hf300_lfx10,mf-deeponet,comparison,300,10,300,,,"{""run_kind"":""scientific""}"
comparison_ab_mf_deeponet_hf300_lfx10_seed_311,phase1_accuracy,AB,hf300_lfx10,mf-deeponet,comparison,300,10,311,,,"{""run_kind"":""scientific""}"
comparison_ab_mf_deeponet_hf300_lfx10_seed_322,phase1_accuracy,AB,hf300_lfx10,mf-deeponet,comparison,300,10,322,,,"{""run_kind"":""scientific""}"
comparison_ab_mf_deeponet_hf300_lfx10_seed_333,phase1_accuracy,AB,hf300_lfx10,mf-deeponet,comparison,300,10,333,,,"{""run_kind"":""scientific""}"
comparison_ab_mf_deeponet_hf300_lfx10_seed_344,phase1_accuracy,AB,hf300_lfx10,mf-deeponet,comparison,300,10,344,,,"{""run_kind"":""scientific""}"
comparison_ab_mf_deeponet_hf300_lfx10_seed_355,phase1_accuracy,AB,hf300_lfx10,mf-deeponet,comparison,300,10,355,,,"{""run_kind"":""scientific""}"
comparison_ab_mf_deeponet_hf300_lfx10_seed_366,phase1_accuracy,AB,hf300_lfx10,mf-deeponet,comparison,300,10,366,,,"{""run_kind"":""scientific""}"
comparison_ab_mf_deeponet_hf300_lfx10_seed_377,phase1_accuracy,AB,hf300_lfx10,mf-deeponet,comparison,300,10,377,,,"{""run_kind"":""scientific""}"
comparison_ab_mf_deeponet_hf300_lfx10_seed_388,phase1_accuracy,AB,hf300_lfx10,mf-deeponet,comparison,300,10,388,,,"{""run_kind"":""scientific""}"
comparison_ab_mf_deeponet_hf300_lfx10_seed_399,phase1_accuracy,AB,hf300_lfx10,mf-deeponet,comparison,300,10,399,,,"{""run_kind"":""scientific""}"
comparison_ab_mf_deeponet_hf400_lfx10_seed_200,phase1_accuracy,AB,hf400_lfx10,mf-deeponet,comparison,400,10,200,,,"{""run_kind"":""scientific""}"
comparison_ab_mf_deeponet_hf400_lfx10_seed_210,phase1_accuracy,AB,hf400_lfx10,mf-deeponet,comparison,400,10,210,,,"{""run_kind"":""scientific""}"
comparison_ab_mf_deeponet_hf400_lfx10_seed_220,phase1_accuracy,AB,hf400_lfx10,mf-deeponet,comparison,400,10,220,,,"{""run_kind"":""scientific""}"
comparison_ab_mf_deeponet_hf400_lfx10_seed_230,phase1_accuracy,AB,hf400_lfx10,mf-deeponet,comparison,400,10,230,,,"{""run_kind"":""scientific""}"
comparison_ab_mf_deeponet_hf400_lfx10_seed_240,phase1_accuracy,AB,hf400_lfx10,mf-deeponet,comparison,400,10,240,,,"{""run_kind"":""scientific""}"
comparison_ab_mf_deeponet_hf400_lfx10_seed_250,phase1_accuracy,AB,hf400_lfx10,mf-deeponet,comparison,400,10,250,,,"{""run_kind"":""scientific""}"
comparison_ab_mf_deeponet_hf400_lfx10_seed_260,phase1_accuracy,AB,hf400_lfx10,mf-deeponet,comparison,400,10,260,,,"{""run_kind"":""scientific""}"
comparison_ab_mf_deeponet_hf400_lfx10_seed_270,phase1_accuracy,AB,hf400_lfx10,mf-deeponet,comparison,400,10,270,,,"{""run_kind"":""scientific""}"
comparison_ab_mf_deeponet_hf400_lfx10_seed_280,phase1_accuracy,AB,hf400_lfx10,mf-deeponet,comparison,400,10,280,,,"{""run_kind"":""scientific""}"
comparison_ab_mf_deeponet_hf400_lfx10_seed_290,phase1_accuracy,AB,hf400_lfx10,mf-deeponet,comparison,400,10,290,,,"{""run_kind"":""scientific""}"
comparison_ab_mf_deeponet_hf400_lfx10_seed_300,phase1_accuracy,AB,hf400_lfx10,mf-deeponet,comparison,400,10,300,,,"{""run_kind"":""scientific""}"
comparison_ab_mf_deeponet_hf400_lfx10_seed_311,phase1_accuracy,AB,hf400_lfx10,mf-deeponet,comparison,400,10,311,,,"{""run_kind"":""scientific""}"
comparison_ab_mf_deeponet_hf400_lfx10_seed_322,phase1_accuracy,AB,hf400_lfx10,mf-deeponet,comparison,400,10,322,,,"{""run_kind"":""scientific""}"
comparison_ab_mf_deeponet_hf400_lfx10_seed_333,phase1_accuracy,AB,hf400_lfx10,mf-deeponet,comparison,400,10,333,,,"{""run_kind"":""scientific""}"
comparison_ab_mf_deeponet_hf400_lfx10_seed_344,phase1_accuracy,AB,hf400_lfx10,mf-deeponet,comparison,400,10,344,,,"{""run_kind"":""scientific""}"
comparison_ab_mf_deeponet_hf400_lfx10_seed_355,phase1_accuracy,AB,hf400_lfx10,mf-deeponet,comparison,400,10,355,,,"{""run_kind"":""scientific""}"
comparison_ab_mf_deeponet_hf400_lfx10_seed_366,phase1_accuracy,AB,hf400_lfx10,mf-deeponet,comparison,400,10,366,,,"{""run_kind"":""scientific""}"
comparison_ab_mf_deeponet_hf400_lfx10_seed_377,phase1_accuracy,AB,hf400_lfx10,mf-deeponet,comparison,400,10,377,,,"{""run_kind"":""scientific""}"
comparison_ab_mf_deeponet_hf400_lfx10_seed_388,phase1_accuracy,AB,hf400_lfx10,mf-deeponet,comparison,400,10,388,,,"{""run_kind"":""scientific""}"
comparison_ab_mf_deeponet_hf400_lfx10_seed_399,phase1_accuracy,AB,hf400_lfx10,mf-deeponet,comparison,400,10,399,,,"{""run_kind"":""scientific""}"
comparison_ab_mf_deeponet_hf500_lfx10_seed_200,phase1_accuracy,AB,hf500_lfx10,mf-deeponet,comparison,500,10,200,,,"{""run_kind"":""scientific""}"
comparison_ab_mf_deeponet_hf500_lfx10_seed_210,phase1_accuracy,AB,hf500_lfx10,mf-deeponet,comparison,500,10,210,,,"{""run_kind"":""scientific""}"
comparison_ab_mf_deeponet_hf500_lfx10_seed_220,phase1_accuracy,AB,hf500_lfx10,mf-deeponet,comparison,500,10,220,,,"{""run_kind"":""scientific""}"
comparison_ab_mf_deeponet_hf500_lfx10_seed_230,phase1_accuracy,AB,hf500_lfx10,mf-deeponet,comparison,500,10,230,,,"{""run_kind"":""scientific""}"
comparison_ab_mf_deeponet_hf500_lfx10_seed_240,phase1_accuracy,AB,hf500_lfx10,mf-deeponet,comparison,500,10,240,,,"{""run_kind"":""scientific""}"
comparison_ab_mf_deeponet_hf500_lfx10_seed_250,phase1_accuracy,AB,hf500_lfx10,mf-deeponet,comparison,500,10,250,,,"{""run_kind"":""scientific""}"
comparison_ab_mf_deeponet_hf500_lfx10_seed_260,phase1_accuracy,AB,hf500_lfx10,mf-deeponet,comparison,500,10,260,,,"{""run_kind"":""scientific""}"
comparison_ab_mf_deeponet_hf500_lfx10_seed_270,phase1_accuracy,AB,hf500_lfx10,mf-deeponet,comparison,500,10,270,,,"{""run_kind"":""scientific""}"
comparison_ab_mf_deeponet_hf500_lfx10_seed_280,phase1_accuracy,AB,hf500_lfx10,mf-deeponet,comparison,500,10,280,,,"{""run_kind"":""scientific""}"
comparison_ab_mf_deeponet_hf500_lfx10_seed_290,phase1_accuracy,AB,hf500_lfx10,mf-deeponet,comparison,500,10,290,,,"{""run_kind"":""scientific""}"
comparison_ab_mf_deeponet_hf500_lfx10_seed_300,phase1_accuracy,AB,hf500_lfx10,mf-deeponet,comparison,500,10,300,,,"{""run_kind"":""scientific""}"
comparison_ab_mf_deeponet_hf500_lfx10_seed_311,phase1_accuracy,AB,hf500_lfx10,mf-deeponet,comparison,500,10,311,,,"{""run_kind"":""scientific""}"
comparison_ab_mf_deeponet_hf500_lfx10_seed_322,phase1_accuracy,AB,hf500_lfx10,mf-deeponet,comparison,500,10,322,,,"{""run_kind"":""scientific""}"
comparison_ab_mf_deeponet_hf500_lfx10_seed_333,phase1_accuracy,AB,hf500_lfx10,mf-deeponet,comparison,500,10,333,,,"{""run_kind"":""scientific""}"
comparison_ab_mf_deeponet_hf500_lfx10_seed_344,phase1_accuracy,AB,hf500_lfx10,mf-deeponet,comparison,500,10,344,,,"{""run_kind"":""scientific""}"
comparison_ab_mf_deeponet_hf500_lfx10_seed_355,phase1_accuracy,AB,hf500_lfx10,mf-deeponet,comparison,500,10,355,,,"{""run_kind"":""scientific""}"
comparison_ab_mf_deeponet_hf500_lfx10_seed_366,phase1_accuracy,AB,hf500_lfx10,mf-deeponet,comparison,500,10,366,,,"{""run_kind"":""scientific""}"
comparison_ab_mf_deeponet_hf500_lfx10_seed_377,phase1_accuracy,AB,hf500_lfx10,mf-deeponet,comparison,500,10,377,,,"{""run_kind"":""scientific""}"
comparison_ab_mf_deeponet_hf500_lfx10_seed_388,phase1_accuracy,AB,hf500_lfx10,mf-deeponet,comparison,500,10,388,,,"{""run_kind"":""scientific""}"
comparison_ab_mf_deeponet_hf500_lfx10_seed_399,phase1_accuracy,AB,hf500_lfx10,mf-deeponet,comparison,500,10,399,,,"{""run_kind"":""scientific""}"
direct_latent_tm_hf100_lfx10_seed_200,phase1_accuracy,TM,hf100_lfx10,direct-latent,direct_latent,100,10,200,,,"{""run_kind"":""scientific""}"
direct_latent_tm_hf100_lfx10_seed_210,phase1_accuracy,TM,hf100_lfx10,direct-latent,direct_latent,100,10,210,,,"{""run_kind"":""scientific""}"
direct_latent_tm_hf100_lfx10_seed_220,phase1_accuracy,TM,hf100_lfx10,direct-latent,direct_latent,100,10,220,,,"{""run_kind"":""scientific""}"
direct_latent_tm_hf100_lfx10_seed_230,phase1_accuracy,TM,hf100_lfx10,direct-latent,direct_latent,100,10,230,,,"{""run_kind"":""scientific""}"
direct_latent_tm_hf100_lfx10_seed_240,phase1_accuracy,TM,hf100_lfx10,direct-latent,direct_latent,100,10,240,,,"{""run_kind"":""scientific""}"
direct_latent_tm_hf100_lfx10_seed_250,phase1_accuracy,TM,hf100_lfx10,direct-latent,direct_latent,100,10,250,,,"{""run_kind"":""scientific""}"
direct_latent_tm_hf100_lfx10_seed_260,phase1_accuracy,TM,hf100_lfx10,direct-latent,direct_latent,100,10,260,,,"{""run_kind"":""scientific""}"
direct_latent_tm_hf100_lfx10_seed_270,phase1_accuracy,TM,hf100_lfx10,direct-latent,direct_latent,100,10,270,,,"{""run_kind"":""scientific""}"
direct_latent_tm_hf100_lfx10_seed_280,phase1_accuracy,TM,hf100_lfx10,direct-latent,direct_latent,100,10,280,,,"{""run_kind"":""scientific""}"
direct_latent_tm_hf100_lfx10_seed_290,phase1_accuracy,TM,hf100_lfx10,direct-latent,direct_latent,100,10,290,,,"{""run_kind"":""scientific""}"
direct_latent_tm_hf100_lfx10_seed_300,phase1_accuracy,TM,hf100_lfx10,direct-latent,direct_latent,100,10,300,,,"{""run_kind"":""scientific""}"
direct_latent_tm_hf100_lfx10_seed_311,phase1_accuracy,TM,hf100_lfx10,direct-latent,direct_latent,100,10,311,,,"{""run_kind"":""scientific""}"
direct_latent_tm_hf100_lfx10_seed_322,phase1_accuracy,TM,hf100_lfx10,direct-latent,direct_latent,100,10,322,,,"{""run_kind"":""scientific""}"
direct_latent_tm_hf100_lfx10_seed_333,phase1_accuracy,TM,hf100_lfx10,direct-latent,direct_latent,100,10,333,,,"{""run_kind"":""scientific""}"
direct_latent_tm_hf100_lfx10_seed_344,phase1_accuracy,TM,hf100_lfx10,direct-latent,direct_latent,100,10,344,,,"{""run_kind"":""scientific""}"
direct_latent_tm_hf100_lfx10_seed_355,phase1_accuracy,TM,hf100_lfx10,direct-latent,direct_latent,100,10,355,,,"{""run_kind"":""scientific""}"
direct_latent_tm_hf100_lfx10_seed_366,phase1_accuracy,TM,hf100_lfx10,direct-latent,direct_latent,100,10,366,,,"{""run_kind"":""scientific""}"
direct_latent_tm_hf100_lfx10_seed_377,phase1_accuracy,TM,hf100_lfx10,direct-latent,direct_latent,100,10,377,,,"{""run_kind"":""scientific""}"
direct_latent_tm_hf100_lfx10_seed_388,phase1_accuracy,TM,hf100_lfx10,direct-latent,direct_latent,100,10,388,,,"{""run_kind"":""scientific""}"
direct_latent_tm_hf100_lfx10_seed_399,phase1_accuracy,TM,hf100_lfx10,direct-latent,direct_latent,100,10,399,,,"{""run_kind"":""scientific""}"
freqwise_tm_hf100_lfx10_seed_200_freq_0000_0025,phase1_accuracy,TM,hf100_lfx10,frequency-wise-nargp-chunk,freqwise_chunk,100,10,200,0,25,"{""run_kind"":""scientific""}"
freqwise_tm_hf100_lfx10_seed_200_freq_0025_0050,phase1_accuracy,TM,hf100_lfx10,frequency-wise-nargp-chunk,freqwise_chunk,100,10,200,25,50,"{""run_kind"":""scientific""}"
freqwise_tm_hf100_lfx10_seed_200_freq_0050_0075,phase1_accuracy,TM,hf100_lfx10,frequency-wise-nargp-chunk,freqwise_chunk,100,10,200,50,75,"{""run_kind"":""scientific""}"
freqwise_tm_hf100_lfx10_seed_200_freq_0075_0100,phase1_accuracy,TM,hf100_lfx10,frequency-wise-nargp-chunk,freqwise_chunk,100,10,200,75,100,"{""run_kind"":""scientific""}"
freqwise_tm_hf100_lfx10_seed_200_freq_0100_0125,phase1_accuracy,TM,hf100_lfx10,frequency-wise-nargp-chunk,freqwise_chunk,100,10,200,100,125,"{""run_kind"":""scientific""}"
freqwise_tm_hf100_lfx10_seed_200_freq_0125_0150,phase1_accuracy,TM,hf100_lfx10,frequency-wise-nargp-chunk,freqwise_chunk,100,10,200,125,150,"{""run_kind"":""scientific""}"
freqwise_tm_hf100_lfx10_seed_200_freq_0150_0175,phase1_accuracy,TM,hf100_lfx10,frequency-wise-nargp-chunk,freqwise_chunk,100,10,200,150,175,"{""run_kind"":""scientific""}"
freqwise_tm_hf100_lfx10_seed_200_freq_0175_0200,phase1_accuracy,TM,hf100_lfx10,frequency-wise-nargp-chunk,freqwise_chunk,100,10,200,175,200,"{""run_kind"":""scientific""}"
freqwise_tm_hf100_lfx10_seed_200_freq_0200_0225,phase1_accuracy,TM,hf100_lfx10,frequency-wise-nargp-chunk,freqwise_chunk,100,10,200,200,225,"{""run_kind"":""scientific""}"
freqwise_tm_hf100_lfx10_seed_200_freq_0225_0250,phase1_accuracy,TM,hf100_lfx10,frequency-wise-nargp-chunk,freqwise_chunk,100,10,200,225,250,"{""run_kind"":""scientific""}"
freqwise_tm_hf100_lfx10_seed_200_freq_0250_0275,phase1_accuracy,TM,hf100_lfx10,frequency-wise-nargp-chunk,freqwise_chunk,100,10,200,250,275,"{""run_kind"":""scientific""}"
freqwise_tm_hf100_lfx10_seed_200_freq_0275_0300,phase1_accuracy,TM,hf100_lfx10,frequency-wise-nargp-chunk,freqwise_chunk,100,10,200,275,300,"{""run_kind"":""scientific""}"
freqwise_tm_hf100_lfx10_seed_200_freq_0300_0325,phase1_accuracy,TM,hf100_lfx10,frequency-wise-nargp-chunk,freqwise_chunk,100,10,200,300,325,"{""run_kind"":""scientific""}"
freqwise_tm_hf100_lfx10_seed_200_freq_0325_0350,phase1_accuracy,TM,hf100_lfx10,frequency-wise-nargp-chunk,freqwise_chunk,100,10,200,325,350,"{""run_kind"":""scientific""}"
freqwise_tm_hf100_lfx10_seed_200_freq_0350_0375,phase1_accuracy,TM,hf100_lfx10,frequency-wise-nargp-chunk,freqwise_chunk,100,10,200,350,375,"{""run_kind"":""scientific""}"
freqwise_tm_hf100_lfx10_seed_200_freq_0375_0400,phase1_accuracy,TM,hf100_lfx10,frequency-wise-nargp-chunk,freqwise_chunk,100,10,200,375,400,"{""run_kind"":""scientific""}"
freqwise_tm_hf100_lfx10_seed_200_freq_0400_0425,phase1_accuracy,TM,hf100_lfx10,frequency-wise-nargp-chunk,freqwise_chunk,100,10,200,400,425,"{""run_kind"":""scientific""}"
freqwise_tm_hf100_lfx10_seed_200_freq_0425_0450,phase1_accuracy,TM,hf100_lfx10,frequency-wise-nargp-chunk,freqwise_chunk,100,10,200,425,450,"{""run_kind"":""scientific""}"
freqwise_tm_hf100_lfx10_seed_200_freq_0450_0475,phase1_accuracy,TM,hf100_lfx10,frequency-wise-nargp-chunk,freqwise_chunk,100,10,200,450,475,"{""run_kind"":""scientific""}"
freqwise_tm_hf100_lfx10_seed_200_freq_0475_0500,phase1_accuracy,TM,hf100_lfx10,frequency-wise-nargp-chunk,freqwise_chunk,100,10,200,475,500,"{""run_kind"":""scientific""}"
freqwise_tm_hf100_lfx10_seed_200_aggregate,phase1_accuracy,TM,hf100_lfx10,frequency-wise-nargp-aggregate,freqwise_aggregate,100,10,200,,,"{""run_kind"":""scientific""}"
freqwise_tm_hf100_lfx10_seed_210_freq_0000_0025,phase1_accuracy,TM,hf100_lfx10,frequency-wise-nargp-chunk,freqwise_chunk,100,10,210,0,25,"{""run_kind"":""scientific""}"
freqwise_tm_hf100_lfx10_seed_210_freq_0025_0050,phase1_accuracy,TM,hf100_lfx10,frequency-wise-nargp-chunk,freqwise_chunk,100,10,210,25,50,"{""run_kind"":""scientific""}"
freqwise_tm_hf100_lfx10_seed_210_freq_0050_0075,phase1_accuracy,TM,hf100_lfx10,frequency-wise-nargp-chunk,freqwise_chunk,100,10,210,50,75,"{""run_kind"":""scientific""}"
freqwise_tm_hf100_lfx10_seed_210_freq_0075_0100,phase1_accuracy,TM,hf100_lfx10,frequency-wise-nargp-chunk,freqwise_chunk,100,10,210,75,100,"{""run_kind"":""scientific""}"
freqwise_tm_hf100_lfx10_seed_210_freq_0100_0125,phase1_accuracy,TM,hf100_lfx10,frequency-wise-nargp-chunk,freqwise_chunk,100,10,210,100,125,"{""run_kind"":""scientific""}"
freqwise_tm_hf100_lfx10_seed_210_freq_0125_0150,phase1_accuracy,TM,hf100_lfx10,frequency-wise-nargp-chunk,freqwise_chunk,100,10,210,125,150,"{""run_kind"":""scientific""}"
freqwise_tm_hf100_lfx10_seed_210_freq_0150_0175,phase1_accuracy,TM,hf100_lfx10,frequency-wise-nargp-chunk,freqwise_chunk,100,10,210,150,175,"{""run_kind"":""scientific""}"
freqwise_tm_hf100_lfx10_seed_210_freq_0175_0200,phase1_accuracy,TM,hf100_lfx10,frequency-wise-nargp-chunk,freqwise_chunk,100,10,210,175,200,"{""run_kind"":""scientific""}"
freqwise_tm_hf100_lfx10_seed_210_freq_0200_0225,phase1_accuracy,TM,hf100_lfx10,frequency-wise-nargp-chunk,freqwise_chunk,100,10,210,200,225,"{""run_kind"":""scientific""}"
freqwise_tm_hf100_lfx10_seed_210_freq_0225_0250,phase1_accuracy,TM,hf100_lfx10,frequency-wise-nargp-chunk,freqwise_chunk,100,10,210,225,250,"{""run_kind"":""scientific""}"
freqwise_tm_hf100_lfx10_seed_210_freq_0250_0275,phase1_accuracy,TM,hf100_lfx10,frequency-wise-nargp-chunk,freqwise_chunk,100,10,210,250,275,"{""run_kind"":""scientific""}"
freqwise_tm_hf100_lfx10_seed_210_freq_0275_0300,phase1_accuracy,TM,hf100_lfx10,frequency-wise-nargp-chunk,freqwise_chunk,100,10,210,275,300,"{""run_kind"":""scientific""}"
freqwise_tm_hf100_lfx10_seed_210_freq_0300_0325,phase1_accuracy,TM,hf100_lfx10,frequency-wise-nargp-chunk,freqwise_chunk,100,10,210,300,325,"{""run_kind"":""scientific""}"
freqwise_tm_hf100_lfx10_seed_210_freq_0325_0350,phase1_accuracy,TM,hf100_lfx10,frequency-wise-nargp-chunk,freqwise_chunk,100,10,210,325,350,"{""run_kind"":""scientific""}"
freqwise_tm_hf100_lfx10_seed_210_freq_0350_0375,phase1_accuracy,TM,hf100_lfx10,frequency-wise-nargp-chunk,freqwise_chunk,100,10,210,350,375,"{""run_kind"":""scientific""}"
freqwise_tm_hf100_lfx10_seed_210_freq_0375_0400,phase1_accuracy,TM,hf100_lfx10,frequency-wise-nargp-chunk,freqwise_chunk,100,10,210,375,400,"{""run_kind"":""scientific""}"
freqwise_tm_hf100_lfx10_seed_210_freq_0400_0425,phase1_accuracy,TM,hf100_lfx10,frequency-wise-nargp-chunk,freqwise_chunk,100,10,210,400,425,"{""run_kind"":""scientific""}"
freqwise_tm_hf100_lfx10_seed_210_freq_0425_0450,phase1_accuracy,TM,hf100_lfx10,frequency-wise-nargp-chunk,freqwise_chunk,100,10,210,425,450,"{""run_kind"":""scientific""}"
freqwise_tm_hf100_lfx10_seed_210_freq_0450_0475,phase1_accuracy,TM,hf100_lfx10,frequency-wise-nargp-chunk,freqwise_chunk,100,10,210,450,475,"{""run_kind"":""scientific""}"
freqwise_tm_hf100_lfx10_seed_210_freq_0475_0500,phase1_accuracy,TM,hf100_lfx10,frequency-wise-nargp-chunk,freqwise_chunk,100,10,210,475,500,"{""run_kind"":""scientific""}"
freqwise_tm_hf100_lfx10_seed_210_aggregate,phase1_accuracy,TM,hf100_lfx10,frequency-wise-nargp-aggregate,freqwise_aggregate,100,10,210,,,"{""run_kind"":""scientific""}"
freqwise_tm_hf100_lfx10_seed_220_freq_0000_0025,phase1_accuracy,TM,hf100_lfx10,frequency-wise-nargp-chunk,freqwise_chunk,100,10,220,0,25,"{""run_kind"":""scientific""}"
freqwise_tm_hf100_lfx10_seed_220_freq_0025_0050,phase1_accuracy,TM,hf100_lfx10,frequency-wise-nargp-chunk,freqwise_chunk,100,10,220,25,50,"{""run_kind"":""scientific""}"
freqwise_tm_hf100_lfx10_seed_220_freq_0050_0075,phase1_accuracy,TM,hf100_lfx10,frequency-wise-nargp-chunk,freqwise_chunk,100,10,220,50,75,"{""run_kind"":""scientific""}"
freqwise_tm_hf100_lfx10_seed_220_freq_0075_0100,phase1_accuracy,TM,hf100_lfx10,frequency-wise-nargp-chunk,freqwise_chunk,100,10,220,75,100,"{""run_kind"":""scientific""}"
freqwise_tm_hf100_lfx10_seed_220_freq_0100_0125,phase1_accuracy,TM,hf100_lfx10,frequency-wise-nargp-chunk,freqwise_chunk,100,10,220,100,125,"{""run_kind"":""scientific""}"
freqwise_tm_hf100_lfx10_seed_220_freq_0125_0150,phase1_accuracy,TM,hf100_lfx10,frequency-wise-nargp-chunk,freqwise_chunk,100,10,220,125,150,"{""run_kind"":""scientific""}"
freqwise_tm_hf100_lfx10_seed_220_freq_0150_0175,phase1_accuracy,TM,hf100_lfx10,frequency-wise-nargp-chunk,freqwise_chunk,100,10,220,150,175,"{""run_kind"":""scientific""}"
freqwise_tm_hf100_lfx10_seed_220_freq_0175_0200,phase1_accuracy,TM,hf100_lfx10,frequency-wise-nargp-chunk,freqwise_chunk,100,10,220,175,200,"{""run_kind"":""scientific""}"
freqwise_tm_hf100_lfx10_seed_220_freq_0200_0225,phase1_accuracy,TM,hf100_lfx10,frequency-wise-nargp-chunk,freqwise_chunk,100,10,220,200,225,"{""run_kind"":""scientific""}"
freqwise_tm_hf100_lfx10_seed_220_freq_0225_0250,phase1_accuracy,TM,hf100_lfx10,frequency-wise-nargp-chunk,freqwise_chunk,100,10,220,225,250,"{""run_kind"":""scientific""}"
freqwise_tm_hf100_lfx10_seed_220_freq_0250_0275,phase1_accuracy,TM,hf100_lfx10,frequency-wise-nargp-chunk,freqwise_chunk,100,10,220,250,275,"{""run_kind"":""scientific""}"
freqwise_tm_hf100_lfx10_seed_220_freq_0275_0300,phase1_accuracy,TM,hf100_lfx10,frequency-wise-nargp-chunk,freqwise_chunk,100,10,220,275,300,"{""run_kind"":""scientific""}"
freqwise_tm_hf100_lfx10_seed_220_freq_0300_0325,phase1_accuracy,TM,hf100_lfx10,frequency-wise-nargp-chunk,freqwise_chunk,100,10,220,300,325,"{""run_kind"":""scientific""}"
freqwise_tm_hf100_lfx10_seed_220_freq_0325_0350,phase1_accuracy,TM,hf100_lfx10,frequency-wise-nargp-chunk,freqwise_chunk,100,10,220,325,350,"{""run_kind"":""scientific""}"
freqwise_tm_hf100_lfx10_seed_220_freq_0350_0375,phase1_accuracy,TM,hf100_lfx10,frequency-wise-nargp-chunk,freqwise_chunk,100,10,220,350,375,"{""run_kind"":""scientific""}"
freqwise_tm_hf100_lfx10_seed_220_freq_0375_0400,phase1_accuracy,TM,hf100_lfx10,frequency-wise-nargp-chunk,freqwise_chunk,100,10,220,375,400,"{""run_kind"":""scientific""}"
freqwise_tm_hf100_lfx10_seed_220_freq_0400_0425,phase1_accuracy,TM,hf100_lfx10,frequency-wise-nargp-chunk,freqwise_chunk,100,10,220,400,425,"{""run_kind"":""scientific""}"
freqwise_tm_hf100_lfx10_seed_220_freq_0425_0450,phase1_accuracy,TM,hf100_lfx10,frequency-wise-nargp-chunk,freqwise_chunk,100,10,220,425,450,"{""run_kind"":""scientific""}"
freqwise_tm_hf100_lfx10_seed_220_freq_0450_0475,phase1_accuracy,TM,hf100_lfx10,frequency-wise-nargp-chunk,freqwise_chunk,100,10,220,450,475,"{""run_kind"":""scientific""}"
freqwise_tm_hf100_lfx10_seed_220_freq_0475_0500,phase1_accuracy,TM,hf100_lfx10,frequency-wise-nargp-chunk,freqwise_chunk,100,10,220,475,500,"{""run_kind"":""scientific""}"
freqwise_tm_hf100_lfx10_seed_220_aggregate,phase1_accuracy,TM,hf100_lfx10,frequency-wise-nargp-aggregate,freqwise_aggregate,100,10,220,,,"{""run_kind"":""scientific""}"
