dataset,setting,method,split,metric,n,mean,std,median,min,max,ci95_low,ci95_high
AB,hf100_lfx10,AR1/co-kriging,test,nll_cal,20,-2.795111701571169,0.0024828170274572626,-2.7955952563524553,-2.7999927804268547,-2.789725728759491,-2.796273695708524,-2.793949707433814
AB,hf100_lfx10,AR1/co-kriging,test,nll_raw,20,-2.795111701571169,0.0024828170274572626,-2.7955952563524553,-2.7999927804268547,-2.789725728759491,-2.796273695708524,-2.793949707433814
AB,hf100_lfx10,AR1/co-kriging,test,nlpd_cal,20,-2.795111701571169,0.0024828170274572626,-2.7955952563524553,-2.7999927804268547,-2.789725728759491,-2.796273695708524,-2.793949707433814
AB,hf100_lfx10,AR1/co-kriging,test,nlpd_raw,20,-2.795111701571169,0.0024828170274572626,-2.7955952563524553,-2.7999927804268547,-2.789725728759491,-2.796273695708524,-2.793949707433814
AB,hf100_lfx10,AR1/co-kriging,test,r2,20,0.9818638253366629,0.0001666066215753005,0.9818923908445721,0.9815271037822529,0.9822080155439903,0.9817858510375608,0.9819417996357651
AB,hf100_lfx10,AR1/co-kriging,test,target_rmse,20,0.016069182474166156,7.378370353890812e-05,0.016056682914495468,0.01591612957417965,0.016217833384871483,0.01603465063795093,0.016103714310381382
AB,hf100_lfx10,AR1/co-kriging,test,y_rmse,20,0.016069182474166156,7.378370353890812e-05,0.016056682914495468,0.01591612957417965,0.016217833384871483,0.01603465063795093,0.016103714310381382
AB,hf100_lfx10,AR1/co-kriging,val,nll_cal,20,-2.726600025777173,0.003788793186077253,-2.7271787510052805,-2.732875496449686,-2.7205415146821093,-2.728373235571203,-2.7248268159831435
AB,hf100_lfx10,AR1/co-kriging,val,nll_raw,20,-2.726600025777173,0.003788793186077253,-2.7271787510052805,-2.732875496449686,-2.7205415146821093,-2.728373235571203,-2.7248268159831435
AB,hf100_lfx10,AR1/co-kriging,val,nlpd_cal,20,-2.726600025777173,0.003788793186077253,-2.7271787510052805,-2.732875496449686,-2.7205415146821093,-2.728373235571203,-2.7248268159831435
AB,hf100_lfx10,AR1/co-kriging,val,nlpd_raw,20,-2.726600025777173,0.003788793186077253,-2.7271787510052805,-2.732875496449686,-2.7205415146821093,-2.728373235571203,-2.7248268159831435
AB,hf100_lfx10,AR1/co-kriging,val,r2,20,0.9813295063210523,0.0002070420157384708,0.9813645494977752,0.9809942298707374,0.9816750469633863,0.9812326076749525,0.9814264049671522
AB,hf100_lfx10,FPCA-NARGP,test,coverage_raw,20,0.9813250005245209,0.0017519508526722277,0.9811500012874603,0.9787999987602234,0.9865999817848206,0.9805050622861307,0.9821449387629111
AB,hf100_lfx10,FPCA-NARGP,test,gaussian_nll,20,-2.8339507768768715,0.005369373447374978,-2.8351323122828873,-2.8441713532732478,-2.8251969123184777,-2.8364637210036916,-2.8314378327500513
AB,hf100_lfx10,FPCA-NARGP,test,gaussian_nlpd,20,-2.8339507768768715,0.005369373447374978,-2.8351323122828873,-2.8441713532732478,-2.8251969123184777,-2.8364637210036916,-2.8314378327500513
AB,hf100_lfx10,FPCA-NARGP,test,interval_width_raw,20,0.07564927637577057,0.0003670338835235237,0.07552308961749077,0.0751461461186409,0.07647652179002762,0.07547749923063732,0.07582105352090382
AB,hf100_lfx10,FPCA-NARGP,test,r2,20,0.9822027502910947,0.0003144547954556273,0.9822114893514879,0.9815426307079228,0.9828430855214636,0.9820555809166537,0.9823499196655358
AB,hf100_lfx10,FPCA-NARGP,test,rmse,20,0.015917895827442408,0.00014059524833353232,0.01591457612812519,0.015629492700099945,0.016211016103625298,0.01585209522574813,0.015983696429136687
AB,hf100_lfx10,FPCA-NARGP,val,coverage_raw,20,0.9629250049591065,0.0029621901867123153,0.9631499946117401,0.9567000269889832,0.9674999713897705,0.9615386572771695,0.9643113526410435
AB,hf100_lfx10,FPCA-NARGP,val,gaussian_nll,20,-2.7476391373996885,0.009031927840953975,-2.750347942557395,-2.7594108628752987,-2.7303210957975432,-2.751866209747,-2.743412065052377
AB,hf100_lfx10,FPCA-NARGP,val,gaussian_nlpd,20,-2.7476391373996885,0.009031927840953975,-2.750347942557395,-2.7594108628752987,-2.7303210957975432,-2.751866209747,-2.743412065052377
AB,hf100_lfx10,FPCA-NARGP,val,interval_width_raw,20,0.07174361087381839,0.00043495844908337763,0.07173711061477661,0.071071557700634,0.07268998771905899,0.07154004405345331,0.07194717769418348
AB,hf100_lfx10,FPCA-NARGP,val,r2,20,0.978814457139235,0.0005597689769261069,0.9788003013477458,0.9779218161406193,0.9796346098915192,0.9785524771937666,0.9790764370847034
AB,hf100_lfx10,FPCA-NARGP,val,rmse,20,0.019123885501176118,0.0002524718687289443,0.019131856970489025,0.018751613795757294,0.019524231553077698,0.019005725029395217,0.01924204597295702
AB,hf100_lfx10,HF-only,test,nll_cal,20,-2.7897977785284023,0.0028476113046991456,-2.7902509882907505,-2.795838911035028,-2.7820260526214247,-2.791130501642886,-2.7884650554139188
AB,hf100_lfx10,HF-only,test,nll_raw,20,-2.7897977785284023,0.0028476113046991456,-2.7902509882907505,-2.795838911035028,-2.7820260526214247,-2.791130501642886,-2.7884650554139188
AB,hf100_lfx10,HF-only,test,nlpd_cal,20,-2.7897977785284023,0.0028476113046991456,-2.7902509882907505,-2.795838911035028,-2.7820260526214247,-2.791130501642886,-2.7884650554139188
AB,hf100_lfx10,HF-only,test,nlpd_raw,20,-2.7897977785284023,0.0028476113046991456,-2.7902509882907505,-2.795838911035028,-2.7820260526214247,-2.791130501642886,-2.7884650554139188
AB,hf100_lfx10,HF-only,test,r2,20,0.9799534782663473,0.0001397648005532188,0.9799364656791958,0.9796761593802648,0.9801721960033442,0.979888066326178,0.9800188902065166
AB,hf100_lfx10,HF-only,test,target_rmse,20,0.016894381679594516,5.8881595582329176e-05,0.016901645809412003,0.016802063211798668,0.01701093465089798,0.016866824244588994,0.016921939114600038
AB,hf100_lfx10,HF-only,test,y_rmse,20,0.016894381679594516,5.8881595582329176e-05,0.016901645809412003,0.016802063211798668,0.01701093465089798,0.016866824244588994,0.016921939114600038
AB,hf100_lfx10,HF-only,val,nll_cal,20,-2.6285387643425535,0.0038588328114949493,-2.6290346296330718,-2.6356258640973738,-2.620843542627699,-2.630344753690299,-2.626732774994808
AB,hf100_lfx10,HF-only,val,nll_raw,20,-2.6285387643425535,0.0038588328114949493,-2.6290346296330718,-2.6356258640973738,-2.620843542627699,-2.630344753690299,-2.626732774994808
AB,hf100_lfx10,HF-only,val,nlpd_cal,20,-2.6285387643425535,0.0038588328114949493,-2.6290346296330718,-2.6356258640973738,-2.620843542627699,-2.630344753690299,-2.626732774994808
AB,hf100_lfx10,HF-only,val,nlpd_raw,20,-2.6285387643425535,0.0038588328114949493,-2.6290346296330718,-2.6356258640973738,-2.620843542627699,-2.630344753690299,-2.626732774994808
AB,hf100_lfx10,HF-only,val,r2,20,0.9678908089348711,0.00021662766693160827,0.9679345707134563,0.967481255440092,0.9682795643995312,0.967789424065918,0.9679921938038243
AB,hf100_lfx10,MF-DeepONet,test,r2,20,0.9755251497015374,0.003280516127993355,0.9759408805432334,0.9660154926694504,0.9803293230813103,0.9739898208931436,0.9770604785099312
AB,hf100_lfx10,MF-DeepONet,test,rmse,20,0.018629984640844095,0.0012130312333378376,0.018508241029446582,0.016735355630686198,0.021997117881182093,0.018062268548204675,0.019197700733483515
AB,hf100_lfx10,MF-DeepONet,val,r2,20,0.9831843753520969,0.0018579485882067152,0.9838488387716637,0.9785439148362438,0.9857023035804331,0.9823148286464286,0.9840539220577652
AB,hf100_lfx10,MF-DeepONet,val,rmse,20,0.017015420775564286,0.0009229466539619776,0.01669904833979528,0.015711777490810326,0.019247198550161916,0.01658346844515303,0.017447373105975543
AB,hf100_lfx10,Neural-GP MF (ours),test,nll_cal,20,-3.1794480383529056,0.026139951936473338,-3.179440940146889,-3.213476705280529,-3.121910140782312,-3.191681912442299,-3.167214164263512
AB,hf100_lfx10,Neural-GP MF (ours),test,nll_raw,20,-3.1794480383529056,0.026139951936473338,-3.179440940146889,-3.213476705280529,-3.121910140782312,-3.191681912442299,-3.167214164263512
AB,hf100_lfx10,Neural-GP MF (ours),test,nlpd_cal,20,-3.1794480383529056,0.026139951936473338,-3.179440940146889,-3.213476705280529,-3.121910140782312,-3.191681912442299,-3.167214164263512
AB,hf100_lfx10,Neural-GP MF (ours),test,nlpd_raw,20,-3.1794480383529056,0.026139951936473338,-3.179440940146889,-3.213476705280529,-3.121910140782312,-3.191681912442299,-3.167214164263512
AB,hf100_lfx10,Neural-GP MF (ours),test,r2,20,0.987774909732086,0.0009522328429494945,0.9880203626574706,0.9854105735567372,0.9888012311748534,0.9873292510433195,0.9882205684208526
AB,hf100_lfx10,Neural-GP MF (ours),test,target_rmse,20,0.013184068771079183,0.0005045158665432175,0.013059496879577637,0.012627298012375832,0.014412667602300644,0.012947948077269534,0.013420189464888833
AB,hf100_lfx10,Neural-GP MF (ours),test,y_rmse,20,0.013184068771079183,0.0005045158665432175,0.013059496879577637,0.012627298012375832,0.014412667602300644,0.012947948077269534,0.013420189464888833
AB,hf100_lfx10,Neural-GP MF (ours),val,nll_cal,20,-3.111837711897247,0.034377746951044674,-3.1110877242157424,-3.2175202020457916,-3.0625814807755063,-3.1279269927305937,-3.0957484310639
AB,hf100_lfx10,Neural-GP MF (ours),val,nll_raw,20,-3.111837711897247,0.034377746951044674,-3.1110877242157424,-3.2175202020457916,-3.0625814807755063,-3.1279269927305937,-3.0957484310639
AB,hf100_lfx10,Neural-GP MF (ours),val,nlpd_cal,20,-3.111837711897247,0.034377746951044674,-3.1110877242157424,-3.2175202020457916,-3.0625814807755063,-3.1279269927305937,-3.0957484310639
AB,hf100_lfx10,Neural-GP MF (ours),val,nlpd_raw,20,-3.111837711897247,0.034377746951044674,-3.1110877242157424,-3.2175202020457916,-3.0625814807755063,-3.1279269927305937,-3.0957484310639
AB,hf100_lfx10,Neural-GP MF (ours),val,r2,20,0.9886419863698773,0.0011023820779474294,0.988716122414556,0.9864760627808121,0.9910854155625289,0.9881260556760189,0.9891579170637358
AB,hf200_lfx10,AR1/co-kriging,test,nll_cal,20,-2.852646186241987,0.002050127082801149,-2.852940354991911,-2.855725284323773,-2.8477864524731764,-2.8536056752517296,-2.8516866972322448
AB,hf200_lfx10,AR1/co-kriging,test,nll_raw,20,-2.852646186241987,0.002050127082801149,-2.852940354991911,-2.855725284323773,-2.8477864524731764,-2.8536056752517296,-2.8516866972322448
AB,hf200_lfx10,AR1/co-kriging,test,nlpd_cal,20,-2.852646186241987,0.002050127082801149,-2.852940354991911,-2.855725284323773,-2.8477864524731764,-2.8536056752517296,-2.8516866972322448
AB,hf200_lfx10,AR1/co-kriging,test,nlpd_raw,20,-2.852646186241987,0.002050127082801149,-2.852940354991911,-2.855725284323773,-2.8477864524731764,-2.8536056752517296,-2.8516866972322448
AB,hf200_lfx10,AR1/co-kriging,test,r2,20,0.987345691310046,0.0001115931435696549,0.9873135297675795,0.9871213430967342,0.9875828944907952,0.9872934641111978,0.9873979185088942
AB,hf200_lfx10,AR1/co-kriging,test,target_rmse,20,0.013422718923538923,5.920994474864834e-05,0.013439889531582594,0.013296443037688732,0.013541307300329208,0.013395007816393228,0.013450430030684617
AB,hf200_lfx10,AR1/co-kriging,test,y_rmse,20,0.013422718923538923,5.920994474864834e-05,0.013439889531582594,0.013296443037688732,0.013541307300329208,0.013395007816393228,0.013450430030684617
AB,hf200_lfx10,AR1/co-kriging,val,nll_cal,20,-2.765187593934928,0.002195663184033358,-2.7651911197973007,-2.768745491314589,-2.760384973210339,-2.7662151959367014,-2.7641599919331545
AB,hf200_lfx10,AR1/co-kriging,val,nll_raw,20,-2.765187593934928,0.002195663184033358,-2.7651911197973007,-2.768745491314589,-2.760384973210339,-2.7662151959367014,-2.7641599919331545
AB,hf200_lfx10,AR1/co-kriging,val,nlpd_cal,20,-2.765187593934928,0.002195663184033358,-2.7651911197973007,-2.768745491314589,-2.760384973210339,-2.7662151959367014,-2.7641599919331545
AB,hf200_lfx10,AR1/co-kriging,val,nlpd_raw,20,-2.765187593934928,0.002195663184033358,-2.7651911197973007,-2.768745491314589,-2.760384973210339,-2.7662151959367014,-2.7641599919331545
AB,hf200_lfx10,AR1/co-kriging,val,r2,20,0.984003593152415,0.00014188016348609715,0.9839899726495562,0.983740024090939,0.9842514451927624,0.9839371911919184,0.9840699951129117
AB,hf200_lfx10,FPCA-NARGP,test,coverage_raw,20,0.9777450025081634,0.003408112003492769,0.9781500101089478,0.9715999960899353,0.9818999767303467,0.9761499569918362,0.9793400480244907
AB,hf200_lfx10,FPCA-NARGP,test,gaussian_nll,20,-2.9687271500675236,0.006840215108976366,-2.9692815033044537,-2.985987165229675,-2.954108778066204,-2.9719284692815355,-2.9655258308535117
AB,hf200_lfx10,FPCA-NARGP,test,gaussian_nlpd,20,-2.9687271500675236,0.006840215108976366,-2.9692815033044537,-2.985987165229675,-2.954108778066204,-2.9719284692815355,-2.9655258308535117
AB,hf200_lfx10,FPCA-NARGP,test,interval_width_raw,20,0.06541638262569904,0.0003892820060718612,0.06548473611474037,0.06436894834041595,0.06596428900957108,0.06523419303869737,0.06559857221270071
AB,hf200_lfx10,FPCA-NARGP,test,r2,20,0.9856607691530904,0.0003124973001867976,0.9856920522128225,0.9850403837527224,0.9860878863146156,0.9855145159146357,0.9858070223915452
AB,hf200_lfx10,FPCA-NARGP,test,rmse,20,0.01428775149397552,0.00015520909953478472,0.014272958040237427,0.014074140228331089,0.01459437608718872,0.014215111399385779,0.014360391588565261
AB,hf200_lfx10,FPCA-NARGP,val,coverage_raw,20,0.9501275092363357,0.002517909353020784,0.9503749907016754,0.9448999762535095,0.9556000232696533,0.9489490913850626,0.9513059270876089
AB,hf200_lfx10,FPCA-NARGP,val,gaussian_nll,20,-2.861420868604891,0.004996289960812592,-2.860963276770497,-2.870740731018192,-2.8530568833623486,-2.8637592042852025,-2.8590825329245795
AB,hf200_lfx10,FPCA-NARGP,val,gaussian_nlpd,20,-2.861420868604891,0.004996289960812592,-2.860963276770497,-2.870740731018192,-2.8530568833623486,-2.8637592042852025,-2.8590825329245795
AB,hf200_lfx10,FPCA-NARGP,val,interval_width_raw,20,0.0639720045030117,0.0002125931224172091,0.0639791451394558,0.06358616799116135,0.0644252821803093,0.06387250785901466,0.06407150114700874
AB,hf200_lfx10,FPCA-NARGP,val,r2,20,0.9845114078809439,0.0002114818099112151,0.9845055541117753,0.9840646052383833,0.9849497221555147,0.9844124313472097,0.9846103844146782
AB,hf200_lfx10,FPCA-NARGP,val,rmse,20,0.016466937214136123,0.00011246941358312038,0.016470408998429775,0.016232624650001526,0.016703132539987564,0.016414299908297625,0.01651957451997462
AB,hf200_lfx10,HF-only,test,nll_cal,20,-2.8635583023214592,0.0025203077686189283,-2.8635365750303423,-2.868429939545171,-2.8591573941787396,-2.864737842665785,-2.8623787619771335
AB,hf200_lfx10,HF-only,test,nll_raw,20,-2.8635583023214592,0.0025203077686189283,-2.8635365750303423,-2.868429939545171,-2.8591573941787396,-2.864737842665785,-2.8623787619771335
AB,hf200_lfx10,HF-only,test,nlpd_cal,20,-2.8635583023214592,0.0025203077686189283,-2.8635365750303423,-2.868429939545171,-2.8591573941787396,-2.864737842665785,-2.8623787619771335
AB,hf200_lfx10,HF-only,test,nlpd_raw,20,-2.8635583023214592,0.0025203077686189283,-2.8635365750303423,-2.868429939545171,-2.8591573941787396,-2.864737842665785,-2.8623787619771335
AB,hf200_lfx10,HF-only,test,r2,20,0.9819279415210017,0.00011491080305311443,0.9819378959929168,0.9817039779341883,0.9820975063272562,0.9818741616097195,0.9819817214322839
AB,hf200_lfx10,HF-only,test,target_rmse,20,0.016040836833417414,5.0971712970995865e-05,0.016036495566368103,0.015965482220053673,0.016140002757310867,0.01601698133742709,0.01606469232940774
AB,hf200_lfx10,HF-only,test,y_rmse,20,0.016040836833417414,5.0971712970995865e-05,0.016036495566368103,0.015965482220053673,0.016140002757310867,0.01601698133742709,0.01606469232940774
AB,hf200_lfx10,HF-only,val,nll_cal,20,-2.613727732541151,0.006190627677496231,-2.613223386899816,-2.623536851969276,-2.60490869181352,-2.616625035479001,-2.6108304296033014
AB,hf200_lfx10,HF-only,val,nll_raw,20,-2.613727732541151,0.006190627677496231,-2.613223386899816,-2.623536851969276,-2.60490869181352,-2.616625035479001,-2.6108304296033014
AB,hf200_lfx10,HF-only,val,nlpd_cal,20,-2.613727732541151,0.006190627677496231,-2.613223386899816,-2.623536851969276,-2.60490869181352,-2.616625035479001,-2.6108304296033014
AB,hf200_lfx10,HF-only,val,nlpd_raw,20,-2.613727732541151,0.006190627677496231,-2.613223386899816,-2.623536851969276,-2.60490869181352,-2.616625035479001,-2.6108304296033014
AB,hf200_lfx10,HF-only,val,r2,20,0.9729795051829869,0.00028932907757458695,0.9729551426222911,0.972470662247985,0.9734703486407946,0.9728440950064858,0.973114915359488
AB,hf200_lfx10,MF-DeepONet,test,r2,20,0.9886065337826583,0.0013725946150645503,0.9881313181435478,0.9865017342078747,0.9907777422747078,0.9879641397286337,0.9892489278366828
AB,hf200_lfx10,MF-DeepONet,test,rmse,20,0.012714236431329348,0.0007738901225422163,0.012999496563519793,0.011458926147131569,0.01386322528229553,0.012352044704993521,0.013076428157665174
AB,hf200_lfx10,MF-DeepONet,val,r2,20,0.9882147366736801,0.00096708358474217,0.9880621141735404,0.9867751335319042,0.989821280462,0.9877621276238086,0.9886673457235516
AB,hf200_lfx10,MF-DeepONet,val,rmse,20,0.014352705602731863,0.0005934235775758185,0.014457042283818168,0.013349440571600762,0.015216407843763831,0.014074974819317137,0.014630436386146589
AB,hf200_lfx10,Neural-GP MF (ours),test,nll_cal,20,-3.3633808933444187,0.047979665494301244,-3.3736608555596375,-3.422578893149594,-3.2565675206613816,-3.38583606801096,-3.3409257186778776
AB,hf200_lfx10,Neural-GP MF (ours),test,nll_raw,20,-3.3633808933444187,0.047979665494301244,-3.3736608555596375,-3.422578893149594,-3.2565675206613816,-3.38583606801096,-3.3409257186778776
AB,hf200_lfx10,Neural-GP MF (ours),test,nlpd_cal,20,-3.3633808933444187,0.047979665494301244,-3.3736608555596375,-3.422578893149594,-3.2565675206613816,-3.38583606801096,-3.3409257186778776
AB,hf200_lfx10,Neural-GP MF (ours),test,nlpd_raw,20,-3.3633808933444187,0.047979665494301244,-3.3736608555596375,-3.422578893149594,-3.2565675206613816,-3.38583606801096,-3.3409257186778776
AB,hf200_lfx10,Neural-GP MF (ours),test,r2,20,0.9932225414097223,0.0009898273741670107,0.9934006221790657,0.9907081683753506,0.9947492013597278,0.9927592879387434,0.9936857948807013
AB,hf200_lfx10,Neural-GP MF (ours),test,target_rmse,20,0.009799944004043937,0.0006950246108080103,0.009693414438515902,0.00864645279943943,0.011502068489789963,0.009474662473369398,0.010125225534718476
AB,hf200_lfx10,Neural-GP MF (ours),test,y_rmse,20,0.009799944004043937,0.0006950246108080103,0.009693414438515902,0.00864645279943943,0.011502068489789963,0.009474662473369398,0.010125225534718476
AB,hf200_lfx10,Neural-GP MF (ours),val,nll_cal,20,-3.2605161144978383,0.03268904226494236,-3.2671667291813593,-3.3109766781494088,-3.161445393301584,-3.2758150572099005,-3.245217171785776
AB,hf200_lfx10,Neural-GP MF (ours),val,nll_raw,20,-3.2605161144978383,0.03268904226494236,-3.2671667291813593,-3.3109766781494088,-3.161445393301584,-3.2758150572099005,-3.245217171785776
AB,hf200_lfx10,Neural-GP MF (ours),val,nlpd_cal,20,-3.2605161144978383,0.03268904226494236,-3.2671667291813593,-3.3109766781494088,-3.161445393301584,-3.2758150572099005,-3.245217171785776
AB,hf200_lfx10,Neural-GP MF (ours),val,nlpd_raw,20,-3.2605161144978383,0.03268904226494236,-3.2671667291813593,-3.3109766781494088,-3.161445393301584,-3.2758150572099005,-3.245217171785776
AB,hf200_lfx10,Neural-GP MF (ours),val,r2,20,0.9931285579496368,0.0005787909832721521,0.9930736410811413,0.9917191925877459,0.9941986797984838,0.9928576754311595,0.9933994404681141
AB,hf300_lfx10,AR1/co-kriging,test,nll_cal,20,-2.9006558897942076,0.002721310773147354,-2.900688179820893,-2.9054760529178885,-2.8958574999453344,-2.901929502440386,-2.899382277148029
AB,hf300_lfx10,AR1/co-kriging,test,nll_raw,20,-2.9006558897942076,0.002721310773147354,-2.900688179820893,-2.9054760529178885,-2.8958574999453344,-2.901929502440386,-2.899382277148029
AB,hf300_lfx10,AR1/co-kriging,test,nlpd_cal,20,-2.9006558897942076,0.002721310773147354,-2.900688179820893,-2.9054760529178885,-2.8958574999453344,-2.901929502440386,-2.899382277148029
AB,hf300_lfx10,AR1/co-kriging,test,nlpd_raw,20,-2.9006558897942076,0.002721310773147354,-2.900688179820893,-2.9054760529178885,-2.8958574999453344,-2.901929502440386,-2.899382277148029
AB,hf300_lfx10,AR1/co-kriging,test,r2,20,0.989313042944133,0.000141922132779511,0.9893348710345654,0.9890554172510019,0.9895458567454574,0.9892466213414024,0.9893794645468637
AB,hf300_lfx10,AR1/co-kriging,test,target_rmse,20,0.012335116183385253,8.185786929721829e-05,0.012322769965976477,0.012200272642076015,0.012483170256018639,0.012296805521275317,0.01237342684549519
AB,hf300_lfx10,AR1/co-kriging,test,y_rmse,20,0.012335116183385253,8.185786929721829e-05,0.012322769965976477,0.012200272642076015,0.012483170256018639,0.012296805521275317,0.01237342684549519
AB,hf300_lfx10,AR1/co-kriging,val,nll_cal,20,-2.8934040018232148,0.0013686284285009608,-2.893385161670024,-2.895836779085392,-2.890539234481289,-2.894044539644789,-2.8927634640016406
AB,hf300_lfx10,AR1/co-kriging,val,nll_raw,20,-2.8934040018232148,0.0013686284285009608,-2.893385161670024,-2.895836779085392,-2.890539234481289,-2.894044539644789,-2.8927634640016406
AB,hf300_lfx10,AR1/co-kriging,val,nlpd_cal,20,-2.8934040018232148,0.0013686284285009608,-2.893385161670024,-2.895836779085392,-2.890539234481289,-2.894044539644789,-2.8927634640016406
AB,hf300_lfx10,AR1/co-kriging,val,nlpd_raw,20,-2.8934040018232148,0.0013686284285009608,-2.893385161670024,-2.895836779085392,-2.890539234481289,-2.894044539644789,-2.8927634640016406
AB,hf300_lfx10,AR1/co-kriging,val,r2,20,0.9906685633844109,7.146000413778884e-05,0.9906715027068186,0.9905580405354961,0.9908187069465585,0.9906351190729916,0.9907020076958302
AB,hf300_lfx10,FPCA-NARGP,test,coverage_raw,20,0.987034997344017,0.000883945851603158,0.9869499802589417,0.9850999712944031,0.9890000224113464,0.9866212979509716,0.9874486967370624
AB,hf300_lfx10,FPCA-NARGP,test,gaussian_nll,20,-3.0566780368362223,0.005592003761206334,-3.055986324959398,-3.0690380302109883,-3.045611196768399,-3.0592951751572213,-3.0540608985152233
AB,hf300_lfx10,FPCA-NARGP,test,gaussian_nlpd,20,-3.0566780368362223,0.005592003761206334,-3.055986324959398,-3.0690380302109883,-3.045611196768399,-3.0592951751572213,-3.0540608985152233
AB,hf300_lfx10,FPCA-NARGP,test,interval_width_raw,20,0.06368187740445137,0.00037554201697448527,0.06366969272494316,0.06293049454689026,0.06445818394422531,0.06350611833029132,0.06385763647861142
AB,hf300_lfx10,FPCA-NARGP,test,r2,20,0.9905195184853911,0.00014501965765110298,0.9905129981393832,0.9902082081027924,0.99081324758086,0.9904516471963963,0.9905873897743859
AB,hf300_lfx10,FPCA-NARGP,test,rmse,20,0.011617921385914087,8.884441458241547e-05,0.011622230522334576,0.011436847038567066,0.01180745754390955,0.011576340919959573,0.011659501851868601
AB,hf300_lfx10,FPCA-NARGP,val,coverage_raw,20,0.9825083404779434,0.0011928047061627494,0.982450008392334,0.980400025844574,0.984333336353302,0.9819500906914138,0.9830665902644731
AB,hf300_lfx10,FPCA-NARGP,val,gaussian_nll,20,-3.0276421086217313,0.0035531661971897398,-3.0273516480267695,-3.035339467750048,-3.0191203221930865,-3.0293050415904204,-3.0259791756530423
AB,hf300_lfx10,FPCA-NARGP,val,gaussian_nlpd,20,-3.0276421086217313,0.0035531661971897398,-3.0273516480267695,-3.035339467750048,-3.0191203221930865,-3.0293050415904204,-3.0259791756530423
AB,hf300_lfx10,FPCA-NARGP,val,interval_width_raw,20,0.06266519520431757,0.00024027753937352631,0.06265604496002197,0.06225377693772316,0.0631120502948761,0.06255274185435163,0.06277764855428351
AB,hf300_lfx10,FPCA-NARGP,val,r2,20,0.990771786729808,0.00014826581103866574,0.9907489293921228,0.9904890157732057,0.9911387972427499,0.9907023961942624,0.9908411772653537
AB,hf300_lfx10,FPCA-NARGP,val,rmse,20,0.012730448786169291,0.00010252132452395859,0.012746594846248627,0.012475117109715939,0.012924418784677982,0.012682467329326827,0.012778430243011755
AB,hf300_lfx10,HF-only,test,nll_cal,20,-2.9890976895069787,0.004228175830221986,-2.9886504034721604,-2.9980567703774494,-2.977551225633235,-2.991076536708399,-2.9871188423055584
AB,hf300_lfx10,HF-only,test,nll_raw,20,-2.9890976895069787,0.004228175830221986,-2.9886504034721604,-2.9980567703774494,-2.977551225633235,-2.991076536708399,-2.9871188423055584
AB,hf300_lfx10,HF-only,test,nlpd_cal,20,-2.9890976895069787,0.004228175830221986,-2.9886504034721604,-2.9980567703774494,-2.977551225633235,-2.991076536708399,-2.9871188423055584
AB,hf300_lfx10,HF-only,test,nlpd_raw,20,-2.9890976895069787,0.004228175830221986,-2.9886504034721604,-2.9980567703774494,-2.977551225633235,-2.991076536708399,-2.9871188423055584
AB,hf300_lfx10,HF-only,test,r2,20,0.9882699668523476,0.00014398352377003514,0.9882317971361397,0.9880987337183367,0.9886609848735574,0.988202580488936,0.9883373532157591
AB,hf300_lfx10,HF-only,test,target_rmse,20,0.012923111720010639,7.955558184681497e-05,0.012944353744387627,0.012706120498478413,0.013017329387366772,0.012885878561595211,0.012960344878426067
AB,hf300_lfx10,HF-only,test,y_rmse,20,0.012923111720010639,7.955558184681497e-05,0.012944353744387627,0.012706120498478413,0.013017329387366772,0.012885878561595211,0.012960344878426067
AB,hf300_lfx10,HF-only,val,nll_cal,20,-2.88789360272427,0.0025537939679180447,-2.88789731677865,-2.8920168682562766,-2.8813176684344306,-2.889088815092284,-2.886698390356256
AB,hf300_lfx10,HF-only,val,nll_raw,20,-2.88789360272427,0.0025537939679180447,-2.88789731677865,-2.8920168682562766,-2.8813176684344306,-2.889088815092284,-2.886698390356256
AB,hf300_lfx10,HF-only,val,nlpd_cal,20,-2.88789360272427,0.0025537939679180447,-2.88789731677865,-2.8920168682562766,-2.8813176684344306,-2.889088815092284,-2.886698390356256
AB,hf300_lfx10,HF-only,val,nlpd_raw,20,-2.88789360272427,0.0025537939679180447,-2.88789731677865,-2.8920168682562766,-2.8813176684344306,-2.889088815092284,-2.886698390356256
AB,hf300_lfx10,HF-only,val,r2,20,0.987536667551393,9.466067221119099e-05,0.9875460160973116,0.9872972295578425,0.9877102607812267,0.9874923649930768,0.9875809701097092
AB,hf300_lfx10,MF-DeepONet,test,r2,20,0.9911706790493404,0.0015274770377927936,0.9916649631059984,0.9874997563049597,0.9930032390046671,0.9904557977901778,0.9918855603085031
AB,hf300_lfx10,MF-DeepONet,test,rmse,20,0.011174378412863464,0.000943454546332895,0.010893673082311206,0.009980994412335735,0.01334088169293157,0.01073282809337731,0.01161592873234962
AB,hf300_lfx10,MF-DeepONet,val,r2,20,0.9932226005627964,0.0005246895575016493,0.9932833914620465,0.9919868643147484,0.9941111378397408,0.9929770382909876,0.9934681628346053
AB,hf300_lfx10,MF-DeepONet,val,rmse,20,0.010902488374689972,0.00041880023185609497,0.010860935729395057,0.010169836469504392,0.011863136386882987,0.010706483832769322,0.011098492916610622
AB,hf300_lfx10,Neural-GP MF (ours),test,nll_cal,20,-3.383165243144461,0.03966843753352313,-3.3854529860573344,-3.4706356715444757,-3.304173612794081,-3.401730643390318,-3.364599842898604
AB,hf300_lfx10,Neural-GP MF (ours),test,nll_raw,20,-3.383165243144461,0.03966843753352313,-3.3854529860573344,-3.4706356715444757,-3.304173612794081,-3.401730643390318,-3.364599842898604
AB,hf300_lfx10,Neural-GP MF (ours),test,nlpd_cal,20,-3.383165243144461,0.03966843753352313,-3.3854529860573344,-3.4706356715444757,-3.304173612794081,-3.401730643390318,-3.364599842898604
AB,hf300_lfx10,Neural-GP MF (ours),test,nlpd_raw,20,-3.383165243144461,0.03966843753352313,-3.3854529860573344,-3.4706356715444757,-3.304173612794081,-3.401730643390318,-3.364599842898604
AB,hf300_lfx10,Neural-GP MF (ours),test,r2,20,0.9937902258762952,0.0008321005992938648,0.9937078212287306,0.992332299328816,0.9955441063681303,0.993400790808235,0.9941796609443554
AB,hf300_lfx10,Neural-GP MF (ours),test,target_rmse,20,0.009382530208677053,0.0006351261449837075,0.009465034119784832,0.007965127937495708,0.010448594577610493,0.009085282022930737,0.009679778394423369
AB,hf300_lfx10,Neural-GP MF (ours),test,y_rmse,20,0.009382530208677053,0.0006351261449837075,0.009465034119784832,0.007965127937495708,0.010448594577610493,0.009085282022930737,0.009679778394423369
AB,hf300_lfx10,Neural-GP MF (ours),val,nll_cal,20,-3.3017028532060855,0.036448783182796644,-3.301701550174587,-3.355479218421385,-3.239907735325006,-3.3187614088321102,-3.2846442975800607
AB,hf300_lfx10,Neural-GP MF (ours),val,nll_raw,20,-3.3017028532060855,0.036448783182796644,-3.301701550174587,-3.355479218421385,-3.239907735325006,-3.3187614088321102,-3.2846442975800607
AB,hf300_lfx10,Neural-GP MF (ours),val,nlpd_cal,20,-3.3017028532060855,0.036448783182796644,-3.301701550174587,-3.355479218421385,-3.239907735325006,-3.3187614088321102,-3.2846442975800607
AB,hf300_lfx10,Neural-GP MF (ours),val,nlpd_raw,20,-3.3017028532060855,0.036448783182796644,-3.301701550174587,-3.355479218421385,-3.239907735325006,-3.3187614088321102,-3.2846442975800607
AB,hf300_lfx10,Neural-GP MF (ours),val,r2,20,0.9932661800911127,0.0008172514115950276,0.9933768272943136,0.9916800842560207,0.9943298429523055,0.9928836946568191,0.9936486655254062
AB,hf400_lfx10,AR1/co-kriging,test,nll_cal,20,-2.985235215383411,0.0026928642695578224,-2.9850593776165013,-2.989654776744172,-2.9806647267792847,-2.9864955146560974,-2.9839749161107245
AB,hf400_lfx10,AR1/co-kriging,test,nll_raw,20,-2.985235215383411,0.0026928642695578224,-2.9850593776165013,-2.989654776744172,-2.9806647267792847,-2.9864955146560974,-2.9839749161107245
AB,hf400_lfx10,AR1/co-kriging,test,nlpd_cal,20,-2.985235215383411,0.0026928642695578224,-2.9850593776165013,-2.989654776744172,-2.9806647267792847,-2.9864955146560974,-2.9839749161107245
AB,hf400_lfx10,AR1/co-kriging,test,nlpd_raw,20,-2.985235215383411,0.0026928642695578224,-2.9850593776165013,-2.989654776744172,-2.9806647267792847,-2.9864955146560974,-2.9839749161107245
AB,hf400_lfx10,AR1/co-kriging,test,r2,20,0.989981355115783,0.0001534577584281878,0.9899619916290987,0.9897364252612675,0.9903176758435948,0.9899095346740617,0.9900531755575043
AB,hf400_lfx10,AR1/co-kriging,test,target_rmse,20,0.011943115666508675,9.163785887664319e-05,0.011954986024647951,0.011741271242499352,0.012088560499250889,0.011900227828380931,0.01198600350463642
AB,hf400_lfx10,AR1/co-kriging,test,y_rmse,20,0.011943115666508675,9.163785887664319e-05,0.011954986024647951,0.011741271242499352,0.012088560499250889,0.011900227828380931,0.01198600350463642
AB,hf400_lfx10,AR1/co-kriging,val,nll_cal,20,-2.993280554642744,0.0017978952276986096,-2.993361434370902,-2.99651333054275,-2.99065119461967,-2.9941219955105405,-2.9924391137749478
AB,hf400_lfx10,AR1/co-kriging,val,nll_raw,20,-2.993280554642744,0.0017978952276986096,-2.993361434370902,-2.99651333054275,-2.99065119461967,-2.9941219955105405,-2.9924391137749478
AB,hf400_lfx10,AR1/co-kriging,val,nlpd_cal,20,-2.993280554642744,0.0017978952276986096,-2.993361434370902,-2.99651333054275,-2.99065119461967,-2.9941219955105405,-2.9924391137749478
AB,hf400_lfx10,AR1/co-kriging,val,nlpd_raw,20,-2.993280554642744,0.0017978952276986096,-2.993361434370902,-2.99651333054275,-2.99065119461967,-2.9941219955105405,-2.9924391137749478
AB,hf400_lfx10,AR1/co-kriging,val,r2,20,0.9918861545562443,6.149127629915272e-05,0.9918869352013762,0.991779284825514,0.9920178743484854,0.9918573757530671,0.9919149333594215
AB,hf400_lfx10,FPCA-NARGP,test,coverage_raw,20,0.9877599984407425,0.0007464935356012488,0.9877000153064728,0.986299991607666,0.9891999959945679,0.9874106287117818,0.9881093681697032
AB,hf400_lfx10,FPCA-NARGP,test,gaussian_nll,20,-3.0751048705362174,0.004405483895461597,-3.0755371135516945,-3.0837238648935505,-3.0672380542452937,-3.0771667004665444,-3.0730430406058904
AB,hf400_lfx10,FPCA-NARGP,test,gaussian_nlpd,20,-3.0751048705362174,0.004405483895461597,-3.0755371135516945,-3.0837238648935505,-3.0672380542452937,-3.0771667004665444,-3.0730430406058904
AB,hf400_lfx10,FPCA-NARGP,test,interval_width_raw,20,0.06237853802740574,0.0003930430222056798,0.06240089237689972,0.06145067140460014,0.0632271096110344,0.062194588230670665,0.06256248782414082
AB,hf400_lfx10,FPCA-NARGP,test,r2,20,0.9905795269899682,0.0002568265097632461,0.9905435674703977,0.990232514618971,0.9913156006347116,0.9904593284834484,0.990699725496488
AB,hf400_lfx10,FPCA-NARGP,test,rmse,20,0.01158037749119103,0.00015910888738548075,0.011603455059230328,0.011119754984974861,0.011792793869972229,0.011505912239705181,0.011654842742676879
AB,hf400_lfx10,FPCA-NARGP,val,coverage_raw,20,0.9830937474966049,0.0013418579814275969,0.9830500185489655,0.9805499911308289,0.9853500127792358,0.9824657386299273,0.9837217563632826
AB,hf400_lfx10,FPCA-NARGP,val,gaussian_nll,20,-3.0895657597943607,0.004707442616637261,-3.0900334366459394,-3.096135155814396,-3.0780534781298403,-3.091768910756342,-3.0873626088323793
AB,hf400_lfx10,FPCA-NARGP,val,gaussian_nlpd,20,-3.0895657597943607,0.004707442616637261,-3.0900334366459394,-3.096135155814396,-3.0780534781298403,-3.091768910756342,-3.0873626088323793
AB,hf400_lfx10,FPCA-NARGP,val,interval_width_raw,20,0.06080432310700416,0.00030815616037991185,0.06084252521395683,0.06013966724276543,0.061245985329151154,0.06066010158451932,0.060948544629489
AB,hf400_lfx10,FPCA-NARGP,val,r2,20,0.992026958505057,0.00013212064147915796,0.9920396314889067,0.9917554872044054,0.9922911130105345,0.9919651241414593,0.9920887928686546
AB,hf400_lfx10,FPCA-NARGP,val,rmse,20,0.011924113566055893,9.886473116942338e-05,0.011915020644664764,0.011725303716957569,0.012125810608267784,0.011877843447581771,0.011970383684530015
AB,hf400_lfx10,HF-only,test,nll_cal,20,-3.0460836141936434,0.002951379673010537,-3.0461516528791286,-3.0502900920792433,-3.0399310390977203,-3.0474649023994274,-3.0447023259878594
AB,hf400_lfx10,HF-only,test,nll_raw,20,-3.0460836141936434,0.002951379673010537,-3.0461516528791286,-3.0502900920792433,-3.0399310390977203,-3.0474649023994274,-3.0447023259878594
AB,hf400_lfx10,HF-only,test,nlpd_cal,20,-3.0460836141936434,0.002951379673010537,-3.0461516528791286,-3.0502900920792433,-3.0399310390977203,-3.0474649023994274,-3.0447023259878594
AB,hf400_lfx10,HF-only,test,nlpd_raw,20,-3.0460836141936434,0.002951379673010537,-3.0461516528791286,-3.0502900920792433,-3.0399310390977203,-3.0474649023994274,-3.0447023259878594
AB,hf400_lfx10,HF-only,test,r2,20,0.9885598250230286,0.00010667150284575196,0.9885906712178876,0.9883064699703202,0.9887722115837494,0.9885099012229424,0.9886097488231149
AB,hf400_lfx10,HF-only,test,target_rmse,20,0.01276254109106958,5.9442052593834775e-05,0.01274545444175601,0.012643648311495781,0.01290322095155716,0.012734721354108495,0.012790360828030664
AB,hf400_lfx10,HF-only,test,y_rmse,20,0.01276254109106958,5.9442052593834775e-05,0.01274545444175601,0.012643648311495781,0.01290322095155716,0.012734721354108495,0.012790360828030664
AB,hf400_lfx10,HF-only,val,nll_cal,20,-3.003126623910828,0.0024412409673160457,-3.002805678931211,-3.007138192301279,-2.999412687551329,-3.004269159853074,-3.0019840879685815
AB,hf400_lfx10,HF-only,val,nll_raw,20,-3.003126623910828,0.0024412409673160457,-3.002805678931211,-3.007138192301279,-2.999412687551329,-3.004269159853074,-3.0019840879685815
AB,hf400_lfx10,HF-only,val,nlpd_cal,20,-3.003126623910828,0.0024412409673160457,-3.002805678931211,-3.007138192301279,-2.999412687551329,-3.004269159853074,-3.0019840879685815
AB,hf400_lfx10,HF-only,val,nlpd_raw,20,-3.003126623910828,0.0024412409673160457,-3.002805678931211,-3.007138192301279,-2.999412687551329,-3.004269159853074,-3.0019840879685815
AB,hf400_lfx10,HF-only,val,r2,20,0.9894499344493054,6.219867717878031e-05,0.9894531434437721,0.9893153860226718,0.9895440008441432,0.9894208245723255,0.9894790443262853
AB,hf400_lfx10,MF-DeepONet,test,r2,20,0.9936538675380829,0.0010211304579860003,0.9939732221948954,0.990808324592865,0.9949622363762742,0.9931759637729113,0.9941317713032546
AB,hf400_lfx10,MF-DeepONet,test,rmse,20,0.00947824275322752,0.0007394739516942027,0.00926330828496455,0.008469235047691112,0.01143991065515604,0.009132158290662372,0.009824327215792667
AB,hf400_lfx10,MF-DeepONet,val,r2,20,0.9953000267254046,0.0003393511377005179,0.995296381880951,0.994578864773277,0.995757875921994,0.9951412055041258,0.9954588479466835
AB,hf400_lfx10,MF-DeepONet,val,rmse,20,0.009149834595159513,0.0003266328585888504,0.009158920326195943,0.008698011185141807,0.009832713804806716,0.008996965711729813,0.009302703478589212
AB,hf400_lfx10,Neural-GP MF (ours),test,nll_cal,20,-3.4179904632625324,0.028716127883765288,-3.419809814376043,-3.4762814227211916,-3.3616152584858785,-3.431430024808731,-3.404550901716334
AB,hf400_lfx10,Neural-GP MF (ours),test,nll_raw,20,-3.4179904632625324,0.028716127883765288,-3.419809814376043,-3.4762814227211916,-3.3616152584858785,-3.431430024808731,-3.404550901716334
AB,hf400_lfx10,Neural-GP MF (ours),test,nlpd_cal,20,-3.4179904632625324,0.028716127883765288,-3.419809814376043,-3.4762814227211916,-3.3616152584858785,-3.431430024808731,-3.404550901716334
AB,hf400_lfx10,Neural-GP MF (ours),test,nlpd_raw,20,-3.4179904632625324,0.028716127883765288,-3.419809814376043,-3.4762814227211916,-3.3616152584858785,-3.431430024808731,-3.404550901716334
AB,hf400_lfx10,Neural-GP MF (ours),test,r2,20,0.9940955804842329,0.0007200103385156071,0.9942306129432452,0.9921769867556134,0.9954330536310075,0.9937586052730363,0.9944325556954294
AB,hf400_lfx10,Neural-GP MF (ours),test,target_rmse,20,0.00915299435146153,0.0005526303961858368,0.009063378907740116,0.008063772693276405,0.010553884319961071,0.008894355364621015,0.009411633338302043
AB,hf400_lfx10,Neural-GP MF (ours),test,y_rmse,20,0.00915299435146153,0.0005526303961858368,0.009063378907740116,0.008063772693276405,0.010553884319961071,0.008894355364621015,0.009411633338302043
AB,hf400_lfx10,Neural-GP MF (ours),val,nll_cal,20,-3.4087420647801325,0.02244148900705401,-3.4121327597030113,-3.4681742266792104,-3.3578760590798535,-3.419245004936948,-3.3982391246233172
AB,hf400_lfx10,Neural-GP MF (ours),val,nll_raw,20,-3.4087420647801325,0.02244148900705401,-3.4121327597030113,-3.4681742266792104,-3.3578760590798535,-3.419245004936948,-3.3982391246233172
AB,hf400_lfx10,Neural-GP MF (ours),val,nlpd_cal,20,-3.4087420647801325,0.02244148900705401,-3.4121327597030113,-3.4681742266792104,-3.3578760590798535,-3.419245004936948,-3.3982391246233172
AB,hf400_lfx10,Neural-GP MF (ours),val,nlpd_raw,20,-3.4087420647801325,0.02244148900705401,-3.4121327597030113,-3.4681742266792104,-3.3578760590798535,-3.419245004936948,-3.3982391246233172
AB,hf400_lfx10,Neural-GP MF (ours),val,r2,20,0.9949255119270095,0.00036130381912618517,0.9949631510212562,0.993903629146759,0.9956242169935134,0.9947564165345639,0.9950946073194551
AB,hf500_lfx10,AR1/co-kriging,test,nll_cal,20,-3.0398415267004864,0.002754416868427274,-3.039988332302347,-3.0437043728564444,-3.035345751395039,-3.0411306334761963,-3.0385524199247764
AB,hf500_lfx10,AR1/co-kriging,test,nll_raw,20,-3.0398415267004864,0.002754416868427274,-3.039988332302347,-3.0437043728564444,-3.035345751395039,-3.0411306334761963,-3.0385524199247764
AB,hf500_lfx10,AR1/co-kriging,test,nlpd_cal,20,-3.0398415267004864,0.002754416868427274,-3.039988332302347,-3.0437043728564444,-3.035345751395039,-3.0411306334761963,-3.0385524199247764
AB,hf500_lfx10,AR1/co-kriging,test,nlpd_raw,20,-3.0398415267004864,0.002754416868427274,-3.039988332302347,-3.0437043728564444,-3.035345751395039,-3.0411306334761963,-3.0385524199247764
AB,hf500_lfx10,AR1/co-kriging,test,r2,20,0.9920268090218516,0.00011033959531233143,0.9920265594580338,0.9918087863016428,0.9922283100107506,0.9919751685016469,0.9920784495420563
AB,hf500_lfx10,AR1/co-kriging,test,target_rmse,20,0.010654461337253451,7.376869613992315e-05,0.010654870420694351,0.010519207455217838,0.01079939492046833,0.010619936524717155,0.010688986149789748
AB,hf500_lfx10,AR1/co-kriging,test,y_rmse,20,0.010654461337253451,7.376869613992315e-05,0.010654870420694351,0.010519207455217838,0.01079939492046833,0.010619936524717155,0.010688986149789748
AB,hf500_lfx10,AR1/co-kriging,val,nll_cal,20,-3.049595820017198,0.0019031962231117333,-3.0495604846378503,-3.0526194195575873,-3.0459988228439743,-3.0504865432678585,-3.048705096766538
AB,hf500_lfx10,AR1/co-kriging,val,nll_raw,20,-3.049595820017198,0.0019031962231117333,-3.0495604846378503,-3.0526194195575873,-3.0459988228439743,-3.0504865432678585,-3.048705096766538
AB,hf500_lfx10,AR1/co-kriging,val,nlpd_cal,20,-3.049595820017198,0.0019031962231117333,-3.0495604846378503,-3.0526194195575873,-3.0459988228439743,-3.0504865432678585,-3.048705096766538
AB,hf500_lfx10,AR1/co-kriging,val,nlpd_raw,20,-3.049595820017198,0.0019031962231117333,-3.0495604846378503,-3.0526194195575873,-3.0459988228439743,-3.0504865432678585,-3.048705096766538
AB,hf500_lfx10,AR1/co-kriging,val,r2,20,0.9933252230787216,6.221216657074947e-05,0.9933292775062108,0.9931717356772358,0.993441162140824,0.9932961068885119,0.9933543392689314
AB,hf500_lfx10,FPCA-NARGP,test,coverage_raw,20,0.9966200023889542,0.0012967944685418084,0.9964499771595001,0.9934999942779541,0.9983999729156494,0.996013083895511,0.9972269208823974
AB,hf500_lfx10,FPCA-NARGP,test,gaussian_nll,20,-3.1031249043801807,0.005539769070588143,-3.1015633518479695,-3.1143174864956578,-3.092613674951878,-3.1057175961134553,-3.100532212646906
AB,hf500_lfx10,FPCA-NARGP,test,gaussian_nlpd,20,-3.1031249043801807,0.005539769070588143,-3.1015633518479695,-3.1143174864956578,-3.092613674951878,-3.1057175961134553,-3.100532212646906
AB,hf500_lfx10,FPCA-NARGP,test,interval_width_raw,20,0.062038899213075635,0.0002457717930096177,0.06206761859357357,0.06155966967344284,0.062481652945280075,0.06192387447325548,0.06215392395289579
AB,hf500_lfx10,FPCA-NARGP,test,r2,20,0.9918904511061377,0.00020462672387035227,0.9918847147173315,0.9915165586337814,0.9922352546835149,0.9917946828514279,0.9919862193608475
AB,hf500_lfx10,FPCA-NARGP,test,rmse,20,0.010744613036513329,0.0001356200486676178,0.01074922550469637,0.010514507070183754,0.010990344919264317,0.010681140899937514,0.010808085173089144
AB,hf500_lfx10,FPCA-NARGP,val,coverage_raw,20,0.9869069963693619,0.002015620713275207,0.9870500266551971,0.9812399744987488,0.9899399876594543,0.9859636568376707,0.987850335901053
AB,hf500_lfx10,FPCA-NARGP,val,gaussian_nll,20,-3.1036610302111933,0.00417888008559203,-3.104829945861711,-3.1097057220645925,-3.0962068854542872,-3.1056168062939515,-3.101705254128435
AB,hf500_lfx10,FPCA-NARGP,val,gaussian_nlpd,20,-3.1036610302111933,0.00417888008559203,-3.104829945861711,-3.1097057220645925,-3.0962068854542872,-3.1056168062939515,-3.101705254128435
AB,hf500_lfx10,FPCA-NARGP,val,interval_width_raw,20,0.060087007284164426,0.00024237910304678172,0.060099998489022255,0.059664107859134674,0.06043672189116478,0.0599735703721234,0.06020044419620545
AB,hf500_lfx10,FPCA-NARGP,val,r2,20,0.9926264589372144,0.00016676442589281385,0.9926567778826358,0.9922956102405043,0.9929304289672286,0.9925484107834182,0.9927045070910105
AB,hf500_lfx10,FPCA-NARGP,val,rmse,20,0.011417864728718996,0.00012894418515370682,0.011395055335015059,0.011180717498064041,0.011671919375658035,0.011357516992442985,0.011478212464995008
AB,hf500_lfx10,HF-only,test,nll_cal,20,-3.088236213729446,0.003216081398246773,-3.0885628694935625,-3.093647910634787,-3.083064991148079,-3.0897413861560445,-3.0867310413028473
AB,hf500_lfx10,HF-only,test,nll_raw,20,-3.088236213729446,0.003216081398246773,-3.0885628694935625,-3.093647910634787,-3.083064991148079,-3.0897413861560445,-3.0867310413028473
AB,hf500_lfx10,HF-only,test,nlpd_cal,20,-3.088236213729446,0.003216081398246773,-3.0885628694935625,-3.093647910634787,-3.083064991148079,-3.0897413861560445,-3.0867310413028473
AB,hf500_lfx10,HF-only,test,nlpd_raw,20,-3.088236213729446,0.003216081398246773,-3.0885628694935625,-3.093647910634787,-3.083064991148079,-3.0897413861560445,-3.0867310413028473
AB,hf500_lfx10,HF-only,test,r2,20,0.9901926233893811,9.512199198247968e-05,0.9901982807058984,0.9900309801703833,0.9903492462129911,0.990148104926766,0.9902371418519962
AB,hf500_lfx10,HF-only,test,target_rmse,20,0.011816718056797982,5.7296380744733046e-05,0.01181344036012888,0.011722113005816936,0.011913834139704704,0.011789902525173727,0.011843533588422236
AB,hf500_lfx10,HF-only,test,y_rmse,20,0.011816718056797982,5.7296380744733046e-05,0.01181344036012888,0.011722113005816936,0.011913834139704704,0.011789902525173727,0.011843533588422236
AB,hf500_lfx10,HF-only,val,nll_cal,20,-3.0662303810133427,0.001767781468988165,-3.066277678339775,-3.070571046069062,-3.063468373436724,-3.067057728208231,-3.065403033818454
AB,hf500_lfx10,HF-only,val,nll_raw,20,-3.0662303810133427,0.001767781468988165,-3.066277678339775,-3.070571046069062,-3.063468373436724,-3.067057728208231,-3.065403033818454
AB,hf500_lfx10,HF-only,val,nlpd_cal,20,-3.0662303810133427,0.001767781468988165,-3.066277678339775,-3.070571046069062,-3.063468373436724,-3.067057728208231,-3.065403033818454
AB,hf500_lfx10,HF-only,val,nlpd_raw,20,-3.0662303810133427,0.001767781468988165,-3.066277678339775,-3.070571046069062,-3.063468373436724,-3.067057728208231,-3.065403033818454
AB,hf500_lfx10,HF-only,val,r2,20,0.990829390503898,4.5842708395516054e-05,0.990828336320948,0.9907254465560277,0.9909370083556711,0.9908079354559396,0.9908508455518563
AB,hf500_lfx10,MF-DeepONet,test,r2,20,0.9945371294117636,0.0007916521831431612,0.9947436442752745,0.9928485311668701,0.9957257741095545,0.9941666247851789,0.9949076340383484
AB,hf500_lfx10,MF-DeepONet,test,rmse,20,0.008797778315612518,0.0006322343212777962,0.008651011381321478,0.007801067366811068,0.010090737721068567,0.008501883545021396,0.00909367308620364
AB,hf500_lfx10,MF-DeepONet,val,r2,20,0.996189338000225,0.0002998868929531924,0.9961406644176919,0.9956360210588354,0.9966996146570146,0.9960489866140264,0.9963296893864236
AB,hf500_lfx10,MF-DeepONet,val,rmse,20,0.008202602918103074,0.00032402977024968845,0.008260938086210664,0.007639333633303374,0.008784447985727011,0.008050952317517287,0.008354253518688862
AB,hf500_lfx10,Neural-GP MF (ours),test,nll_cal,20,-3.4735204282920904,0.04159061794860314,-3.4775181041275243,-3.5311869764822097,-3.3529048974367135,-3.4929854366639432,-3.4540554199202376
AB,hf500_lfx10,Neural-GP MF (ours),test,nll_raw,20,-3.4735204282920904,0.04159061794860314,-3.4775181041275243,-3.5311869764822097,-3.3529048974367135,-3.4929854366639432,-3.4540554199202376
AB,hf500_lfx10,Neural-GP MF (ours),test,nlpd_cal,20,-3.4735204282920904,0.04159061794860314,-3.4775181041275243,-3.5311869764822097,-3.3529048974367135,-3.4929854366639432,-3.4540554199202376
AB,hf500_lfx10,Neural-GP MF (ours),test,nlpd_raw,20,-3.4735204282920904,0.04159061794860314,-3.4775181041275243,-3.5311869764822097,-3.3529048974367135,-3.4929854366639432,-3.4540554199202376
AB,hf500_lfx10,Neural-GP MF (ours),test,r2,20,0.9955896183511916,0.0006765068757878825,0.9955719991081239,0.9936577435284576,0.9967866026408762,0.9952730033872808,0.9959062333151025
AB,hf500_lfx10,Neural-GP MF (ours),test,target_rmse,20,0.00790287738200277,0.0005980455491695842,0.007939998526126146,0.006764060817658901,0.009502704255282879,0.007622983449296098,0.008182771314709443
AB,hf500_lfx10,Neural-GP MF (ours),test,y_rmse,20,0.00790287738200277,0.0005980455491695842,0.007939998526126146,0.006764060817658901,0.009502704255282879,0.007622983449296098,0.008182771314709443
AB,hf500_lfx10,Neural-GP MF (ours),val,nll_cal,20,-3.4739095592063665,0.026927221541347093,-3.4808792924369643,-3.5262856712039303,-3.4012288792320167,-3.4865118868125773,-3.4613072316001556
AB,hf500_lfx10,Neural-GP MF (ours),val,nll_raw,20,-3.4739095592063665,0.026927221541347093,-3.4808792924369643,-3.5262856712039303,-3.4012288792320167,-3.4865118868125773,-3.4613072316001556
AB,hf500_lfx10,Neural-GP MF (ours),val,nlpd_cal,20,-3.4739095592063665,0.026927221541347093,-3.4808792924369643,-3.5262856712039303,-3.4012288792320167,-3.4865118868125773,-3.4613072316001556
AB,hf500_lfx10,Neural-GP MF (ours),val,nlpd_raw,20,-3.4739095592063665,0.026927221541347093,-3.4808792924369643,-3.5262856712039303,-3.4012288792320167,-3.4865118868125773,-3.4613072316001556
AB,hf500_lfx10,Neural-GP MF (ours),val,r2,20,0.9962911436893123,0.0003073631551469729,0.9963054698715539,0.9956043681221302,0.9968139506628323,0.9961472933047008,0.9964349940739238
AB,hf50_lfx10,AR1/co-kriging,test,nll_cal,20,-2.630119307779025,0.0012354418278012064,-2.630186380805002,-2.6329629057647654,-2.6280126761294405,-2.6306975123527296,-2.6295411032053204
AB,hf50_lfx10,AR1/co-kriging,test,nll_raw,20,-2.630119307779025,0.0012354418278012064,-2.630186380805002,-2.6329629057647654,-2.6280126761294405,-2.6306975123527296,-2.6295411032053204
AB,hf50_lfx10,AR1/co-kriging,test,nlpd_cal,20,-2.630119307779025,0.0012354418278012064,-2.630186380805002,-2.6329629057647654,-2.6280126761294405,-2.6306975123527296,-2.6295411032053204
AB,hf50_lfx10,AR1/co-kriging,test,nlpd_raw,20,-2.630119307779025,0.0012354418278012064,-2.630186380805002,-2.6329629057647654,-2.6280126761294405,-2.6306975123527296,-2.6295411032053204
AB,hf50_lfx10,AR1/co-kriging,test,r2,20,0.9761814010007995,0.00014138197237889037,0.9761601073931758,0.9759569755431882,0.9765540390002162,0.9761152322009181,0.976247569800681
AB,hf50_lfx10,AR1/co-kriging,test,target_rmse,20,0.01841541798785329,5.472126262643656e-05,0.018423721194267273,0.01827087253332138,0.018502051010727882,0.018389807648606628,0.01844102832709995
AB,hf50_lfx10,AR1/co-kriging,test,y_rmse,20,0.01841541798785329,5.472126262643656e-05,0.018423721194267273,0.01827087253332138,0.018502051010727882,0.018389807648606628,0.01844102832709995
AB,hf50_lfx10,AR1/co-kriging,val,nll_cal,20,-2.3673456800812627,0.00294806377723349,-2.3676136183407506,-2.3735343775456257,-2.3620416605639565,-2.3687254164000526,-2.3659659437624727
AB,hf50_lfx10,AR1/co-kriging,val,nll_raw,20,-2.3673456800812627,0.00294806377723349,-2.3676136183407506,-2.3735343775456257,-2.3620416605639565,-2.3687254164000526,-2.3659659437624727
AB,hf50_lfx10,AR1/co-kriging,val,nlpd_cal,20,-2.3673456800812627,0.00294806377723349,-2.3676136183407506,-2.3735343775456257,-2.3620416605639565,-2.3687254164000526,-2.3659659437624727
AB,hf50_lfx10,AR1/co-kriging,val,nlpd_raw,20,-2.3673456800812627,0.00294806377723349,-2.3676136183407506,-2.3735343775456257,-2.3620416605639565,-2.3687254164000526,-2.3659659437624727
AB,hf50_lfx10,AR1/co-kriging,val,r2,20,0.9683536144220852,0.00022841924937340015,0.9683452827217374,0.9678589334215938,0.9687226817656831,0.9682467109226749,0.9684605179214956
AB,hf50_lfx10,FPCA-NARGP,test,coverage_raw,20,0.9840250015258789,0.0002403332171486394,0.9840500056743622,0.9836000204086304,0.9843999743461609,0.9839125221179121,0.9841374809338457
AB,hf50_lfx10,FPCA-NARGP,test,gaussian_nll,20,-2.6067951119094177,0.00114314076617132,-2.606487216422759,-2.609530040783409,-2.6048068365784145,-2.607330118256552,-2.6062601055622836
AB,hf50_lfx10,FPCA-NARGP,test,gaussian_nlpd,20,-2.6067951119094177,0.00114314076617132,-2.606487216422759,-2.609530040783409,-2.6048068365784145,-2.607330118256552,-2.6062601055622836
AB,hf50_lfx10,FPCA-NARGP,test,interval_width_raw,20,0.09851050414144993,4.442112720151864e-05,0.09851381555199623,0.0984359160065651,0.09859248995780945,0.09848971441397021,0.09853129386892966
AB,hf50_lfx10,FPCA-NARGP,test,r2,20,0.9724997770025924,0.00016428228450983477,0.9724806268667794,0.9722340267914961,0.9728381205398191,0.9724228905267222,0.9725766634784626
AB,hf50_lfx10,FPCA-NARGP,test,rmse,20,0.01978752901777625,5.9132756361045304e-05,0.01979450136423111,0.019665509462356567,0.019882991909980774,0.019759854035907964,0.019815203999644537
AB,hf50_lfx10,FPCA-NARGP,val,coverage_raw,20,0.8861400038003922,0.0021803950127931475,0.8862000107765198,0.8820000290870667,0.8898000121116638,0.8851195475227188,0.8871604600780655
AB,hf50_lfx10,FPCA-NARGP,val,gaussian_nll,20,-2.2263122657739833,0.0019905814171524766,-2.2261283614019396,-2.229277643296026,-2.223555320459706,-2.2272438865543625,-2.225380644993604
AB,hf50_lfx10,FPCA-NARGP,val,gaussian_nlpd,20,-2.2263122657739833,0.0019905814171524766,-2.2261283614019396,-2.229277643296026,-2.223555320459706,-2.2272438865543625,-2.225380644993604
AB,hf50_lfx10,FPCA-NARGP,val,interval_width_raw,20,0.09826389662921428,5.0868992037210254e-05,0.0982726477086544,0.09816888719797134,0.09835465997457504,0.0982400892081008,0.09828770405032776
AB,hf50_lfx10,FPCA-NARGP,val,r2,20,0.9543604809066885,0.0001673496943207734,0.9543762794125834,0.9539918910664987,0.9545708171810254,0.9542821588388364,0.9544388029745405
AB,hf50_lfx10,FPCA-NARGP,val,rmse,20,0.030104646738618613,5.51589656979116e-05,0.03009948320686817,0.030035244300961494,0.03022601455450058,0.03007883154802877,0.030130461929208457
AB,hf50_lfx10,HF-only,test,nll_cal,20,-2.57517456223023,0.00198087265466448,-2.5753313498906527,-2.577557625349816,-2.5724604692125004,-2.576101639169896,-2.574247485290564
AB,hf50_lfx10,HF-only,test,nll_raw,20,-2.57517456223023,0.00198087265466448,-2.5753313498906527,-2.577557625349816,-2.5724604692125004,-2.576101639169896,-2.574247485290564
AB,hf50_lfx10,HF-only,test,nlpd_cal,20,-2.57517456223023,0.00198087265466448,-2.5753313498906527,-2.577557625349816,-2.5724604692125004,-2.576101639169896,-2.574247485290564
AB,hf50_lfx10,HF-only,test,nlpd_raw,20,-2.57517456223023,0.00198087265466448,-2.5753313498906527,-2.577557625349816,-2.5724604692125004,-2.576101639169896,-2.574247485290564
AB,hf50_lfx10,HF-only,test,r2,20,0.9622831815180476,0.0001807911722893947,0.9622845598406183,0.9620044899930091,0.9624934092406474,0.9621985686448626,0.9623677943912325
AB,hf50_lfx10,HF-only,test,target_rmse,20,0.023173500783741474,5.55325541556829e-05,0.023173111490905285,0.023108890280127525,0.02325902134180069,0.02314751074837132,0.02319949081911163
AB,hf50_lfx10,HF-only,test,y_rmse,20,0.023173500783741474,5.55325541556829e-05,0.023173111490905285,0.023108890280127525,0.02325902134180069,0.02314751074837132,0.02319949081911163
AB,hf50_lfx10,HF-only,val,nll_cal,20,-2.2377588274000386,0.006347147201133761,-2.2377329670447583,-2.245531157515744,-2.2223956502323,-2.240729383729837,-2.23478827107024
AB,hf50_lfx10,HF-only,val,nll_raw,20,-2.2377588274000386,0.006347147201133761,-2.2377329670447583,-2.245531157515744,-2.2223956502323,-2.240729383729837,-2.23478827107024
AB,hf50_lfx10,HF-only,val,nlpd_cal,20,-2.2377588274000386,0.006347147201133761,-2.2377329670447583,-2.245531157515744,-2.2223956502323,-2.240729383729837,-2.23478827107024
AB,hf50_lfx10,HF-only,val,nlpd_raw,20,-2.2377588274000386,0.006347147201133761,-2.2377329670447583,-2.245531157515744,-2.2223956502323,-2.240729383729837,-2.23478827107024
AB,hf50_lfx10,HF-only,val,r2,20,0.9558008167212382,0.00014675492645612023,0.9558438050587958,0.9553923543282827,0.9559482229161544,0.9557321333014436,0.9558695001410328
AB,hf50_lfx10,MF-DeepONet,test,r2,20,0.9614004824005485,0.007425917360449558,0.9624510688537489,0.9437569371525312,0.9728738554169684,0.9579250460949744,0.9648759187061227
AB,hf50_lfx10,MF-DeepONet,test,rmse,20,0.02334431945555178,0.0022063788203641635,0.0231215082985399,0.01965256896997425,0.028298262741168482,0.022311702381601586,0.024376936529501972
AB,hf50_lfx10,MF-DeepONet,val,r2,20,0.9723645006267599,0.004114431536349022,0.9726161446255763,0.9597965306331182,0.9781991083259779,0.9704388873935202,0.9742901138599996
AB,hf50_lfx10,MF-DeepONet,val,rmse,20,0.023368173183948744,0.0016870986404811236,0.023319057670263918,0.0208065861527799,0.028255010087804382,0.022578586715152137,0.02415775965274535
AB,hf50_lfx10,Neural-GP MF (ours),test,nll_cal,20,-2.736656239526791,0.07237086095238433,-2.7360209418984303,-2.860669954903172,-2.592725674978282,-2.770526845057519,-2.7027856339960628
AB,hf50_lfx10,Neural-GP MF (ours),test,nll_raw,20,-2.736656239526791,0.07237086095238433,-2.7360209418984303,-2.860669954903172,-2.592725674978282,-2.770526845057519,-2.7027856339960628
AB,hf50_lfx10,Neural-GP MF (ours),test,nlpd_cal,20,-2.736656239526791,0.07237086095238433,-2.7360209418984303,-2.860669954903172,-2.592725674978282,-2.770526845057519,-2.7027856339960628
AB,hf50_lfx10,Neural-GP MF (ours),test,nlpd_raw,20,-2.736656239526791,0.07237086095238433,-2.7360209418984303,-2.860669954903172,-2.592725674978282,-2.770526845057519,-2.7027856339960628
AB,hf50_lfx10,Neural-GP MF (ours),test,r2,20,0.975451433501101,0.002556373797757922,0.9747390946013471,0.970913841685876,0.9801205225743918,0.9742550137355559,0.976647853266646
AB,hf50_lfx10,Neural-GP MF (ours),test,target_rmse,20,0.018670923821628094,0.0009842886222672339,0.018964858725667,0.016823943704366684,0.02035018987953663,0.018210262566331823,0.019131585076924366
AB,hf50_lfx10,Neural-GP MF (ours),test,y_rmse,20,0.018670923821628094,0.0009842886222672339,0.018964858725667,0.016823943704366684,0.02035018987953663,0.018210262566331823,0.019131585076924366
AB,hf50_lfx10,Neural-GP MF (ours),val,nll_cal,20,-2.4999720139740225,0.060625156424421234,-2.509236401980692,-2.5904759902588186,-2.360142293881727,-2.5283454605721123,-2.4715985673759326
AB,hf50_lfx10,Neural-GP MF (ours),val,nll_raw,20,-2.4999720139740225,0.060625156424421234,-2.509236401980692,-2.5904759902588186,-2.360142293881727,-2.5283454605721123,-2.4715985673759326
AB,hf50_lfx10,Neural-GP MF (ours),val,nlpd_cal,20,-2.4999720139740225,0.060625156424421234,-2.509236401980692,-2.5904759902588186,-2.360142293881727,-2.5283454605721123,-2.4715985673759326
AB,hf50_lfx10,Neural-GP MF (ours),val,nlpd_raw,20,-2.4999720139740225,0.060625156424421234,-2.509236401980692,-2.5904759902588186,-2.360142293881727,-2.5283454605721123,-2.4715985673759326
AB,hf50_lfx10,Neural-GP MF (ours),val,r2,20,0.9762718476205743,0.0019446081827206036,0.9766055143814782,0.9727826122627703,0.9795725628929973,0.975361742976219,0.9771819522649295
TM,hf100_lfx10,AR1/co-kriging,test,nll_cal,20,-2.1342329821674952,0.002897963808660023,-2.134218671001933,-2.1418230647539183,-2.128376228711975,-2.1355892709792315,-2.132876693355759
TM,hf100_lfx10,AR1/co-kriging,test,nll_raw,20,-2.1342329821674952,0.002897963808660023,-2.134218671001933,-2.1418230647539183,-2.128376228711975,-2.1355892709792315,-2.132876693355759
TM,hf100_lfx10,AR1/co-kriging,test,nlpd_cal,20,-2.1342329821674952,0.002897963808660023,-2.134218671001933,-2.1418230647539183,-2.128376228711975,-2.1355892709792315,-2.132876693355759
TM,hf100_lfx10,AR1/co-kriging,test,nlpd_raw,20,-2.1342329821674952,0.002897963808660023,-2.134218671001933,-2.1418230647539183,-2.128376228711975,-2.1355892709792315,-2.132876693355759
TM,hf100_lfx10,AR1/co-kriging,test,r2,20,0.9754845718065905,0.00019844604050883494,0.9754697131365848,0.9751711892192728,0.9758568845386805,0.9753916962007354,0.9755774474124457
TM,hf100_lfx10,AR1/co-kriging,test,target_rmse,20,0.02747498480603099,0.00011123110056749112,0.027483523823320866,0.027265770360827446,0.027650250121951103,0.027422927048523463,0.027527042563538516
TM,hf100_lfx10,AR1/co-kriging,test,y_rmse,20,0.02747498480603099,0.00011123110056749112,0.027483523823320866,0.027265770360827446,0.027650250121951103,0.027422927048523463,0.027527042563538516
TM,hf100_lfx10,AR1/co-kriging,val,nll_cal,20,-2.0946880902149534,0.0022365413855127167,-2.0945183013056936,-2.1000322355783902,-2.0904279209003502,-2.0957348238039275,-2.0936413566259793
TM,hf100_lfx10,AR1/co-kriging,val,nll_raw,20,-2.0946880902149534,0.0022365413855127167,-2.0945183013056936,-2.1000322355783902,-2.0904279209003502,-2.0957348238039275,-2.0936413566259793
TM,hf100_lfx10,AR1/co-kriging,val,nlpd_cal,20,-2.0946880902149534,0.0022365413855127167,-2.0945183013056936,-2.1000322355783902,-2.0904279209003502,-2.0957348238039275,-2.0936413566259793
TM,hf100_lfx10,AR1/co-kriging,val,nlpd_raw,20,-2.0946880902149534,0.0022365413855127167,-2.0945183013056936,-2.1000322355783902,-2.0904279209003502,-2.0957348238039275,-2.0936413566259793
TM,hf100_lfx10,AR1/co-kriging,val,r2,20,0.9673420361366587,0.00018497609273638316,0.967343583107872,0.9669367821515247,0.9677235948485474,0.9672554646604148,0.9674286076129026
TM,hf100_lfx10,FPCA-NARGP,test,coverage_raw,20,0.9874850004911423,0.0009240978911334819,0.987500011920929,0.98580002784729,0.9890999794006348,0.9870525093651495,0.987917491617135
TM,hf100_lfx10,FPCA-NARGP,test,gaussian_nll,20,-2.129704562121398,0.00450829180384053,-2.1297846120646926,-2.141841064412323,-2.1208484044113822,-2.13181450763394,-2.127594616608856
TM,hf100_lfx10,FPCA-NARGP,test,gaussian_nlpd,20,-2.129704562121398,0.00450829180384053,-2.1297846120646926,-2.141841064412323,-2.1208484044113822,-2.13181450763394,-2.127594616608856
TM,hf100_lfx10,FPCA-NARGP,test,interval_width_raw,20,0.1363936595618725,0.000738862675963169,0.1364157721400261,0.1349610537290573,0.1380622684955597,0.13604786118515577,0.13673945793858922
TM,hf100_lfx10,FPCA-NARGP,test,r2,20,0.9728236263065064,0.0003565232528840407,0.9728713091147777,0.9719742006329336,0.9733834153531187,0.972656768287933,0.9729904843250798
TM,hf100_lfx10,FPCA-NARGP,test,rmse,20,0.02892730701714754,0.00018945884660382756,0.02890249900519848,0.028628412634134293,0.029376503080129623,0.02883863754751325,0.02901597648678183
TM,hf100_lfx10,FPCA-NARGP,val,coverage_raw,20,0.9791099965572357,0.0011831683688055701,0.9791499972343445,0.9764000177383423,0.9805999994277954,0.9785562567154144,0.9796637363990571
TM,hf100_lfx10,FPCA-NARGP,val,gaussian_nll,20,-2.1979927625789903,0.007347224236412994,-2.1979143349009576,-2.2142428371884963,-2.1853998939299197,-2.201431369368829,-2.1945541557891515
TM,hf100_lfx10,FPCA-NARGP,val,gaussian_nlpd,20,-2.1979927625789903,0.007347224236412994,-2.1979143349009576,-2.2142428371884963,-2.1853998939299197,-2.201431369368829,-2.1945541557891515
TM,hf100_lfx10,FPCA-NARGP,val,interval_width_raw,20,0.12985748499631883,0.0007228317332078147,0.12969067692756653,0.1287626475095749,0.13127753138542175,0.1295191893317601,0.13019578066087756
TM,hf100_lfx10,FPCA-NARGP,val,r2,20,0.9740269874197505,0.0005755692008840635,0.9740801973827502,0.9730998139121496,0.975676546013399,0.9737576127418451,0.9742963620976558
TM,hf100_lfx10,FPCA-NARGP,val,rmse,20,0.026831975765526296,0.0002987027285483348,0.026806053705513477,0.025967473164200783,0.027308302000164986,0.02669217858532874,0.02697177294572385
TM,hf100_lfx10,HF-only,test,nll_cal,20,-1.7190100021040173,0.00540584820106053,-1.7187741192841193,-1.7297242881621817,-1.7095438487276318,-1.7215400169410329,-1.7164799872670018
TM,hf100_lfx10,HF-only,test,nll_raw,20,-1.7190100021040173,0.00540584820106053,-1.7187741192841193,-1.7297242881621817,-1.7095438487276318,-1.7215400169410329,-1.7164799872670018
TM,hf100_lfx10,HF-only,test,nlpd_cal,20,-1.7190100021040173,0.00540584820106053,-1.7187741192841193,-1.7297242881621817,-1.7095438487276318,-1.7215400169410329,-1.7164799872670018
TM,hf100_lfx10,HF-only,test,nlpd_raw,20,-1.7190100021040173,0.00540584820106053,-1.7187741192841193,-1.7297242881621817,-1.7095438487276318,-1.7215400169410329,-1.7164799872670018
TM,hf100_lfx10,HF-only,test,r2,20,0.9373437044305328,0.00047408511688410766,0.9374011647296869,0.9363860296021136,0.9381342738599455,0.9371218257659618,0.9375655830951038
TM,hf100_lfx10,HF-only,test,target_rmse,20,0.04392386004328728,0.00016612557287103537,0.0439040120691061,0.04364616796374321,0.044258568435907364,0.04384611088190887,0.044001609204665684
TM,hf100_lfx10,HF-only,test,y_rmse,20,0.04392386004328728,0.00016612557287103537,0.0439040120691061,0.04364616796374321,0.044258568435907364,0.04384611088190887,0.044001609204665684
TM,hf100_lfx10,HF-only,val,nll_cal,20,-1.9225218493858045,0.002532109951343203,-1.9231157930084763,-1.927468869063029,-1.9182596753015346,-1.9237069133216724,-1.9213367854499366
TM,hf100_lfx10,HF-only,val,nll_raw,20,-1.9225218493858045,0.002532109951343203,-1.9231157930084763,-1.927468869063029,-1.9182596753015346,-1.9237069133216724,-1.9213367854499366
TM,hf100_lfx10,HF-only,val,nlpd_cal,20,-1.9225218493858045,0.002532109951343203,-1.9231157930084763,-1.927468869063029,-1.9182596753015346,-1.9237069133216724,-1.9213367854499366
TM,hf100_lfx10,HF-only,val,nlpd_raw,20,-1.9225218493858045,0.002532109951343203,-1.9231157930084763,-1.927468869063029,-1.9182596753015346,-1.9237069133216724,-1.9213367854499366
TM,hf100_lfx10,HF-only,val,r2,20,0.9489901263716783,0.00018842645763487994,0.9490136087373338,0.9486941896002251,0.9493448167169434,0.9489019400749545,0.9490783126684021
TM,hf100_lfx10,MF-DeepONet,test,r2,20,0.9734142683212603,0.0033682143834819914,0.9728396771076808,0.9675186572937533,0.9804917797738476,0.97183789546588,0.9749906411766407
TM,hf100_lfx10,MF-DeepONet,test,rmse,20,0.02855577392011393,0.0018363847670228054,0.02891870208825089,0.024509243915322835,0.031625549190801086,0.027696319393417188,0.02941522844681067
TM,hf100_lfx10,MF-DeepONet,val,r2,20,0.9739271124566056,0.0031025584244461796,0.9738255009284731,0.9681575693024568,0.9806911717148598,0.9724750704172053,0.9753791544960059
TM,hf100_lfx10,MF-DeepONet,val,rmse,20,0.026838999384214374,0.001614610053135344,0.026937003205040944,0.02313635937763775,0.029711198272059633,0.02608333861859662,0.02759466014983213
TM,hf100_lfx10,Neural-GP MF (ours),test,nll_cal,20,-2.513433719248344,0.07080471603730573,-2.530719915741071,-2.61967468683736,-2.356051681768129,-2.546571346396274,-2.480296092100414
TM,hf100_lfx10,Neural-GP MF (ours),test,nll_raw,20,-2.513433719248344,0.07080471603730573,-2.530719915741071,-2.61967468683736,-2.356051681768129,-2.546571346396274,-2.480296092100414
TM,hf100_lfx10,Neural-GP MF (ours),test,nlpd_cal,20,-2.513433719248344,0.07080471603730573,-2.530719915741071,-2.61967468683736,-2.356051681768129,-2.546571346396274,-2.480296092100414
TM,hf100_lfx10,Neural-GP MF (ours),test,nlpd_raw,20,-2.513433719248344,0.07080471603730573,-2.530719915741071,-2.61967468683736,-2.356051681768129,-2.546571346396274,-2.480296092100414
TM,hf100_lfx10,Neural-GP MF (ours),test,r2,20,0.9877407671146002,0.0017638354233132291,0.9882300926627168,0.9838667427256632,0.9900184832762702,0.9869152667259359,0.9885662675032646
TM,hf100_lfx10,Neural-GP MF (ours),test,target_rmse,20,0.019383760634809732,0.0013610619615121544,0.01903738360852003,0.017531512305140495,0.022288566455245018,0.018746764028791905,0.02002075724082756
TM,hf100_lfx10,Neural-GP MF (ours),test,y_rmse,20,0.019383760634809732,0.0013610619615121544,0.01903738360852003,0.017531512305140495,0.022288566455245018,0.018746764028791905,0.02002075724082756
TM,hf100_lfx10,Neural-GP MF (ours),val,nll_cal,20,-2.534083508663884,0.05717294129072469,-2.5402951919760124,-2.6206462824084147,-2.4095473568857715,-2.5608412688453432,-2.507325748482425
TM,hf100_lfx10,Neural-GP MF (ours),val,nll_raw,20,-2.534083508663884,0.05717294129072469,-2.5402951919760124,-2.6206462824084147,-2.4095473568857715,-2.5608412688453432,-2.507325748482425
TM,hf100_lfx10,Neural-GP MF (ours),val,nlpd_cal,20,-2.534083508663884,0.05717294129072469,-2.5402951919760124,-2.6206462824084147,-2.4095473568857715,-2.5608412688453432,-2.507325748482425
TM,hf100_lfx10,Neural-GP MF (ours),val,nlpd_raw,20,-2.534083508663884,0.05717294129072469,-2.5402951919760124,-2.6206462824084147,-2.4095473568857715,-2.5608412688453432,-2.507325748482425
TM,hf100_lfx10,Neural-GP MF (ours),val,r2,20,0.9853022962107977,0.0017422873887505985,0.9854337728926665,0.9815318945413409,0.9878361586870185,0.9844868806127387,0.9861177118088567
TM,hf200_lfx10,AR1/co-kriging,test,nll_cal,20,-2.201827828748048,0.003076775479804651,-2.2021168912426843,-2.207623224773306,-2.196528894114704,-2.203267803997916,-2.2003878534981802
TM,hf200_lfx10,AR1/co-kriging,test,nll_raw,20,-2.201827828748048,0.003076775479804651,-2.2021168912426843,-2.207623224773306,-2.196528894114704,-2.203267803997916,-2.2003878534981802
TM,hf200_lfx10,AR1/co-kriging,test,nlpd_cal,20,-2.201827828748048,0.003076775479804651,-2.2021168912426843,-2.207623224773306,-2.196528894114704,-2.203267803997916,-2.2003878534981802
TM,hf200_lfx10,AR1/co-kriging,test,nlpd_raw,20,-2.201827828748048,0.003076775479804651,-2.2021168912426843,-2.207623224773306,-2.196528894114704,-2.203267803997916,-2.2003878534981802
TM,hf200_lfx10,AR1/co-kriging,test,r2,20,0.9807951377403811,0.0002333518295730658,0.9808073212828881,0.9803372318581283,0.9812392281133566,0.9806859257223765,0.9809043497583857
TM,hf200_lfx10,AR1/co-kriging,test,target_rmse,20,0.024317508935928343,0.00014772755643263676,0.024310220032930374,0.024035127833485603,0.024606136605143547,0.02424837031129266,0.024386647560564027
TM,hf200_lfx10,AR1/co-kriging,test,y_rmse,20,0.024317508935928343,0.00014772755643263676,0.024310220032930374,0.024035127833485603,0.024606136605143547,0.02424837031129266,0.024386647560564027
TM,hf200_lfx10,AR1/co-kriging,val,nll_cal,20,-2.2746248581538877,0.0022020576307689305,-2.274743869941025,-2.2785850317195675,-2.2710038102881227,-2.2756554528488544,-2.273594263458921
TM,hf200_lfx10,AR1/co-kriging,val,nll_raw,20,-2.2746248581538877,0.0022020576307689305,-2.274743869941025,-2.2785850317195675,-2.2710038102881227,-2.2756554528488544,-2.273594263458921
TM,hf200_lfx10,AR1/co-kriging,val,nlpd_cal,20,-2.2746248581538877,0.0022020576307689305,-2.274743869941025,-2.2785850317195675,-2.2710038102881227,-2.2756554528488544,-2.273594263458921
TM,hf200_lfx10,AR1/co-kriging,val,nlpd_raw,20,-2.2746248581538877,0.0022020576307689305,-2.274743869941025,-2.2785850317195675,-2.2710038102881227,-2.2756554528488544,-2.273594263458921
TM,hf200_lfx10,AR1/co-kriging,val,r2,20,0.9837825429507239,0.00014551279669635509,0.9837879500521021,0.9834917489824591,0.98405865815219,0.9837144408655515,0.9838506450358963
TM,hf200_lfx10,FPCA-NARGP,test,coverage_raw,20,0.9693449974060059,0.004292519993208924,0.9688999950885773,0.9574999809265137,0.9757999777793884,0.9673360362093386,0.9713539586026732
TM,hf200_lfx10,FPCA-NARGP,test,gaussian_nll,20,-2.1969563203543885,0.009787005100460523,-2.1960227791793088,-2.2130730385329542,-2.1798745838128446,-2.201536779737109,-2.192375860971668
TM,hf200_lfx10,FPCA-NARGP,test,gaussian_nlpd,20,-2.1969563203543885,0.009787005100460523,-2.1960227791793088,-2.2130730385329542,-2.1798745838128446,-2.201536779737109,-2.192375860971668
TM,hf200_lfx10,FPCA-NARGP,test,interval_width_raw,20,0.1196865014731884,0.00041746649479973896,0.11974155902862549,0.118888258934021,0.12037714570760727,0.1194911211394245,0.1198818818069523
TM,hf200_lfx10,FPCA-NARGP,test,r2,20,0.9749497966991282,0.0005971719050893868,0.974909490831164,0.9737037308794001,0.9758778905338718,0.9746703116444371,0.9752292817538193
TM,hf200_lfx10,FPCA-NARGP,test,rmse,20,0.027771381102502345,0.000330693082261909,0.027795578353106976,0.027253905311226845,0.028455626219511032,0.027616611975900367,0.027926150229104323
TM,hf200_lfx10,FPCA-NARGP,val,coverage_raw,20,0.9709325015544892,0.0025584369110729552,0.970674991607666,0.966949999332428,0.9762499928474426,0.9697351162221906,0.9721298868867878
TM,hf200_lfx10,FPCA-NARGP,val,gaussian_nll,20,-2.282337560574109,0.004552021647447098,-2.2828905463220783,-2.289581454017235,-2.2722671987922047,-2.2844679722834496,-2.2802071488647684
TM,hf200_lfx10,FPCA-NARGP,val,gaussian_nlpd,20,-2.282337560574109,0.004552021647447098,-2.2828905463220783,-2.289581454017235,-2.2722671987922047,-2.2844679722834496,-2.2802071488647684
TM,hf200_lfx10,FPCA-NARGP,val,interval_width_raw,20,0.11673956215381623,0.00044371844715059233,0.1169002316892147,0.11579097807407379,0.11741766333580017,0.11653189552815547,0.11694722877947698
TM,hf200_lfx10,FPCA-NARGP,val,r2,20,0.9786521009645387,0.0002798548010266891,0.9786724973958965,0.9781108148346698,0.9791281367236127,0.9785211248859524,0.978783077043125
TM,hf200_lfx10,FPCA-NARGP,val,rmse,20,0.02408832758665085,0.0001576561976517586,0.02407730557024479,0.02381872572004795,0.024392297491431236,0.02401454221488844,0.024162112958413258
TM,hf200_lfx10,HF-only,test,nll_cal,20,-1.9790416027677225,0.0048415117549420504,-1.9790913960522867,-1.9876087162544696,-1.9695908668759508,-1.9813075000178866,-1.9767757055175583
TM,hf200_lfx10,HF-only,test,nll_raw,20,-1.9790416027677225,0.0048415117549420504,-1.9790913960522867,-1.9876087162544696,-1.9695908668759508,-1.9813075000178866,-1.9767757055175583
TM,hf200_lfx10,HF-only,test,nlpd_cal,20,-1.9790416027677225,0.0048415117549420504,-1.9790913960522867,-1.9876087162544696,-1.9695908668759508,-1.9813075000178866,-1.9767757055175583
TM,hf200_lfx10,HF-only,test,nlpd_raw,20,-1.9790416027677225,0.0048415117549420504,-1.9790913960522867,-1.9876087162544696,-1.9695908668759508,-1.9813075000178866,-1.9767757055175583
TM,hf200_lfx10,HF-only,test,r2,20,0.9624434826664165,0.000377568141400311,0.9624310985384212,0.9615207981910834,0.9629615452807596,0.962266775336836,0.9626201899959971
TM,hf200_lfx10,HF-only,test,target_rmse,20,0.03400623518973589,0.00017065174036082694,0.034012243151664734,0.03377128019928932,0.03442184254527092,0.033926367716766395,0.034086102662705384
TM,hf200_lfx10,HF-only,test,y_rmse,20,0.03400623518973589,0.00017065174036082694,0.034012243151664734,0.03377128019928932,0.03442184254527092,0.033926367716766395,0.034086102662705384
TM,hf200_lfx10,HF-only,val,nll_cal,20,-2.0983502392958386,0.002037570041375886,-2.098453247313686,-2.1020650250782222,-2.095031919192448,-2.0993038514292923,-2.097396627162385
TM,hf200_lfx10,HF-only,val,nll_raw,20,-2.0983502392958386,0.002037570041375886,-2.098453247313686,-2.1020650250782222,-2.095031919192448,-2.0993038514292923,-2.097396627162385
TM,hf200_lfx10,HF-only,val,nlpd_cal,20,-2.0983502392958386,0.002037570041375886,-2.098453247313686,-2.1020650250782222,-2.095031919192448,-2.0993038514292923,-2.097396627162385
TM,hf200_lfx10,HF-only,val,nlpd_raw,20,-2.0983502392958386,0.002037570041375886,-2.098453247313686,-2.1020650250782222,-2.095031919192448,-2.0993038514292923,-2.097396627162385
TM,hf200_lfx10,HF-only,val,r2,20,0.965986464133259,0.00015337930924138048,0.9660039603729298,0.9657153302342764,0.9663081628312927,0.9659146804068872,0.9660582478596307
TM,hf200_lfx10,MF-DeepONet,test,r2,20,0.9825453417831366,0.001848766729724217,0.9829230564565206,0.9787075233079495,0.9866244756823735,0.9816800923195158,0.9834105912467573
TM,hf200_lfx10,MF-DeepONet,test,rmse,20,0.023152370670711204,0.0012298331289762778,0.022931152770229418,0.020294413118291357,0.025605554160402763,0.02257679104885783,0.023727950292564578
TM,hf200_lfx10,MF-DeepONet,val,r2,20,0.9848361062301046,0.0014854083092045247,0.984956956078924,0.980871955499222,0.986739675019772,0.9841409137419811,0.9855312987182282
TM,hf200_lfx10,MF-DeepONet,val,rmse,20,0.020279788302331465,0.0009786328655116599,0.020221134725021954,0.018985191850101734,0.02280201321378516,0.01982177402267601,0.02073780258198692
TM,hf200_lfx10,Neural-GP MF (ours),test,nll_cal,20,-2.722378188646684,0.059015575401559,-2.738059680175951,-2.7999073002397665,-2.63494136996158,-2.749998328137774,-2.694758049155594
TM,hf200_lfx10,Neural-GP MF (ours),test,nll_raw,20,-2.722378188646684,0.059015575401559,-2.738059680175951,-2.7999073002397665,-2.63494136996158,-2.749998328137774,-2.694758049155594
TM,hf200_lfx10,Neural-GP MF (ours),test,nlpd_cal,20,-2.722378188646684,0.059015575401559,-2.738059680175951,-2.7999073002397665,-2.63494136996158,-2.749998328137774,-2.694758049155594
TM,hf200_lfx10,Neural-GP MF (ours),test,nlpd_raw,20,-2.722378188646684,0.059015575401559,-2.738059680175951,-2.7999073002397665,-2.63494136996158,-2.749998328137774,-2.694758049155594
TM,hf200_lfx10,Neural-GP MF (ours),test,r2,20,0.9920598745152736,0.0010002394704887146,0.9921549686948177,0.9905579973703886,0.993239695197597,0.991591748033215,0.9925280009973321
TM,hf200_lfx10,Neural-GP MF (ours),test,target_rmse,20,0.015607063891366124,0.0009810378025157489,0.015540489461272955,0.014427936635911465,0.017051128670573235,0.015147924066546224,0.016066203716186025
TM,hf200_lfx10,Neural-GP MF (ours),test,y_rmse,20,0.015607063891366124,0.0009810378025157489,0.015540489461272955,0.014427936635911465,0.017051128670573235,0.015147924066546224,0.016066203716186025
TM,hf200_lfx10,Neural-GP MF (ours),val,nll_cal,20,-2.847612060768861,0.02213666260568735,-2.850603285256919,-2.8880249071624737,-2.8051378511632543,-2.8579723377783792,-2.8372517837593425
TM,hf200_lfx10,Neural-GP MF (ours),val,nll_raw,20,-2.847612060768861,0.02213666260568735,-2.850603285256919,-2.8880249071624737,-2.8051378511632543,-2.8579723377783792,-2.8372517837593425
TM,hf200_lfx10,Neural-GP MF (ours),val,nlpd_cal,20,-2.847612060768861,0.02213666260568735,-2.850603285256919,-2.8880249071624737,-2.8051378511632543,-2.8579723377783792,-2.8372517837593425
TM,hf200_lfx10,Neural-GP MF (ours),val,nlpd_raw,20,-2.847612060768861,0.02213666260568735,-2.850603285256919,-2.8880249071624737,-2.8051378511632543,-2.8579723377783792,-2.8372517837593425
TM,hf200_lfx10,Neural-GP MF (ours),val,r2,20,0.9931321199759481,0.00047399410302886234,0.9931666664415995,0.9920734461596827,0.9937085041017223,0.9929102839071725,0.9933539560447237
TM,hf300_lfx10,AR1/co-kriging,test,nll_cal,20,-2.291156927543876,0.0034699538124862476,-2.29132748250216,-2.298213424724777,-2.2843826216503738,-2.292780915917731,-2.2895329391700208
TM,hf300_lfx10,AR1/co-kriging,test,nll_raw,20,-2.291156927543876,0.0034699538124862476,-2.29132748250216,-2.298213424724777,-2.2843826216503738,-2.292780915917731,-2.2895329391700208
TM,hf300_lfx10,AR1/co-kriging,test,nlpd_cal,20,-2.291156927543876,0.0034699538124862476,-2.29132748250216,-2.298213424724777,-2.2843826216503738,-2.292780915917731,-2.2895329391700208
TM,hf300_lfx10,AR1/co-kriging,test,nlpd_raw,20,-2.291156927543876,0.0034699538124862476,-2.29132748250216,-2.298213424724777,-2.2843826216503738,-2.292780915917731,-2.2895329391700208
TM,hf300_lfx10,AR1/co-kriging,test,r2,20,0.9848035666062526,0.00022630884078939182,0.9847975530364987,0.9843611607847034,0.9851982394992994,0.9846976508084629,0.9849094824040422
TM,hf300_lfx10,AR1/co-kriging,test,target_rmse,20,0.02163119288161397,0.00016122645944698533,0.021636043675243855,0.021349012851715088,0.021944381296634674,0.021555736575896704,0.021706649187331235
TM,hf300_lfx10,AR1/co-kriging,test,y_rmse,20,0.02163119288161397,0.00016122645944698533,0.021636043675243855,0.021349012851715088,0.021944381296634674,0.021555736575896704,0.021706649187331235
TM,hf300_lfx10,AR1/co-kriging,val,nll_cal,20,-2.368259105220924,0.0016121298725946343,-2.3682199439724085,-2.370977789275664,-2.3648546449478385,-2.369013605226318,-2.36750460521553
TM,hf300_lfx10,AR1/co-kriging,val,nll_raw,20,-2.368259105220924,0.0016121298725946343,-2.3682199439724085,-2.370977789275664,-2.3648546449478385,-2.369013605226318,-2.36750460521553
TM,hf300_lfx10,AR1/co-kriging,val,nlpd_cal,20,-2.368259105220924,0.0016121298725946343,-2.3682199439724085,-2.370977789275664,-2.3648546449478385,-2.369013605226318,-2.36750460521553
TM,hf300_lfx10,AR1/co-kriging,val,nlpd_raw,20,-2.368259105220924,0.0016121298725946343,-2.3682199439724085,-2.370977789275664,-2.3648546449478385,-2.369013605226318,-2.36750460521553
TM,hf300_lfx10,AR1/co-kriging,val,r2,20,0.9896014341358244,8.768497611179275e-05,0.9896120299999679,0.9893950203860985,0.9897691164099833,0.9895603963037775,0.9896424719678713
TM,hf300_lfx10,FPCA-NARGP,test,coverage_raw,20,0.9729899972677231,0.0027121411116734695,0.974450021982193,0.9674999713897705,0.9760000109672546,0.9717206761552162,0.9742593183802299
TM,hf300_lfx10,FPCA-NARGP,test,gaussian_nll,20,-2.2413798934311684,0.005808977936915084,-2.2407102359536477,-2.253622241065211,-2.233987742354379,-2.24409857879222,-2.2386612080701167
TM,hf300_lfx10,FPCA-NARGP,test,gaussian_nlpd,20,-2.2413798934311684,0.005808977936915084,-2.2407102359536477,-2.253622241065211,-2.233987742354379,-2.24409857879222,-2.2386612080701167
TM,hf300_lfx10,FPCA-NARGP,test,interval_width_raw,20,0.11475354395806789,0.0006927447452877155,0.11473696306347847,0.11366470903158188,0.1159762293100357,0.11442932943730155,0.11507775847883422
TM,hf300_lfx10,FPCA-NARGP,test,r2,20,0.9759836527350713,0.000321567949501902,0.9759588550852047,0.9755396729641942,0.9765001568874477,0.9758331543020614,0.9761341511680811
TM,hf300_lfx10,FPCA-NARGP,test,rmse,20,0.027193512953817844,0.0001822056684031979,0.027208125218749046,0.02690008096396923,0.027444304898381233,0.02710823807607378,0.02727878783156191
TM,hf300_lfx10,FPCA-NARGP,val,coverage_raw,20,0.9876466691493988,0.0007557571614993555,0.9874333441257477,0.9865999817848206,0.9897000193595886,0.987292963910062,0.9880003743887356
TM,hf300_lfx10,FPCA-NARGP,val,gaussian_nll,20,-2.3997296545245304,0.00308317292620565,-2.3995473866017765,-2.4058505357283972,-2.395111361135975,-2.4011726238714783,-2.3982866851775824
TM,hf300_lfx10,FPCA-NARGP,val,gaussian_nlpd,20,-2.3997296545245304,0.00308317292620565,-2.3995473866017765,-2.4058505357283972,-2.395111361135975,-2.4011726238714783,-2.3982866851775824
TM,hf300_lfx10,FPCA-NARGP,val,interval_width_raw,20,0.11290794089436532,0.0003709112719963527,0.11291303485631943,0.11202497035264969,0.11342107504606247,0.1127343490755675,0.11308153271316314
TM,hf300_lfx10,FPCA-NARGP,val,r2,20,0.9864950096675871,0.00014677032340259193,0.9865047476297957,0.9862121113674552,0.986724923406713,0.9864263190417998,0.9865637002933744
TM,hf300_lfx10,FPCA-NARGP,val,rmse,20,0.020141891948878766,0.00010938547930581224,0.020134910009801388,0.019969984889030457,0.020352046936750412,0.0200906979687105,0.020193085929047033
TM,hf300_lfx10,HF-only,test,nll_cal,20,-2.10618520259905,0.004593527412367295,-2.1063822722681156,-2.112028513050082,-2.095304398150893,-2.108335039604323,-2.104035365593777
TM,hf300_lfx10,HF-only,test,nll_raw,20,-2.10618520259905,0.004593527412367295,-2.1063822722681156,-2.112028513050082,-2.095304398150893,-2.108335039604323,-2.104035365593777
TM,hf300_lfx10,HF-only,test,nlpd_cal,20,-2.10618520259905,0.004593527412367295,-2.1063822722681156,-2.112028513050082,-2.095304398150893,-2.108335039604323,-2.104035365593777
TM,hf300_lfx10,HF-only,test,nlpd_raw,20,-2.10618520259905,0.004593527412367295,-2.1063822722681156,-2.112028513050082,-2.095304398150893,-2.108335039604323,-2.104035365593777
TM,hf300_lfx10,HF-only,test,r2,20,0.9708942888672288,0.0002808223098336811,0.9709808215705326,0.9703421840208881,0.971188403715883,0.9707628599805825,0.9710257177538751
TM,hf300_lfx10,HF-only,test,target_rmse,20,0.029936802759766578,0.0001441930616155712,0.029892594553530216,0.029785489663481712,0.03021973744034767,0.029869318329624698,0.030004287189908458
TM,hf300_lfx10,HF-only,test,y_rmse,20,0.029936802759766578,0.0001441930616155712,0.029892594553530216,0.029785489663481712,0.03021973744034767,0.029869318329624698,0.030004287189908458
TM,hf300_lfx10,HF-only,val,nll_cal,20,-2.2805347886670537,0.0018888802367778164,-2.280001433565205,-2.285295948854592,-2.27665954143392,-2.2814188118298677,-2.2796507655042397
TM,hf300_lfx10,HF-only,val,nll_raw,20,-2.2805347886670537,0.0018888802367778164,-2.280001433565205,-2.285295948854592,-2.27665954143392,-2.2814188118298677,-2.2796507655042397
TM,hf300_lfx10,HF-only,val,nlpd_cal,20,-2.2805347886670537,0.0018888802367778164,-2.280001433565205,-2.285295948854592,-2.27665954143392,-2.2814188118298677,-2.2796507655042397
TM,hf300_lfx10,HF-only,val,nlpd_raw,20,-2.2805347886670537,0.0018888802367778164,-2.280001433565205,-2.285295948854592,-2.27665954143392,-2.2814188118298677,-2.2796507655042397
TM,hf300_lfx10,HF-only,val,r2,20,0.9833442789167908,9.806315284941151e-05,0.9833486703381259,0.9831353505715902,0.9835541088292957,0.9832983839485183,0.9833901738850632
TM,hf300_lfx10,MF-DeepONet,test,r2,20,0.9855952691350982,0.0018892201027218588,0.9856747069461771,0.9821476187519791,0.9887928791845435,0.9847110869101263,0.9864794513600701
TM,hf300_lfx10,MF-DeepONet,test,rmse,20,0.021017820064060177,0.001378818679875622,0.02100258962488234,0.01857668068139709,0.023446021858601403,0.020372513058037504,0.02166312707008285
TM,hf300_lfx10,MF-DeepONet,val,r2,20,0.9910930718041314,0.0008528008204831345,0.9912410208804641,0.988984066341976,0.992725188564003,0.9906939487343386,0.9914921948739243
TM,hf300_lfx10,MF-DeepONet,val,rmse,20,0.01634019276711402,0.0007770437027203624,0.016220950766458367,0.014783255165913166,0.018191556455931956,0.01597652511982302,0.01670386041440502
TM,hf300_lfx10,Neural-GP MF (ours),test,nll_cal,20,-2.860474538426005,0.057359318846637544,-2.877807020157627,-2.956073153905982,-2.7344078511093577,-2.8873195259886644,-2.833629550863346
TM,hf300_lfx10,Neural-GP MF (ours),test,nll_raw,20,-2.860474538426005,0.057359318846637544,-2.877807020157627,-2.956073153905982,-2.7344078511093577,-2.8873195259886644,-2.833629550863346
TM,hf300_lfx10,Neural-GP MF (ours),test,nlpd_cal,20,-2.860474538426005,0.057359318846637544,-2.877807020157627,-2.956073153905982,-2.7344078511093577,-2.8873195259886644,-2.833629550863346
TM,hf300_lfx10,Neural-GP MF (ours),test,nlpd_raw,20,-2.860474538426005,0.057359318846637544,-2.877807020157627,-2.956073153905982,-2.7344078511093577,-2.8873195259886644,-2.833629550863346
TM,hf300_lfx10,Neural-GP MF (ours),test,r2,20,0.993858751253222,0.0008696628513532402,0.9941533853918613,0.9921796500077222,0.9950119377798798,0.9934517365100605,0.9942657659963835
TM,hf300_lfx10,Neural-GP MF (ours),test,target_rmse,20,0.013720156438648701,0.000951739493828246,0.013417509384453297,0.012393302284181118,0.01551794447004795,0.01327472864437829,0.014165584232919113
TM,hf300_lfx10,Neural-GP MF (ours),test,y_rmse,20,0.013720156438648701,0.000951739493828246,0.013417509384453297,0.012393302284181118,0.01551794447004795,0.01327472864437829,0.014165584232919113
TM,hf300_lfx10,Neural-GP MF (ours),val,nll_cal,20,-2.8873731226569563,0.03778916845152968,-2.8944860330661455,-2.9358344837952792,-2.8052904353013703,-2.9050589978989008,-2.869687247415012
TM,hf300_lfx10,Neural-GP MF (ours),val,nll_raw,20,-2.8873731226569563,0.03778916845152968,-2.8944860330661455,-2.9358344837952792,-2.8052904353013703,-2.9050589978989008,-2.869687247415012
TM,hf300_lfx10,Neural-GP MF (ours),val,nlpd_cal,20,-2.8873731226569563,0.03778916845152968,-2.8944860330661455,-2.9358344837952792,-2.8052904353013703,-2.9050589978989008,-2.869687247415012
TM,hf300_lfx10,Neural-GP MF (ours),val,nlpd_raw,20,-2.8873731226569563,0.03778916845152968,-2.8944860330661455,-2.9358344837952792,-2.8052904353013703,-2.9050589978989008,-2.869687247415012
TM,hf300_lfx10,Neural-GP MF (ours),val,r2,20,0.9938278233219838,0.0005283564703093446,0.9939113868685403,0.9927851217016999,0.9945761215477604,0.9935805448821539,0.9940751017618138
TM,hf400_lfx10,AR1/co-kriging,test,nll_cal,20,-2.3456949555715303,0.004184593875626842,-2.34727913884547,-2.3505746450871,-2.3369084591947744,-2.34765340579034,-2.3437365053527204
TM,hf400_lfx10,AR1/co-kriging,test,nll_raw,20,-2.3456949555715303,0.004184593875626842,-2.34727913884547,-2.3505746450871,-2.3369084591947744,-2.34765340579034,-2.3437365053527204
TM,hf400_lfx10,AR1/co-kriging,test,nlpd_cal,20,-2.3456949555715303,0.004184593875626842,-2.34727913884547,-2.3505746450871,-2.3369084591947744,-2.34765340579034,-2.3437365053527204
TM,hf400_lfx10,AR1/co-kriging,test,nlpd_raw,20,-2.3456949555715303,0.004184593875626842,-2.34727913884547,-2.3505746450871,-2.3369084591947744,-2.34765340579034,-2.3437365053527204
TM,hf400_lfx10,AR1/co-kriging,test,r2,20,0.9859603534783303,0.00020644398781448294,0.9860471938910818,0.9854803255176467,0.9861979489966464,0.9858637347179143,0.9860569722387463
TM,hf400_lfx10,AR1/co-kriging,test,target_rmse,20,0.02079160902649164,0.00015240989635808034,0.0207277312874794,0.020615454763174057,0.021144602447748184,0.020720278999315094,0.02086293905366819
TM,hf400_lfx10,AR1/co-kriging,test,y_rmse,20,0.02079160902649164,0.00015240989635808034,0.0207277312874794,0.020615454763174057,0.021144602447748184,0.020720278999315094,0.02086293905366819
TM,hf400_lfx10,AR1/co-kriging,val,nll_cal,20,-2.4370032270645376,0.0011363523015208606,-2.4367741692216027,-2.439947758121252,-2.4351548836101586,-2.437535056312418,-2.4364713978166574
TM,hf400_lfx10,AR1/co-kriging,val,nll_raw,20,-2.4370032270645376,0.0011363523015208606,-2.4367741692216027,-2.439947758121252,-2.4351548836101586,-2.437535056312418,-2.4364713978166574
TM,hf400_lfx10,AR1/co-kriging,val,nlpd_cal,20,-2.4370032270645376,0.0011363523015208606,-2.4367741692216027,-2.439947758121252,-2.4351548836101586,-2.437535056312418,-2.4364713978166574
TM,hf400_lfx10,AR1/co-kriging,val,nlpd_raw,20,-2.4370032270645376,0.0011363523015208606,-2.4367741692216027,-2.439947758121252,-2.4351548836101586,-2.437535056312418,-2.4364713978166574
TM,hf400_lfx10,AR1/co-kriging,val,r2,20,0.9909154902014647,5.392269125604895e-05,0.9909190803530279,0.9907949534425504,0.9910027746884095,0.990890253605124,0.9909407267978055
TM,hf400_lfx10,FPCA-NARGP,test,coverage_raw,20,0.9707300037145614,0.0015179965911862252,0.9707500040531158,0.9682000279426575,0.9739000201225281,0.9700195594409899,0.9714404479881329
TM,hf400_lfx10,FPCA-NARGP,test,gaussian_nll,20,-2.286053324697533,0.00617423893734712,-2.28568994934784,-2.298525259942738,-2.2757158395813857,-2.2889429574688904,-2.283163691926176
TM,hf400_lfx10,FPCA-NARGP,test,gaussian_nlpd,20,-2.286053324697533,0.00617423893734712,-2.28568994934784,-2.298525259942738,-2.2757158395813857,-2.2889429574688904,-2.283163691926176
TM,hf400_lfx10,FPCA-NARGP,test,interval_width_raw,20,0.11358948573470115,0.0005894158893623726,0.11368480324745178,0.11193495988845825,0.11460646986961365,0.11331363060710675,0.11386534086229555
TM,hf400_lfx10,FPCA-NARGP,test,r2,20,0.9790191269537614,0.0003829634437506453,0.978914875990856,0.9781844094034611,0.979686397132589,0.9788398945449539,0.9791983593625688
TM,hf400_lfx10,FPCA-NARGP,test,rmse,20,0.025416496954858304,0.00023196732972798783,0.02548057120293379,0.02501005120575428,0.025918185710906982,0.02530793290272685,0.025525061006989758
TM,hf400_lfx10,FPCA-NARGP,val,coverage_raw,20,0.9889037519693374,0.00041401303036200053,0.9889500141143799,0.9883249998092651,0.9897000193595886,0.9887099879066824,0.9890975160319925
TM,hf400_lfx10,FPCA-NARGP,val,gaussian_nll,20,-2.4306675060375023,0.0034202096607260646,-2.430763982319767,-2.4386851564020957,-2.4251512356802696,-2.4322682134316986,-2.429066798643306
TM,hf400_lfx10,FPCA-NARGP,val,gaussian_nlpd,20,-2.4306675060375023,0.0034202096607260646,-2.430763982319767,-2.4386851564020957,-2.4251512356802696,-2.4322682134316986,-2.429066798643306
TM,hf400_lfx10,FPCA-NARGP,val,interval_width_raw,20,0.11044477969408036,0.00029682200646271326,0.11032338812947273,0.11007183790206909,0.11105865240097046,0.11030586271891334,0.11058369666924737
TM,hf400_lfx10,FPCA-NARGP,val,r2,20,0.9877333730749009,0.00015679300650872077,0.9877095463199971,0.9875076720771392,0.9880435811830873,0.987659991689029,0.9878067544607729
TM,hf400_lfx10,FPCA-NARGP,val,rmse,20,0.019245095178484918,0.000123132069349313,0.019264142960309982,0.019000563770532608,0.019421717151999474,0.019187467596137143,0.019302722760832693
TM,hf400_lfx10,HF-only,test,nll_cal,20,-2.2013099315036446,0.005358885258886539,-2.2016625317435454,-2.2138782501382264,-2.191991777117123,-2.2038179670071547,-2.1988018960001345
TM,hf400_lfx10,HF-only,test,nll_raw,20,-2.2013099315036446,0.005358885258886539,-2.2016625317435454,-2.2138782501382264,-2.191991777117123,-2.2038179670071547,-2.1988018960001345
TM,hf400_lfx10,HF-only,test,nlpd_cal,20,-2.2013099315036446,0.005358885258886539,-2.2016625317435454,-2.2138782501382264,-2.191991777117123,-2.2038179670071547,-2.1988018960001345
TM,hf400_lfx10,HF-only,test,nlpd_raw,20,-2.2013099315036446,0.005358885258886539,-2.2016625317435454,-2.2138782501382264,-2.191991777117123,-2.2038179670071547,-2.1988018960001345
TM,hf400_lfx10,HF-only,test,r2,20,0.976566307010913,0.0002553503784504275,0.9765757086965763,0.9761196667350195,0.9771477151695094,0.9764467993551134,0.9766858146667126
TM,hf400_lfx10,HF-only,test,target_rmse,20,0.026861813757568596,0.00014645474965111136,0.026856804266572,0.026526864618062973,0.02711697854101658,0.026793270824843254,0.02693035669029394
TM,hf400_lfx10,HF-only,test,y_rmse,20,0.026861813757568596,0.00014645474965111136,0.026856804266572,0.026526864618062973,0.02711697854101658,0.026793270824843254,0.02693035669029394
TM,hf400_lfx10,HF-only,val,nll_cal,20,-2.359019769883963,0.0016252085146527006,-2.359023002976351,-2.363322763831196,-2.3560772955004063,-2.3597803908822566,-2.358259148885669
TM,hf400_lfx10,HF-only,val,nll_raw,20,-2.359019769883963,0.0016252085146527006,-2.359023002976351,-2.363322763831196,-2.3560772955004063,-2.3597803908822566,-2.358259148885669
TM,hf400_lfx10,HF-only,val,nlpd_cal,20,-2.359019769883963,0.0016252085146527006,-2.359023002976351,-2.363322763831196,-2.3560772955004063,-2.3597803908822566,-2.358259148885669
TM,hf400_lfx10,HF-only,val,nlpd_raw,20,-2.359019769883963,0.0016252085146527006,-2.359023002976351,-2.363322763831196,-2.3560772955004063,-2.3597803908822566,-2.358259148885669
TM,hf400_lfx10,HF-only,val,r2,20,0.9856738294883423,8.117820380818119e-05,0.9856686074272353,0.9855559057825027,0.9858322506496645,0.9856358369194728,0.9857118220572118
TM,hf400_lfx10,MF-DeepONet,test,r2,20,0.9879448455790628,0.0014381318456780762,0.9878196798257506,0.9850046952359924,0.9911221707029069,0.9872717791569542,0.9886179120011714
TM,hf400_lfx10,MF-DeepONet,test,rmse,20,0.019233454612263688,0.0011608512967877995,0.019366361228537486,0.016533868689526665,0.021488135676936373,0.018690159481655765,0.01977674974287161
TM,hf400_lfx10,MF-DeepONet,val,r2,20,0.9924935287703646,0.0005494822899312476,0.9925456886265687,0.9914707747001739,0.9934875948098868,0.9922363631426041,0.992750694398125
TM,hf400_lfx10,MF-DeepONet,val,rmse,20,0.015045546995422742,0.0005503599506249481,0.01500266436098906,0.014022861043399485,0.01604799265370646,0.014787970609813716,0.015303123381031769
TM,hf400_lfx10,Neural-GP MF (ours),test,nll_cal,20,-2.9252586138873236,0.04400493047770354,-2.927807067530879,-2.9967918830616416,-2.8261911277433778,-2.9458535553043954,-2.9046636724702517
TM,hf400_lfx10,Neural-GP MF (ours),test,nll_raw,20,-2.9252586138873236,0.04400493047770354,-2.927807067530879,-2.9967918830616416,-2.8261911277433778,-2.9458535553043954,-2.9046636724702517
TM,hf400_lfx10,Neural-GP MF (ours),test,nlpd_cal,20,-2.9252586138873236,0.04400493047770354,-2.927807067530879,-2.9967918830616416,-2.8261911277433778,-2.9458535553043954,-2.9046636724702517
TM,hf400_lfx10,Neural-GP MF (ours),test,nlpd_raw,20,-2.9252586138873236,0.04400493047770354,-2.927807067530879,-2.9967918830616416,-2.8261911277433778,-2.9458535553043954,-2.9046636724702517
TM,hf400_lfx10,Neural-GP MF (ours),test,r2,20,0.9945761591973893,0.0004886055740447304,0.9946369949148752,0.9936654185959293,0.9953970937193978,0.9943474847496793,0.9948048336450993
TM,hf400_lfx10,Neural-GP MF (ours),test,target_rmse,20,0.012910927506163716,0.0005808435296576823,0.012850632425397635,0.011905212886631489,0.013966257683932781,0.012639084366408131,0.0131827706459193
TM,hf400_lfx10,Neural-GP MF (ours),test,y_rmse,20,0.012910927506163716,0.0005808435296576823,0.012850632425397635,0.011905212886631489,0.013966257683932781,0.012639084366408131,0.0131827706459193
TM,hf400_lfx10,Neural-GP MF (ours),val,nll_cal,20,-2.9894485881612196,0.0443291912050456,-3.004325631456723,-3.0479803967654844,-2.8811445113843352,-3.0101952882701237,-2.9687018880523155
TM,hf400_lfx10,Neural-GP MF (ours),val,nll_raw,20,-2.9894485881612196,0.0443291912050456,-3.004325631456723,-3.0479803967654844,-2.8811445113843352,-3.0101952882701237,-2.9687018880523155
TM,hf400_lfx10,Neural-GP MF (ours),val,nlpd_cal,20,-2.9894485881612196,0.0443291912050456,-3.004325631456723,-3.0479803967654844,-2.8811445113843352,-3.0101952882701237,-2.9687018880523155
TM,hf400_lfx10,Neural-GP MF (ours),val,nlpd_raw,20,-2.9894485881612196,0.0443291912050456,-3.004325631456723,-3.0479803967654844,-2.8811445113843352,-3.0101952882701237,-2.9687018880523155
TM,hf400_lfx10,Neural-GP MF (ours),val,r2,20,0.9952124723972338,0.0005155377113965436,0.9952897234136397,0.9940721432569369,0.9958395155772508,0.9949711933212474,0.9954537514732201
TM,hf500_lfx10,AR1/co-kriging,test,nll_cal,20,-2.3707279363750766,0.0042349374243196986,-2.370681535831396,-2.378190247467132,-2.3639514443227605,-2.372709948099945,-2.368745924650208
TM,hf500_lfx10,AR1/co-kriging,test,nll_raw,20,-2.3707279363750766,0.0042349374243196986,-2.370681535831396,-2.378190247467132,-2.3639514443227605,-2.372709948099945,-2.368745924650208
TM,hf500_lfx10,AR1/co-kriging,test,nlpd_cal,20,-2.3707279363750766,0.0042349374243196986,-2.370681535831396,-2.378190247467132,-2.3639514443227605,-2.372709948099945,-2.368745924650208
TM,hf500_lfx10,AR1/co-kriging,test,nlpd_raw,20,-2.3707279363750766,0.0042349374243196986,-2.370681535831396,-2.378190247467132,-2.3639514443227605,-2.372709948099945,-2.368745924650208
TM,hf500_lfx10,AR1/co-kriging,test,r2,20,0.9874529157152908,0.00022651945594030242,0.9874739799526479,0.9870357717950038,0.9878503098257657,0.9873469013465763,0.9875589300840053
TM,hf500_lfx10,AR1/co-kriging,test,target_rmse,20,0.019655120745301246,0.000177314277840047,0.01963937282562256,0.019342103973031044,0.01997995190322399,0.01957213510880816,0.01973810638179433
TM,hf500_lfx10,AR1/co-kriging,test,y_rmse,20,0.019655120745301246,0.000177314277840047,0.01963937282562256,0.019342103973031044,0.01997995190322399,0.01957213510880816,0.01973810638179433
TM,hf500_lfx10,AR1/co-kriging,val,nll_cal,20,-2.4517088605464346,0.0015963093925025799,-2.4518129271038944,-2.454552925455477,-2.448387491189049,-2.452455956339229,-2.45096176475364
TM,hf500_lfx10,AR1/co-kriging,val,nll_raw,20,-2.4517088605464346,0.0015963093925025799,-2.4518129271038944,-2.454552925455477,-2.448387491189049,-2.452455956339229,-2.45096176475364
TM,hf500_lfx10,AR1/co-kriging,val,nlpd_cal,20,-2.4517088605464346,0.0015963093925025799,-2.4518129271038944,-2.454552925455477,-2.448387491189049,-2.452455956339229,-2.45096176475364
TM,hf500_lfx10,AR1/co-kriging,val,nlpd_raw,20,-2.4517088605464346,0.0015963093925025799,-2.4518129271038944,-2.454552925455477,-2.448387491189049,-2.452455956339229,-2.45096176475364
TM,hf500_lfx10,AR1/co-kriging,val,r2,20,0.9917539955274375,7.989382212849445e-05,0.9917584188737252,0.9916307901825466,0.9918828965290318,0.9917166040676973,0.9917913869871776
TM,hf500_lfx10,FPCA-NARGP,test,coverage_raw,20,0.9794399976730347,0.00456351880491997,0.9793500006198883,0.9695000052452087,0.9884999990463257,0.977304205128364,0.9815757902177054
TM,hf500_lfx10,FPCA-NARGP,test,gaussian_nll,20,-2.3418453774956447,0.006379318443888177,-2.3428160476467355,-2.354594401564018,-2.3273506222804095,-2.3448309904305247,-2.3388597645607647
TM,hf500_lfx10,FPCA-NARGP,test,gaussian_nlpd,20,-2.3418453774956447,0.006379318443888177,-2.3428160476467355,-2.354594401564018,-2.3273506222804095,-2.3448309904305247,-2.3388597645607647
TM,hf500_lfx10,FPCA-NARGP,test,interval_width_raw,20,0.11256612613797187,0.0005477002821142012,0.11262382566928864,0.11155436933040619,0.11362715810537338,0.11230979451554218,0.11282245776040156
TM,hf500_lfx10,FPCA-NARGP,test,r2,20,0.9822054081752134,0.0003595308381120752,0.9821737457998971,0.9815960163935723,0.9829656561928387,0.9820371425634248,0.982373673787002
TM,hf500_lfx10,FPCA-NARGP,test,rmse,20,0.023406902421265842,0.00023710945748617595,0.02342885173857212,0.02290254831314087,0.023805484175682068,0.023295931779263902,0.02351787306326778
TM,hf500_lfx10,FPCA-NARGP,val,coverage_raw,20,0.991992998123169,0.0005662491907807231,0.9921599924564362,0.9909800291061401,0.992900013923645,0.99172798534426,0.992258010902078
TM,hf500_lfx10,FPCA-NARGP,val,gaussian_nll,20,-2.4404639670792707,0.0028742641385808916,-2.440486432397848,-2.4451044490738383,-2.4350442919912054,-2.4418091641039825,-2.439118770054559
TM,hf500_lfx10,FPCA-NARGP,val,gaussian_nlpd,20,-2.4404639670792707,0.0028742641385808916,-2.440486432397848,-2.4451044490738383,-2.4350442919912054,-2.4418091641039825,-2.439118770054559
TM,hf500_lfx10,FPCA-NARGP,val,interval_width_raw,20,0.10896553657948971,0.0003745522150036808,0.10896055772900581,0.10839277505874634,0.1100141704082489,0.1087902407469115,0.10914083241206791
TM,hf500_lfx10,FPCA-NARGP,val,r2,20,0.987814840512795,0.00013657896445802258,0.9878182503811387,0.9875461733653501,0.9880436100353529,0.9877509195898148,0.9878787614357752
TM,hf500_lfx10,FPCA-NARGP,val,rmse,20,0.019191141426563262,0.00010750263397452284,0.01918874215334654,0.01901041902601719,0.019401846453547478,0.0191408286451351,0.019241454207991424
TM,hf500_lfx10,HF-only,test,nll_cal,20,-2.266651068660909,0.004671010840350479,-2.267536737652887,-2.2729440039393545,-2.2564499039556134,-2.2688371690267366,-2.2644649682950813
TM,hf500_lfx10,HF-only,test,nll_raw,20,-2.266651068660909,0.004671010840350479,-2.267536737652887,-2.2729440039393545,-2.2564499039556134,-2.2688371690267366,-2.2644649682950813
TM,hf500_lfx10,HF-only,test,nlpd_cal,20,-2.266651068660909,0.004671010840350479,-2.267536737652887,-2.2729440039393545,-2.2564499039556134,-2.2688371690267366,-2.2644649682950813
TM,hf500_lfx10,HF-only,test,nlpd_raw,20,-2.266651068660909,0.004671010840350479,-2.267536737652887,-2.2729440039393545,-2.2564499039556134,-2.2688371690267366,-2.2644649682950813
TM,hf500_lfx10,HF-only,test,r2,20,0.9797274339061177,0.0002812319170824837,0.9797282510683119,0.9791566616241292,0.9801900258996026,0.979595813317378,0.9798590544948574
TM,hf500_lfx10,HF-only,test,target_rmse,20,0.02498420560732484,0.00017323239381879525,0.024984273128211498,0.02469807304441929,0.025334056466817856,0.024903130351359035,0.025065280863290643
TM,hf500_lfx10,HF-only,test,y_rmse,20,0.02498420560732484,0.00017323239381879525,0.024984273128211498,0.02469807304441929,0.025334056466817856,0.024903130351359035,0.025065280863290643
TM,hf500_lfx10,HF-only,val,nll_cal,20,-2.4035303371937493,0.002447885324788485,-2.40293815008781,-2.407513328130832,-2.398645606766506,-2.404675982791014,-2.4023846915964846
TM,hf500_lfx10,HF-only,val,nll_raw,20,-2.4035303371937493,0.002447885324788485,-2.40293815008781,-2.407513328130832,-2.398645606766506,-2.404675982791014,-2.4023846915964846
TM,hf500_lfx10,HF-only,val,nlpd_cal,20,-2.4035303371937493,0.002447885324788485,-2.40293815008781,-2.407513328130832,-2.398645606766506,-2.404675982791014,-2.4023846915964846
TM,hf500_lfx10,HF-only,val,nlpd_raw,20,-2.4035303371937493,0.002447885324788485,-2.40293815008781,-2.407513328130832,-2.398645606766506,-2.404675982791014,-2.4023846915964846
TM,hf500_lfx10,HF-only,val,r2,20,0.9868005699712761,7.843501777307864e-05,0.9867889241153431,0.9866426412395336,0.9869821736348972,0.9867638612529904,0.9868372786895617
TM,hf500_lfx10,MF-DeepONet,test,r2,20,0.9893076985229425,0.001587895501098839,0.9899367096786812,0.9868175453634607,0.9916807913277615,0.988564540552539,0.9900508564933461
TM,hf500_lfx10,MF-DeepONet,test,rmse,20,0.018097717721204935,0.0013428975442443707,0.017602856123764395,0.016005236581793265,0.02014741034489548,0.017469222324152652,0.01872621311825722
TM,hf500_lfx10,MF-DeepONet,val,r2,20,0.9933720006834188,0.0004945602909147733,0.9933277709481129,0.9923689783132272,0.994250348571714,0.9931405393424274,0.9936034620244102
TM,hf500_lfx10,MF-DeepONet,val,rmse,20,0.014144713192546496,0.0005293812881242123,0.014201202046245672,0.013182944910607843,0.015187385715414956,0.013896955123215236,0.014392471261877756
TM,hf500_lfx10,Neural-GP MF (ours),test,nll_cal,20,-2.9097931206165444,0.051719461077926146,-2.911592725656895,-3.013937801707001,-2.791905511506202,-2.9339985734932874,-2.8855876677398014
TM,hf500_lfx10,Neural-GP MF (ours),test,nll_raw,20,-2.9097931206165444,0.051719461077926146,-2.911592725656895,-3.013937801707001,-2.791905511506202,-2.9339985734932874,-2.8855876677398014
TM,hf500_lfx10,Neural-GP MF (ours),test,nlpd_cal,20,-2.9097931206165444,0.051719461077926146,-2.911592725656895,-3.013937801707001,-2.791905511506202,-2.9339985734932874,-2.8855876677398014
TM,hf500_lfx10,Neural-GP MF (ours),test,nlpd_raw,20,-2.9097931206165444,0.051719461077926146,-2.911592725656895,-3.013937801707001,-2.791905511506202,-2.9339985734932874,-2.8855876677398014
TM,hf500_lfx10,Neural-GP MF (ours),test,r2,20,0.9943015351050724,0.0006728453612493673,0.9943998541125033,0.9927393918151978,0.9954772137754258,0.9939866337827148,0.9946164364274299
TM,hf500_lfx10,Neural-GP MF (ours),test,target_rmse,20,0.013224848173558712,0.0007761263967575048,0.013131604064255953,0.011801144108176231,0.014952286146581173,0.012861609838673425,0.013588086508443998
TM,hf500_lfx10,Neural-GP MF (ours),test,y_rmse,20,0.013224848173558712,0.0007761263967575048,0.013131604064255953,0.011801144108176231,0.014952286146581173,0.012861609838673425,0.013588086508443998
TM,hf500_lfx10,Neural-GP MF (ours),val,nll_cal,20,-2.997292691664014,0.04222772390210908,-2.9856384178715047,-3.0615474586696254,-2.9409343913385317,-3.017055874800523,-2.9775295085275046
TM,hf500_lfx10,Neural-GP MF (ours),val,nll_raw,20,-2.997292691664014,0.04222772390210908,-2.9856384178715047,-3.0615474586696254,-2.9409343913385317,-3.017055874800523,-2.9775295085275046
TM,hf500_lfx10,Neural-GP MF (ours),val,nlpd_cal,20,-2.997292691664014,0.04222772390210908,-2.9856384178715047,-3.0615474586696254,-2.9409343913385317,-3.017055874800523,-2.9775295085275046
TM,hf500_lfx10,Neural-GP MF (ours),val,nlpd_raw,20,-2.997292691664014,0.04222772390210908,-2.9856384178715047,-3.0615474586696254,-2.9409343913385317,-3.017055874800523,-2.9775295085275046
TM,hf500_lfx10,Neural-GP MF (ours),val,r2,20,0.9953922175189126,0.00040671158260974157,0.9953744759734364,0.9947317123920961,0.9959719618140997,0.9952018706389935,0.9955825643988317
TM,hf50_lfx10,AR1/co-kriging,test,nll_cal,20,-1.8379644197536742,0.0020224833550771194,-1.838067361182905,-1.8425399860298526,-1.83417422793646,-1.8389109711005946,-1.8370178684067537
TM,hf50_lfx10,AR1/co-kriging,test,nll_raw,20,-1.8379644197536742,0.0020224833550771194,-1.838067361182905,-1.8425399860298526,-1.83417422793646,-1.8389109711005946,-1.8370178684067537
TM,hf50_lfx10,AR1/co-kriging,test,nlpd_cal,20,-1.8379644197536742,0.0020224833550771194,-1.838067361182905,-1.8425399860298526,-1.83417422793646,-1.8389109711005946,-1.8370178684067537
TM,hf50_lfx10,AR1/co-kriging,test,nlpd_raw,20,-1.8379644197536742,0.0020224833550771194,-1.838067361182905,-1.8425399860298526,-1.83417422793646,-1.8389109711005946,-1.8370178684067537
TM,hf50_lfx10,AR1/co-kriging,test,r2,20,0.9530011100497283,0.00018641487234755756,0.9530240991278154,0.9525882942623769,0.953407041666074,0.9529138652038988,0.9530883548955579
TM,hf50_lfx10,AR1/co-kriging,test,target_rmse,20,0.03804206550121307,7.542214250571824e-05,0.038032831624150276,0.03787749633193016,0.038208846002817154,0.03800676685195734,0.0380773641504688
TM,hf50_lfx10,AR1/co-kriging,test,y_rmse,20,0.03804206550121307,7.542214250571824e-05,0.038032831624150276,0.03787749633193016,0.038208846002817154,0.03800676685195734,0.0380773641504688
TM,hf50_lfx10,AR1/co-kriging,val,nll_cal,20,-1.8347173353670907,0.003740945535563285,-1.834538368018989,-1.8420309186105093,-1.826318272805053,-1.8364681517713666,-1.8329665189628148
TM,hf50_lfx10,AR1/co-kriging,val,nll_raw,20,-1.8347173353670907,0.003740945535563285,-1.834538368018989,-1.8420309186105093,-1.826318272805053,-1.8364681517713666,-1.8329665189628148
TM,hf50_lfx10,AR1/co-kriging,val,nlpd_cal,20,-1.8347173353670907,0.003740945535563285,-1.834538368018989,-1.8420309186105093,-1.826318272805053,-1.8364681517713666,-1.8329665189628148
TM,hf50_lfx10,AR1/co-kriging,val,nlpd_raw,20,-1.8347173353670907,0.003740945535563285,-1.834538368018989,-1.8420309186105093,-1.826318272805053,-1.8364681517713666,-1.8329665189628148
TM,hf50_lfx10,AR1/co-kriging,val,r2,20,0.9378735879307765,0.0003755814717089664,0.9378909814320836,0.9369131884161586,0.9384206407564706,0.9376978103912322,0.9380493654703207
TM,hf50_lfx10,FPCA-NARGP,test,coverage_raw,20,0.942475003004074,0.0017498518876086137,0.9424000084400177,0.939300000667572,0.9465000033378601,0.9416560471115721,0.943293958896576
TM,hf50_lfx10,FPCA-NARGP,test,gaussian_nll,20,-1.7500189439622722,0.002794205140034384,-1.7499244521538175,-1.7551686114563334,-1.7439695757230984,-1.7513266722223009,-1.7487112157022435
TM,hf50_lfx10,FPCA-NARGP,test,gaussian_nlpd,20,-1.7500189439622722,0.002794205140034384,-1.7499244521538175,-1.7551686114563334,-1.7439695757230984,-1.7513266722223009,-1.7487112157022435
TM,hf50_lfx10,FPCA-NARGP,test,interval_width_raw,20,0.167575640976429,0.00022405804479566218,0.16761939972639084,0.16714902222156525,0.16800294816493988,0.16747077858359036,0.16768050336926763
TM,hf50_lfx10,FPCA-NARGP,test,r2,20,0.9371788305624594,0.0002650535498778894,0.9371953889492558,0.9367115414522006,0.9376777511831442,0.9370547816826439,0.937302879442275
TM,hf50_lfx10,FPCA-NARGP,test,rmse,20,0.04398181941360235,9.277801001696942e-05,0.04397611692547798,0.04380691424012184,0.044145189225673676,0.04393839796831544,0.044025240858889265
TM,hf50_lfx10,FPCA-NARGP,val,coverage_raw,20,0.991459995508194,0.0023585000578097834,0.9910999834537506,0.9886000156402588,1.0,0.9903561835035968,0.9925638075127912
TM,hf50_lfx10,FPCA-NARGP,val,gaussian_nll,20,-1.8541096989778336,0.003514175727543693,-1.853566670209622,-1.8603546372219106,-1.8483923910744853,-1.8557543838450152,-1.852465014110652
TM,hf50_lfx10,FPCA-NARGP,val,gaussian_nlpd,20,-1.8541096989778336,0.003514175727543693,-1.853566670209622,-1.8603546372219106,-1.8483923910744853,-1.8557543838450152,-1.852465014110652
TM,hf50_lfx10,FPCA-NARGP,val,interval_width_raw,20,0.16859325543045997,0.0001908281141742096,0.1686028391122818,0.1682460904121399,0.1690753996372223,0.1685039451238765,0.16868256573704343
TM,hf50_lfx10,FPCA-NARGP,val,r2,20,0.9445938675082448,0.00053497725522117,0.944492093640496,0.943580970454313,0.9457766763750052,0.9443434904456943,0.9448442445707953
TM,hf50_lfx10,FPCA-NARGP,val,rmse,20,0.04389932677149773,0.00021212495721275432,0.043940115720033646,0.0434287004172802,0.04429926723241806,0.04380004923556095,0.043998604307434505
TM,hf50_lfx10,HF-only,test,nll_cal,20,-1.015527912850164,0.0015870533012436884,-1.0158697262085439,-1.0181374659697535,-1.013069270017619,-1.0162706766589023,-1.0147851490414257
TM,hf50_lfx10,HF-only,test,nll_raw,20,-1.015527912850164,0.0015870533012436884,-1.0158697262085439,-1.0181374659697535,-1.013069270017619,-1.0162706766589023,-1.0147851490414257
TM,hf50_lfx10,HF-only,test,nlpd_cal,20,-1.015527912850164,0.0015870533012436884,-1.0158697262085439,-1.0181374659697535,-1.013069270017619,-1.0162706766589023,-1.0147851490414257
TM,hf50_lfx10,HF-only,test,nlpd_raw,20,-1.015527912850164,0.0015870533012436884,-1.0158697262085439,-1.0181374659697535,-1.013069270017619,-1.0162706766589023,-1.0147851490414257
TM,hf50_lfx10,HF-only,test,r2,20,0.8481531538613044,0.0002085498838720336,0.8481523618621432,0.8478978795178578,0.8485028736589809,0.8480555495111951,0.8482507582114137
TM,hf50_lfx10,HF-only,test,target_rmse,20,0.06837917938828468,4.695857601977535e-05,0.06837936863303185,0.06830040365457535,0.0684366449713707,0.06835720209820247,0.0684011566783669
TM,hf50_lfx10,HF-only,test,y_rmse,20,0.06837917938828468,4.695857601977535e-05,0.06837936863303185,0.06830040365457535,0.0684366449713707,0.06835720209820247,0.0684011566783669
TM,hf50_lfx10,HF-only,val,nll_cal,20,-1.272402265120648,0.0026713469427391916,-1.2715663643869224,-1.2771121681465811,-1.2685185424995153,-1.2736524939743956,-1.2711520362669002
TM,hf50_lfx10,HF-only,val,nll_raw,20,-1.272402265120648,0.0026713469427391916,-1.2715663643869224,-1.2771121681465811,-1.2685185424995153,-1.2736524939743956,-1.2711520362669002
TM,hf50_lfx10,HF-only,val,nlpd_cal,20,-1.272402265120648,0.0026713469427391916,-1.2715663643869224,-1.2771121681465811,-1.2685185424995153,-1.2736524939743956,-1.2711520362669002
TM,hf50_lfx10,HF-only,val,nlpd_raw,20,-1.272402265120648,0.0026713469427391916,-1.2715663643869224,-1.2771121681465811,-1.2685185424995153,-1.2736524939743956,-1.2711520362669002
TM,hf50_lfx10,HF-only,val,r2,20,0.8538248780931392,0.00043827283903018644,0.8538489995247448,0.853189103394514,0.8546216659104038,0.8536197600905305,0.8540299960957479
TM,hf50_lfx10,MF-DeepONet,test,r2,20,0.9526534715909326,0.0067836964758244585,0.9514858718602557,0.9388666707486036,0.9632953399582529,0.9494786039114668,0.9558283392703985
TM,hf50_lfx10,MF-DeepONet,test,rmse,20,0.038087601303968835,0.0027612540593449373,0.03865021853717084,0.033618760099847406,0.04338704906126489,0.03679529462440995,0.03937990798352772
TM,hf50_lfx10,MF-DeepONet,val,r2,20,0.9615734972889527,0.009847338185222548,0.9625869326206803,0.9386800883149256,0.9779773000227084,0.9569648011533797,0.9661821934245257
TM,hf50_lfx10,MF-DeepONet,val,rmse,20,0.03627018307052027,0.004708820024295628,0.03607299738736481,0.027677001597751563,0.046183252792965444,0.03406638746191137,0.03847397867912917
TM,hf50_lfx10,Neural-GP MF (ours),test,nll_cal,20,-2.1094211393102724,0.04767197332316968,-2.1057043289452846,-2.20211877749509,-1.9967546709644175,-2.1317323096079814,-2.0871099690125634
TM,hf50_lfx10,Neural-GP MF (ours),test,nll_raw,20,-2.1094211393102724,0.04767197332316968,-2.1057043289452846,-2.20211877749509,-1.9967546709644175,-2.1317323096079814,-2.0871099690125634
TM,hf50_lfx10,Neural-GP MF (ours),test,nlpd_cal,20,-2.1094211393102724,0.04767197332316968,-2.1057043289452846,-2.20211877749509,-1.9967546709644175,-2.1317323096079814,-2.0871099690125634
TM,hf50_lfx10,Neural-GP MF (ours),test,nlpd_raw,20,-2.1094211393102724,0.04767197332316968,-2.1057043289452846,-2.20211877749509,-1.9967546709644175,-2.1317323096079814,-2.0871099690125634
TM,hf50_lfx10,Neural-GP MF (ours),test,r2,20,0.9743168279216082,0.001457693528233878,0.9743225127732634,0.9705851672346867,0.9771070779513495,0.9736346063502497,0.9749990494929668
TM,hf50_lfx10,Neural-GP MF (ours),test,target_rmse,20,0.028111294843256474,0.0007941790464744547,0.028118835762143135,0.02655043825507164,0.030095688998699188,0.0277396076082296,0.028482982078283346
TM,hf50_lfx10,Neural-GP MF (ours),test,y_rmse,20,0.028111294843256474,0.0007941790464744547,0.028118835762143135,0.02655043825507164,0.030095688998699188,0.0277396076082296,0.028482982078283346
TM,hf50_lfx10,Neural-GP MF (ours),val,nll_cal,20,-2.042844605758213,0.048205102027616825,-2.0361233830788246,-2.114750375571237,-1.9742231734886184,-2.0654052879700795,-2.0202839235463466
TM,hf50_lfx10,Neural-GP MF (ours),val,nll_raw,20,-2.042844605758213,0.048205102027616825,-2.0361233830788246,-2.114750375571237,-1.9742231734886184,-2.0654052879700795,-2.0202839235463466
TM,hf50_lfx10,Neural-GP MF (ours),val,nlpd_cal,20,-2.042844605758213,0.048205102027616825,-2.0361233830788246,-2.114750375571237,-1.9742231734886184,-2.0654052879700795,-2.0202839235463466
TM,hf50_lfx10,Neural-GP MF (ours),val,nlpd_raw,20,-2.042844605758213,0.048205102027616825,-2.0361233830788246,-2.114750375571237,-1.9742231734886184,-2.0654052879700795,-2.0202839235463466
TM,hf50_lfx10,Neural-GP MF (ours),val,r2,20,0.9580576267317193,0.0027322847143567597,0.9590366194308189,0.9526485217928798,0.9624966442060839,0.9567788781229595,0.9593363753404792
