dataset,setting,seed,comparator,ours_rmse,comparator_rmse,paired_difference,relative_difference_pct
AB,hf100_lfx10,388,HF-only,0.01339845359325409,0.01699608378112316,0.003597630187869072,26.851085185535307
AB,hf100_lfx10,388,AR1/co-kriging,0.01339845359325409,0.0161749254912138,0.002776471897959709,20.722330966296134
AB,hf100_lfx10,388,FPCA-NARGP,0.01339845359325409,0.015967801213264465,0.002569347620010376,19.176448999338266
AB,hf100_lfx10,388,MF-DeepONet,0.01339845359325409,0.018504147953734583,0.005105694360480494,38.106594353927015
AB,hf100_lfx10,210,HF-only,0.012709742411971092,0.016857782378792763,0.0041480399668216705,32.636695791054755
AB,hf100_lfx10,210,AR1/co-kriging,0.012709742411971092,0.016039080917835236,0.0033293385058641434,26.195169012460045
AB,hf100_lfx10,210,FPCA-NARGP,0.012709742411971092,0.016211016103625298,0.0035012736916542053,27.547951627693216
AB,hf100_lfx10,210,MF-DeepONet,0.012709742411971092,0.021997117881182093,0.009287375469211,73.07288510004246
AB,hf100_lfx10,344,HF-only,0.013440476730465889,0.016885679215192795,0.003445202484726906,25.6330378290643
AB,hf100_lfx10,344,AR1/co-kriging,0.013440476730465889,0.016050957143306732,0.002610480412840843,19.422528420614704
AB,hf100_lfx10,344,FPCA-NARGP,0.013440476730465889,0.01591169834136963,0.00247122161090374,18.386413372541732
AB,hf100_lfx10,344,MF-DeepONet,0.013440476730465889,0.0189598000403481,0.00551932330988221,41.06493705964619
AB,hf100_lfx10,333,HF-only,0.014412667602300644,0.016804559156298637,0.0023918915539979935,16.59575881439314
AB,hf100_lfx10,333,AR1/co-kriging,0.014412667602300644,0.01591612957417965,0.0015034619718790054,10.431531576007574
AB,hf100_lfx10,333,FPCA-NARGP,0.014412667602300644,0.015939535573124886,0.0015268679708242416,10.593930374003165
AB,hf100_lfx10,333,MF-DeepONet,0.014412667602300644,0.01851233410515858,0.004099666502857938,28.444883459350176
AB,hf100_lfx10,311,HF-only,0.01329404953867197,0.016830146312713623,0.0035360967740416527,26.599094307233162
AB,hf100_lfx10,311,AR1/co-kriging,0.01329404953867197,0.01611543633043766,0.00282138679176569,21.22292972926244
AB,hf100_lfx10,311,FPCA-NARGP,0.01329404953867197,0.015629492700099945,0.0023354431614279747,17.56758280939336
AB,hf100_lfx10,311,MF-DeepONet,0.01329404953867197,0.01750405093500981,0.004210001396337839,31.66831433936723
AB,hf100_lfx10,355,HF-only,0.01329442672431469,0.01693454571068287,0.0036401189863681793,27.38078942291378
AB,hf100_lfx10,355,AR1/co-kriging,0.01329442672431469,0.016011465340852737,0.002717038616538048,20.437425944578347
AB,hf100_lfx10,355,FPCA-NARGP,0.01329442672431469,0.01607823371887207,0.0027838069945573807,20.939654279834187
AB,hf100_lfx10,355,MF-DeepONet,0.01329442672431469,0.018963100777431033,0.005668674053116343,42.63947720851089
AB,hf100_lfx10,240,HF-only,0.012627298012375832,0.016802063211798668,0.004174765199422836,33.06142925692583
AB,hf100_lfx10,240,AR1/co-kriging,0.012627298012375832,0.016148516908288002,0.0035212188959121704,27.88576695078452
AB,hf100_lfx10,240,FPCA-NARGP,0.012627298012375832,0.015952441841363907,0.0033251438289880753,26.33297975330233
AB,hf100_lfx10,240,MF-DeepONet,0.012627298012375832,0.017556310414978876,0.004929012402603045,39.03457729256244
AB,hf100_lfx10,220,HF-only,0.012894634157419205,0.016937891021370888,0.004043256863951683,31.35611925542927
AB,hf100_lfx10,220,AR1/co-kriging,0.012894634157419205,0.016020789742469788,0.003126155585050583,24.24384861862779
AB,hf100_lfx10,220,FPCA-NARGP,0.012894634157419205,0.015867961570620537,0.002973327413201332,23.058641113059917
AB,hf100_lfx10,220,MF-DeepONet,0.012894634157419205,0.01717918240519696,0.004284548247777756,33.227373459932934
AB,hf100_lfx10,322,HF-only,0.014180219732224941,0.01693984866142273,0.0027596289291977882,19.46111542211476
AB,hf100_lfx10,322,AR1/co-kriging,0.014180219732224941,0.016016535460948944,0.0018363157287240028,12.949839730275297
AB,hf100_lfx10,322,FPCA-NARGP,0.014180219732224941,0.01614518277347088,0.0019649630412459373,13.85707047106262
AB,hf100_lfx10,322,MF-DeepONet,0.014180219732224941,0.019084171895676873,0.004903952163451932,34.58304776693668
AB,hf100_lfx10,399,HF-only,0.012932026758790016,0.016928741708397865,0.003996714949607849,30.905557374378656
AB,hf100_lfx10,399,AR1/co-kriging,0.012932026758790016,0.016217833384871483,0.0032858066260814667,25.408288177629032
AB,hf100_lfx10,399,FPCA-NARGP,0.012932026758790016,0.01584596186876297,0.002913935109972954,22.532702447374117
AB,hf100_lfx10,399,MF-DeepONet,0.012932026758790016,0.018367465091114466,0.00543543833232445,42.03083115823228
AB,hf100_lfx10,200,HF-only,0.012832754291594028,0.01682872697710991,0.003995972685515881,31.138854486861046
AB,hf100_lfx10,200,AR1/co-kriging,0.012832754291594028,0.01606304943561554,0.003230295144021511,25.172266768463608
AB,hf100_lfx10,200,FPCA-NARGP,0.012832754291594028,0.015775933861732483,0.0029431795701384544,22.934901606168488
AB,hf100_lfx10,200,MF-DeepONet,0.012832754291594028,0.019105866719057344,0.006273112427463316,48.88360117338534
AB,hf100_lfx10,366,HF-only,0.012896406464278698,0.016930939629673958,0.00403453316539526,31.284165682668046
AB,hf100_lfx10,366,AR1/co-kriging,0.012896406464278698,0.016030922532081604,0.003134516067802906,24.305344876381586
AB,hf100_lfx10,366,FPCA-NARGP,0.012896406464278698,0.015917453914880753,0.0030210474506020546,23.425498094914637
AB,hf100_lfx10,366,MF-DeepONet,0.012896406464278698,0.019357784299255894,0.006461377834977196,50.10215716195312
AB,hf100_lfx10,250,HF-only,0.012837727554142475,0.01691550761461258,0.004077780060470104,31.764033340575818
AB,hf100_lfx10,250,AR1/co-kriging,0.012837727554142475,0.01612217351794243,0.0032844459637999535,25.584325184873776
AB,hf100_lfx10,250,FPCA-NARGP,0.012837727554142475,0.015900759026408195,0.0030630314722657204,23.859608013548645
AB,hf100_lfx10,250,MF-DeepONet,0.012837727554142475,0.020736207706841415,0.00789848015269894,61.525531830984065
AB,hf100_lfx10,260,HF-only,0.013287171721458435,0.01687241718173027,0.0035852454602718353,26.982758524011228
AB,hf100_lfx10,260,AR1/co-kriging,0.013287171721458435,0.016059137880802155,0.0027719661593437195,20.861972867160787
AB,hf100_lfx10,260,FPCA-NARGP,0.013287171721458435,0.01594306156039238,0.0026558898389339447,19.988375966006007
AB,hf100_lfx10,260,MF-DeepONet,0.013287171721458435,0.017958919379104824,0.004671747657646389,35.159835031721904
AB,hf100_lfx10,290,HF-only,0.013838742859661579,0.016895072534680367,0.0030563296750187874,22.085312994200173
AB,hf100_lfx10,290,AR1/co-kriging,0.013838742859661579,0.016055220738053322,0.0022164778783917427,16.01646840951524
AB,hf100_lfx10,290,FPCA-NARGP,0.013838742859661579,0.015686552971601486,0.001847810111939907,13.352441986085827
AB,hf100_lfx10,290,MF-DeepONet,0.013838742859661579,0.01917931504623355,0.0053405721865719714,38.59145473494673
AB,hf100_lfx10,377,HF-only,0.012833738699555397,0.01686885952949524,0.004035120829939842,31.44150683136187
AB,hf100_lfx10,377,AR1/co-kriging,0.012833738699555397,0.01598907820880413,0.0031553395092487335,24.58628450459292
AB,hf100_lfx10,377,FPCA-NARGP,0.012833738699555397,0.01597558706998825,0.0031418483704328537,24.48116206808619
AB,hf100_lfx10,377,MF-DeepONet,0.012833738699555397,0.01745599129219217,0.004622252592636773,36.016415020175714
AB,hf100_lfx10,300,HF-only,0.013186967000365257,0.01691688597202301,0.003729918971657753,28.284888947962337
AB,hf100_lfx10,300,AR1/co-kriging,0.013186967000365257,0.016154835000634193,0.002967868000268936,22.506069820199983
AB,hf100_lfx10,300,FPCA-NARGP,0.013186967000365257,0.015804477035999298,0.002617510035634041,19.84921957840298
AB,hf100_lfx10,300,MF-DeepONet,0.013186967000365257,0.019033239209811086,0.005846272209445828,44.333713804576114
AB,hf100_lfx10,280,HF-only,0.013463563285768032,0.016822729259729385,0.0033591659739613533,24.950051503172542
AB,hf100_lfx10,280,AR1/co-kriging,0.013463563285768032,0.016140896826982498,0.002677333541214466,19.885772320352984
AB,hf100_lfx10,280,FPCA-NARGP,0.013463563285768032,0.01585906371474266,0.0023955004289746284,17.79246978032069
AB,hf100_lfx10,280,MF-DeepONet,0.013463563285768032,0.016735355630686198,0.003271792344918166,24.301087873049845
AB,hf100_lfx10,270,HF-only,0.012682266533374786,0.01701093465089798,0.004328668117523193,34.13166018969736
AB,hf100_lfx10,270,AR1/co-kriging,0.012682266533374786,0.016058145090937614,0.003375878557562828,26.61888983864856
AB,hf100_lfx10,270,FPCA-NARGP,0.012682266533374786,0.01588076911866665,0.0031985025852918625,25.220275704462207
AB,hf100_lfx10,270,MF-DeepONet,0.012682266533374786,0.018462736584844798,0.005780470051470012,45.57915603065166
AB,hf100_lfx10,230,HF-only,0.012638041749596596,0.01690821908414364,0.004270177334547043,33.78828317831238
AB,hf100_lfx10,230,AR1/co-kriging,0.012638041749596596,0.015998519957065582,0.0033604782074689865,26.59018124842207
AB,hf100_lfx10,230,FPCA-NARGP,0.012638041749596596,0.016064932569861412,0.0034268908202648163,27.11567890155294
AB,hf100_lfx10,230,MF-DeepONet,0.012638041749596596,0.01794659544902328,0.005308553699426684,42.00455897050769
AB,hf500_lfx10,388,HF-only,0.007512210868299007,0.011884412728250027,0.004372201859951019,58.20126639950162
AB,hf500_lfx10,388,AR1/co-kriging,0.007512210868299007,0.010547761805355549,0.0030355509370565414,40.4082232284819
AB,hf500_lfx10,388,FPCA-NARGP,0.007512210868299007,0.010971899144351482,0.003459688276052475,46.054195451995525
AB,hf500_lfx10,388,MF-DeepONet,0.007512210868299007,0.009512001078487698,0.0019997902101886907,26.620528167382282
AB,hf500_lfx10,210,HF-only,0.006764060817658901,0.011815614067018032,0.005051553249359131,74.68225649555168
AB,hf500_lfx10,210,AR1/co-kriging,0.006764060817658901,0.010703758336603642,0.00393969751894474,58.244560851070275
AB,hf500_lfx10,210,FPCA-NARGP,0.006764060817658901,0.010658801533281803,0.003894740715622902,57.579918640809986
AB,hf500_lfx10,210,MF-DeepONet,0.006764060817658901,0.008506394902130072,0.0017423340844711713,25.758699270155407
AB,hf500_lfx10,344,HF-only,0.00763056892901659,0.011882495135068893,0.004251926206052303,55.72226980197506
AB,hf500_lfx10,344,AR1/co-kriging,0.00763056892901659,0.010579881258308887,0.0029493123292922974,38.65127694577287
AB,hf500_lfx10,344,FPCA-NARGP,0.00763056892901659,0.010801407508552074,0.0031708385795354843,41.55441893038682
AB,hf500_lfx10,344,MF-DeepONet,0.00763056892901659,0.007801067366811068,0.00017049843779447758,2.234413179155319
AB,hf500_lfx10,333,HF-only,0.009502704255282879,0.011801496148109436,0.002298791892826557,24.190923247438537
AB,hf500_lfx10,333,AR1/co-kriging,0.009502704255282879,0.010699647478759289,0.00119694322347641,12.595816846672758
AB,hf500_lfx10,333,FPCA-NARGP,0.009502704255282879,0.010736933909356594,0.0012342296540737152,12.988193896359183
AB,hf500_lfx10,333,MF-DeepONet,0.009502704255282879,0.008166776474825716,-0.001335927780457163,-14.058395847839579
AB,hf500_lfx10,311,HF-only,0.007749941665679216,0.011821366846561432,0.0040714251808822155,52.53491389377303
AB,hf500_lfx10,311,AR1/co-kriging,0.007749941665679216,0.010649841278791428,0.0028998996131122112,37.41834117222429
AB,hf500_lfx10,311,FPCA-NARGP,0.007749941665679216,0.010739900171756744,0.002989958506077528,38.580400150863376
AB,hf500_lfx10,311,MF-DeepONet,0.007749941665679216,0.008557388487971666,0.0008074468222924493,10.418747096745836
AB,hf500_lfx10,355,HF-only,0.007990914396941662,0.011753134429454803,0.0037622200325131416,47.081220566610554
AB,hf500_lfx10,355,AR1/co-kriging,0.007990914396941662,0.010626951232552528,0.0026360368356108665,32.98792484399218
AB,hf500_lfx10,355,FPCA-NARGP,0.007990914396941662,0.010990344919264317,0.0029994305223226547,37.53551062279703
AB,hf500_lfx10,355,MF-DeepONet,0.007990914396941662,0.009387044952127433,0.0013961305551857713,17.471474299863704
AB,hf500_lfx10,240,HF-only,0.007990270853042603,0.011788083240389824,0.0037978123873472214,47.53045869403862
AB,hf500_lfx10,240,AR1/co-kriging,0.007990270853042603,0.010697392746806145,0.002707121893763542,33.88022688533395
AB,hf500_lfx10,240,FPCA-NARGP,0.007990270853042603,0.010757806710898876,0.0027675358578562737,34.63632095528311
AB,hf500_lfx10,240,MF-DeepONet,0.007990270853042603,0.008634575001342007,0.0006443041482994041,8.063608357582279
AB,hf500_lfx10,220,HF-only,0.00788972619920969,0.011896636337041855,0.004006910137832165,50.7864282823089
AB,hf500_lfx10,220,AR1/co-kriging,0.00788972619920969,0.010657381266355515,0.0027676550671458244,35.0792283187604
AB,hf500_lfx10,220,FPCA-NARGP,0.00788972619920969,0.010745851323008537,0.002856125123798847,36.200560725224456
AB,hf500_lfx10,220,MF-DeepONet,0.00788972619920969,0.008549848044268457,0.0006601218450587674,8.366853657417051
AB,hf500_lfx10,322,HF-only,0.0078049455769360065,0.011811266653239727,0.0040063210763037205,51.33054467596281
AB,hf500_lfx10,322,AR1/co-kriging,0.0078049455769360065,0.010519207455217838,0.0027142618782818317,34.77617943041919
AB,hf500_lfx10,322,FPCA-NARGP,0.0078049455769360065,0.010529251769185066,0.0027243061922490597,34.90487108967828
AB,hf500_lfx10,322,MF-DeepONet,0.0078049455769360065,0.009837694427965463,0.002032748851029456,26.044369316761514
AB,hf500_lfx10,399,HF-only,0.007610529661178589,0.011756041087210178,0.0041455114260315895,54.4707347660426
AB,hf500_lfx10,399,AR1/co-kriging,0.007610529661178589,0.01070574764162302,0.0030952179804444313,40.67020454874749
AB,hf500_lfx10,399,FPCA-NARGP,0.007610529661178589,0.010857073590159416,0.0032465439289808273,42.658580591854076
AB,hf500_lfx10,399,MF-DeepONet,0.007610529661178589,0.008917281157876088,0.0013067514966974992,17.1703094905898
AB,hf500_lfx10,200,HF-only,0.008168715052306652,0.01175322849303484,0.0035845134407281876,43.88099496402443
AB,hf500_lfx10,200,AR1/co-kriging,0.008168715052306652,0.010765506885945797,0.002596791833639145,31.78947750057547
AB,hf500_lfx10,200,FPCA-NARGP,0.008168715052306652,0.01090904138982296,0.002740326337516308,33.54660212737503
AB,hf500_lfx10,200,MF-DeepONet,0.008168715052306652,0.008859762769688213,0.0006910477173815606,8.45968690248811
AB,hf500_lfx10,366,HF-only,0.008156194351613522,0.011881946586072445,0.0037257522344589233,45.6800325475553
AB,hf500_lfx10,366,AR1/co-kriging,0.008156194351613522,0.010652359575033188,0.0024961652234196663,30.604533386650548
AB,hf500_lfx10,366,FPCA-NARGP,0.008156194351613522,0.010776868090033531,0.0026206737384200096,32.13108498207338
AB,hf500_lfx10,366,MF-DeepONet,0.008156194351613522,0.009310905973358105,0.0011547116217445839,14.157480461658565
AB,hf500_lfx10,250,HF-only,0.00813372153788805,0.011853421106934547,0.0037196995690464973,45.731828311549634
AB,hf500_lfx10,250,AR1/co-kriging,0.00813372153788805,0.010526243597269058,0.002392522059381008,29.4148508556175
AB,hf500_lfx10,250,FPCA-NARGP,0.00813372153788805,0.010635768063366413,0.002502046525478363,30.761398872871034
AB,hf500_lfx10,250,MF-DeepONet,0.00813372153788805,0.008312652570721977,0.00017893103283392678,2.1998667153828686
AB,hf500_lfx10,260,HF-only,0.006878288928419352,0.011778092011809349,0.0048998030833899975,71.23578457347509
AB,hf500_lfx10,260,AR1/co-kriging,0.006878288928419352,0.010696773417294025,0.003818484488874674,55.51503475083259
AB,hf500_lfx10,260,FPCA-NARGP,0.006878288928419352,0.010652530938386917,0.0037742420099675655,54.87181549430631
AB,hf500_lfx10,260,MF-DeepONet,0.006878288928419352,0.007886313242419302,0.0010080243139999508,14.655160963579895
AB,hf500_lfx10,290,HF-only,0.007297110743820667,0.011857431381940842,0.004560320638120174,62.49488048378519
AB,hf500_lfx10,290,AR1/co-kriging,0.007297110743820667,0.010700371116399765,0.0034032603725790977,46.63846407238706
AB,hf500_lfx10,290,FPCA-NARGP,0.007297110743820667,0.010696638375520706,0.003399527631700039,46.58731038964735
AB,hf500_lfx10,290,MF-DeepONet,0.007297110743820667,0.00866744776130095,0.001370337017480282,18.779172546349383
AB,hf500_lfx10,377,HF-only,0.008125407621264458,0.011722113005816936,0.003596705384552479,44.264922477732476
AB,hf500_lfx10,377,AR1/co-kriging,0.008125407621264458,0.010691899806261063,0.002566492184996605,31.586011491657487
AB,hf500_lfx10,377,FPCA-NARGP,0.008125407621264458,0.010799383744597435,0.0026739761233329773,32.908824368824206
AB,hf500_lfx10,377,MF-DeepONet,0.008125407621264458,0.010090737721068567,0.001965330099804109,24.187464696057535
AB,hf500_lfx10,300,HF-only,0.008668444119393826,0.011913834139704704,0.0032453900203108788,37.43912950941218
AB,hf500_lfx10,300,AR1/co-kriging,0.008668444119393826,0.01079939492046833,0.002130950801074505,24.582852144215238
AB,hf500_lfx10,300,FPCA-NARGP,0.008668444119393826,0.010752599686384201,0.0020841555669903755,24.043017850544995
AB,hf500_lfx10,300,MF-DeepONet,0.008668444119393826,0.009331580931698662,0.0006631368123048362,7.650009657687089
AB,hf500_lfx10,280,HF-only,0.007659371010959148,0.011738854460418224,0.004079483449459076,53.26133756443038
AB,hf500_lfx10,280,AR1/co-kriging,0.007659371010959148,0.010621177963912487,0.0029618069529533386,38.669062364462285
AB,hf500_lfx10,280,FPCA-NARGP,0.007659371010959148,0.010519741103053093,0.0028603700920939445,37.344712614146545
AB,hf500_lfx10,280,MF-DeepONet,0.007659371010959148,0.009127125063109792,0.0014677540521506431,19.16285358224008
AB,hf500_lfx10,270,HF-only,0.008161288686096668,0.01183465588837862,0.003673367202281952,45.00964668165449
AB,hf500_lfx10,270,AR1/co-kriging,0.008161288686096668,0.010610301978886127,0.0024490132927894592,30.00767877457302
AB,hf500_lfx10,270,FPCA-NARGP,0.008161288686096668,0.01084591168910265,0.0026846230030059814,32.89459675136142
AB,hf500_lfx10,270,MF-DeepONet,0.008161288686096668,0.008213558774316199,5.227008821953073e-05,0.640463659968021
AB,hf500_lfx10,230,HF-only,0.008363132365047932,0.01179023738950491,0.003427105024456978,40.97872513389708
AB,hf500_lfx10,230,AR1/co-kriging,0.008363132365047932,0.010637626983225346,0.002274494618177414,27.196683238964592
AB,hf500_lfx10,230,FPCA-NARGP,0.008363132365047932,0.010514507070183754,0.0021513747051358223,25.724508607887998
AB,hf500_lfx10,230,MF-DeepONet,0.008363132365047932,0.008285409610762963,-7.772275428496837e-05,-0.9293498045038167
AB,hf200_lfx10,388,HF-only,0.011502068489789963,0.01600230298936367,0.004500234499573708,39.125436468826706
AB,hf200_lfx10,388,AR1/co-kriging,0.011502068489789963,0.01344622764736414,0.0019441591575741768,16.902691540221202
AB,hf200_lfx10,388,FPCA-NARGP,0.011502068489789963,0.0143260657787323,0.002823997288942337,24.55208201419696
AB,hf200_lfx10,388,MF-DeepONet,0.011502068489789963,0.013243332983615743,0.00174126449382578,15.138707401816008
AB,hf200_lfx10,210,HF-only,0.009450789541006088,0.016007427126169205,0.0065566375851631165,69.37661194035145
AB,hf200_lfx10,210,AR1/co-kriging,0.009450789541006088,0.01348600909113884,0.0040352195501327515,42.69716866114003
AB,hf200_lfx10,210,FPCA-NARGP,0.009450789541006088,0.014270950108766556,0.0048201605677604675,51.00272889208085
AB,hf200_lfx10,210,MF-DeepONet,0.009450789541006088,0.013046438914725208,0.0035956493737191193,38.04602100298535
AB,hf200_lfx10,344,HF-only,0.009943941608071327,0.016047701239585876,0.006103759631514549,61.381692211066806
AB,hf200_lfx10,344,AR1/co-kriging,0.009943941608071327,0.013476969674229622,0.0035330280661582947,35.529453062059375
AB,hf200_lfx10,344,FPCA-NARGP,0.009943941608071327,0.014094612561166286,0.004150670953094959,41.740701189616104
AB,hf200_lfx10,344,MF-DeepONet,0.009943941608071327,0.012610647324929844,0.002666705716858517,26.817391150949618
AB,hf200_lfx10,333,HF-only,0.009691768325865269,0.016065435484051704,0.006373667158186436,65.76371766106371
AB,hf200_lfx10,333,AR1/co-kriging,0.009691768325865269,0.0134583730250597,0.0037666046991944313,38.86395725269417
AB,hf200_lfx10,333,FPCA-NARGP,0.009691768325865269,0.014177010394632816,0.004485242068767548,46.278882428476855
AB,hf200_lfx10,333,MF-DeepONet,0.009691768325865269,0.01205118529525449,0.0023594169693892213,24.34454570165941
AB,hf200_lfx10,311,HF-only,0.009587767533957958,0.016045283526182175,0.0064575159922242165,67.35161203432378
AB,hf200_lfx10,311,AR1/co-kriging,0.009587767533957958,0.013462159782648087,0.0038743922486901283,40.40974330017707
AB,hf200_lfx10,311,FPCA-NARGP,0.009587767533957958,0.014280470088124275,0.004692702554166317,48.94468433392551
AB,hf200_lfx10,311,MF-DeepONet,0.009587767533957958,0.01163487323978138,0.002047105705823421,21.351223823199522
AB,hf200_lfx10,355,HF-only,0.009404066018760204,0.015969833359122276,0.006565767340362072,69.81838842117867
AB,hf200_lfx10,355,AR1/co-kriging,0.009404066018760204,0.013373487628996372,0.003969421610236168,42.20963147555063
AB,hf200_lfx10,355,FPCA-NARGP,0.009404066018760204,0.01455279253423214,0.005148726515471935,54.75000393660277
AB,hf200_lfx10,355,MF-DeepONet,0.009404066018760204,0.012309498411405901,0.0029054323926456967,30.895491235914754
AB,hf200_lfx10,240,HF-only,0.011318374425172806,0.016140002757310867,0.0048216283321380615,42.600007306830605
AB,hf200_lfx10,240,AR1/co-kriging,0.011318374425172806,0.013369008898735046,0.0020506344735622406,18.11774727121145
AB,hf200_lfx10,240,FPCA-NARGP,0.011318374425172806,0.014117038808763027,0.0027986643835902214,24.726734409543905
AB,hf200_lfx10,240,MF-DeepONet,0.011318374425172806,0.011708063177167176,0.00038968875199437043,3.4429745593826366
AB,hf200_lfx10,220,HF-only,0.00864645279943943,0.016034478321671486,0.007388025522232056,85.44573935233925
AB,hf200_lfx10,220,AR1/co-kriging,0.00864645279943943,0.013458412140607834,0.004811959341168404,55.65240975444143
AB,hf200_lfx10,220,FPCA-NARGP,0.00864645279943943,0.014198293909430504,0.005551841109991074,64.20946530062608
AB,hf200_lfx10,220,MF-DeepONet,0.00864645279943943,0.011748972608222667,0.0031025198087832363,35.88199555064222
AB,hf200_lfx10,322,HF-only,0.009909099899232388,0.01610569655895233,0.006196596659719944,62.53440496850744
AB,hf200_lfx10,322,AR1/co-kriging,0.009909099899232388,0.013481242582201958,0.00357214268296957,36.049113635904384
AB,hf200_lfx10,322,FPCA-NARGP,0.009909099899232388,0.014265848323702812,0.004356748424470425,43.96714604530248
AB,hf200_lfx10,322,MF-DeepONet,0.009909099899232388,0.013851219103738134,0.0039421192045057465,39.78281826395881
AB,hf200_lfx10,399,HF-only,0.009695060551166534,0.016038058325648308,0.006342997774481773,65.42504547553926
AB,hf200_lfx10,399,AR1/co-kriging,0.009695060551166534,0.013376819901168346,0.003681759350001812,37.975619962051844
AB,hf200_lfx10,399,FPCA-NARGP,0.009695060551166534,0.014437110163271427,0.004742049612104893,48.91201645495981
AB,hf200_lfx10,399,MF-DeepONet,0.009695060551166534,0.012802356105369358,0.0031072955542028238,32.0502954860756
AB,hf200_lfx10,200,HF-only,0.009049233980476856,0.015965482220053673,0.0069162482395768166,76.42910167311598
AB,hf200_lfx10,200,AR1/co-kriging,0.009049233980476856,0.013377847149968147,0.004328613169491291,47.834028591038724
AB,hf200_lfx10,200,FPCA-NARGP,0.009049233980476856,0.014115755446255207,0.005066521465778351,55.98840163387362
AB,hf200_lfx10,200,MF-DeepONet,0.009049233980476856,0.013169115124899633,0.004119881144422776,45.52740213493381
AB,hf200_lfx10,366,HF-only,0.010195749811828136,0.016044126823544502,0.005848377011716366,57.36093097274353
AB,hf200_lfx10,366,AR1/co-kriging,0.010195749811828136,0.013396092690527439,0.0032003428786993027,31.38898990034622
AB,hf200_lfx10,366,FPCA-NARGP,0.010195749811828136,0.014564290642738342,0.004368540830910206,42.84668525155689
AB,hf200_lfx10,366,MF-DeepONet,0.010195749811828136,0.013015992895288802,0.0028202430834606655,27.66096790830321
AB,hf200_lfx10,250,HF-only,0.009556514210999012,0.0161314494907856,0.006574935279786587,68.80055985496475
AB,hf200_lfx10,250,AR1/co-kriging,0.009556514210999012,0.013387808576226234,0.0038312943652272224,40.090918933784636
AB,hf200_lfx10,250,FPCA-NARGP,0.009556514210999012,0.01459437608718872,0.005037861876189709,52.7165215784581
AB,hf200_lfx10,250,MF-DeepONet,0.009556514210999012,0.01386322528229553,0.0043067110712965186,45.06571095075373
AB,hf200_lfx10,260,HF-only,0.010403190739452839,0.016034293919801712,0.005631103180348873,54.12861612729638
AB,hf200_lfx10,260,AR1/co-kriging,0.010403190739452839,0.01333514042198658,0.002931949682533741,28.183177219030288
AB,hf200_lfx10,260,FPCA-NARGP,0.010403190739452839,0.01433718204498291,0.003933991305530071,37.81523769059512
AB,hf200_lfx10,260,MF-DeepONet,0.010403190739452839,0.011657082845833406,0.001253892106380567,12.052956999291892
AB,hf200_lfx10,290,HF-only,0.009209434501826763,0.016034932807087898,0.006825498305261135,74.11419565345999
AB,hf200_lfx10,290,AR1/co-kriging,0.009209434501826763,0.013442950323224068,0.0042335158213973045,45.969335256769064
AB,hf200_lfx10,290,FPCA-NARGP,0.009209434501826763,0.01418378297239542,0.004974348470568657,54.013614729351254
AB,hf200_lfx10,290,MF-DeepONet,0.009209434501826763,0.013107585514583632,0.0038981510127568692,42.32779995322884
AB,hf200_lfx10,377,HF-only,0.0090317502617836,0.0159675944596529,0.006935844197869301,76.79402105721647
AB,hf200_lfx10,377,AR1/co-kriging,0.0090317502617836,0.013456631451845169,0.004424881190061569,48.9925104415779
AB,hf200_lfx10,377,FPCA-NARGP,0.0090317502617836,0.014367041178047657,0.005335290916264057,59.072613409601054
AB,hf200_lfx10,377,MF-DeepONet,0.0090317502617836,0.013291632234327163,0.004259881972543563,47.16563068144797
AB,hf200_lfx10,300,HF-only,0.009606522507965565,0.01601710170507431,0.006410579197108746,66.73152737416898
AB,hf200_lfx10,300,AR1/co-kriging,0.009606522507965565,0.01343682873994112,0.0038303062319755554,39.87193314541793
AB,hf200_lfx10,300,FPCA-NARGP,0.009606522507965565,0.014330161735415459,0.004723639227449894,49.171167022542576
AB,hf200_lfx10,300,MF-DeepONet,0.009606522507965565,0.013715588290977763,0.004109065783012199,42.77370692261463
AB,hf200_lfx10,280,HF-only,0.00973452813923359,0.01609629951417446,0.006361771374940872,65.35264251074159
AB,hf200_lfx10,280,AR1/co-kriging,0.00973452813923359,0.013296443037688732,0.003561914898455143,36.590524445652036
AB,hf200_lfx10,280,FPCA-NARGP,0.00973452813923359,0.014274965971708298,0.0045404378324747086,46.64260832710668
AB,hf200_lfx10,280,MF-DeepONet,0.00973452813923359,0.012997791194604764,0.0032632630553711753,33.522560197027644
AB,hf200_lfx10,270,HF-only,0.009899408556520939,0.015990447252988815,0.0060910386964678764,61.52931926883235
AB,hf200_lfx10,270,AR1/co-kriging,0.009899408556520939,0.013394618406891823,0.003495209850370884,35.30725932175533
AB,hf200_lfx10,270,FPCA-NARGP,0.009899408556520939,0.014074140228331089,0.00417473167181015,42.17152618739198
AB,hf200_lfx10,270,MF-DeepONet,0.009899408556520939,0.013001201932434822,0.0031017933759138836,31.333118117149233
AB,hf200_lfx10,230,HF-only,0.010163158178329468,0.01607878878712654,0.005915630608797073,58.20661751984493
AB,hf200_lfx10,230,AR1/co-kriging,0.010163158178329468,0.013541307300329208,0.0033781491219997406,33.239167025884186
AB,hf200_lfx10,230,FPCA-NARGP,0.010163158178329468,0.014193140901625156,0.004029982723295689,39.652858418445895
AB,hf200_lfx10,230,MF-DeepONet,0.010163158178329468,0.011458926147131569,0.0012957679688021008,12.749658581178236
AB,hf400_lfx10,388,HF-only,0.009063645265996456,0.01290322095155716,0.0038395756855607033,42.36237819197771
AB,hf400_lfx10,388,AR1/co-kriging,0.009063645265996456,0.01195345539599657,0.0028898101300001144,31.88353080014776
AB,hf400_lfx10,388,FPCA-NARGP,0.009063645265996456,0.011563235893845558,0.002499590627849102,27.578204513659298
AB,hf400_lfx10,388,MF-DeepONet,0.009063645265996456,0.009849553939882386,0.0007859086738859298,8.670999921349273
AB,hf400_lfx10,210,HF-only,0.008563326671719551,0.012728598900139332,0.004165272228419781,48.640819019267624
AB,hf400_lfx10,210,AR1/co-kriging,0.008563326671719551,0.011741271242499352,0.0031779445707798004,37.11109820526858
AB,hf400_lfx10,210,FPCA-NARGP,0.008563326671719551,0.011653248220682144,0.003089921548962593,36.083191350939366
AB,hf400_lfx10,210,MF-DeepONet,0.008563326671719551,0.008672953438185565,0.00010962676646601374,1.2801890044444637
AB,hf400_lfx10,344,HF-only,0.009593039751052856,0.012713001109659672,0.0031199613586068153,32.52317763266219
AB,hf400_lfx10,344,AR1/co-kriging,0.009593039751052856,0.012000673450529575,0.002407633699476719,25.097714196508733
AB,hf400_lfx10,344,FPCA-NARGP,0.009593039751052856,0.011457214131951332,0.0018641743808984756,19.43257225316802
AB,hf400_lfx10,344,MF-DeepONet,0.009593039751052856,0.009142226223215213,-0.00045081352783764295,-4.699381421703848
AB,hf400_lfx10,333,HF-only,0.00848778709769249,0.012841102667152882,0.004353315569460392,51.28917018481643
AB,hf400_lfx10,333,AR1/co-kriging,0.00848778709769249,0.011793593876063824,0.003305806778371334,38.94780512661608
AB,hf400_lfx10,333,FPCA-NARGP,0.00848778709769249,0.011382855474948883,0.0028950683772563934,34.108635665984764
AB,hf400_lfx10,333,MF-DeepONet,0.00848778709769249,0.008767604914408731,0.0002798178167162414,3.2967110684516743
AB,hf400_lfx10,311,HF-only,0.009671863168478012,0.012803646735846996,0.0031317835673689842,32.38035436208316
AB,hf400_lfx10,311,AR1/co-kriging,0.009671863168478012,0.011976686306297779,0.002304823137819767,23.830187603682358
AB,hf400_lfx10,311,FPCA-NARGP,0.009671863168478012,0.01143671851605177,0.0017648553475737572,18.24731509152935
AB,hf400_lfx10,311,MF-DeepONet,0.009671863168478012,0.00894998826680592,-0.000721874901672092,-7.463659163673714
AB,hf400_lfx10,355,HF-only,0.009594759903848171,0.012729550711810589,0.0031347908079624176,32.67190465813685
AB,hf400_lfx10,355,AR1/co-kriging,0.009594759903848171,0.011853734031319618,0.002258974127471447,23.54383173846216
AB,hf400_lfx10,355,FPCA-NARGP,0.009594759903848171,0.011439952999353409,0.0018451930955052376,19.23125866615157
AB,hf400_lfx10,355,MF-DeepONet,0.009594759903848171,0.00896217562972099,-0.0006325842741271813,-6.593018277335639
AB,hf400_lfx10,240,HF-only,0.009063112549483776,0.01274114940315485,0.003678036853671074,40.582491209166
AB,hf400_lfx10,240,AR1/co-kriging,0.009063112549483776,0.012006165459752083,0.0029430529102683067,32.47287170052787
AB,hf400_lfx10,240,FPCA-NARGP,0.009063112549483776,0.011539673432707787,0.0024765608832240105,27.32572137554523
AB,hf400_lfx10,240,MF-DeepONet,0.009063112549483776,0.009473214199287112,0.00041010164980333566,4.524953734869976
AB,hf400_lfx10,220,HF-only,0.008829504251480103,0.012771476991474628,0.003941972739994526,44.64545944732659
AB,hf400_lfx10,220,AR1/co-kriging,0.008829504251480103,0.011855076998472214,0.003025572746992111,34.2666208749481
AB,hf400_lfx10,220,FPCA-NARGP,0.008829504251480103,0.011119754984974861,0.0022902507334947586,25.938610688259654
AB,hf400_lfx10,220,MF-DeepONet,0.008829504251480103,0.01026028305950895,0.0014307788080288476,16.204520291034505
AB,hf400_lfx10,322,HF-only,0.009021878242492676,0.012643648311495781,0.003621770069003105,40.14430223569985
AB,hf400_lfx10,322,AR1/co-kriging,0.009021878242492676,0.012021911330521107,0.003000033088028431,33.252866059512954
AB,hf400_lfx10,322,FPCA-NARGP,0.009021878242492676,0.011792793869972229,0.0027709156274795532,30.713289993525457
AB,hf400_lfx10,322,MF-DeepONet,0.009021878242492676,0.010337959273227795,0.0013160810307351195,14.587661187184194
AB,hf400_lfx10,399,HF-only,0.008063772693276405,0.012764543294906616,0.004700770601630211,58.29492943854588
AB,hf400_lfx10,399,AR1/co-kriging,0.008063772693276405,0.01198702771216631,0.003923255018889904,48.652847347261215
AB,hf400_lfx10,399,FPCA-NARGP,0.008063772693276405,0.011641294695436954,0.003577522002160549,44.36536269361234
AB,hf400_lfx10,399,MF-DeepONet,0.008063772693276405,0.009884738466635264,0.0018209657733588586,22.582057339949383
AB,hf400_lfx10,200,HF-only,0.00933980941772461,0.012717568315565586,0.0033777588978409767,36.165180109894315
AB,hf400_lfx10,200,AR1/co-kriging,0.00933980941772461,0.012088560499250889,0.0027487510815262794,29.43048362753357
AB,hf400_lfx10,200,FPCA-NARGP,0.00933980941772461,0.01164046861231327,0.002300659194588661,24.6328280555981
AB,hf400_lfx10,200,MF-DeepONet,0.00933980941772461,0.009149210903035757,-0.00019059851468885246,-2.040710962764876
AB,hf400_lfx10,366,HF-only,0.010553884319961071,0.012823945842683315,0.0022700615227222443,21.509251512533325
AB,hf400_lfx10,366,AR1/co-kriging,0.010553884319961071,0.01203899271786213,0.0014851083979010582,14.071675914546466
AB,hf400_lfx10,366,FPCA-NARGP,0.010553884319961071,0.011558017693459988,0.0010041333734989166,9.51434886963609
AB,hf400_lfx10,366,MF-DeepONet,0.010553884319961071,0.010047209614202881,-0.0005066747057581901,-4.800836264614837
AB,hf400_lfx10,250,HF-only,0.009478116407990456,0.012788784690201283,0.003310668282210827,34.92960140708752
AB,hf400_lfx10,250,AR1/co-kriging,0.009478116407990456,0.011956516653299332,0.002478400245308876,26.148658009934117
AB,hf400_lfx10,250,FPCA-NARGP,0.009478116407990456,0.01170242391526699,0.002224307507276535,23.467822207810713
AB,hf400_lfx10,250,MF-DeepONet,0.009478116407990456,0.01143991065515604,0.0019617942471655842,20.698144681064562
AB,hf400_lfx10,260,HF-only,0.008734638802707195,0.012832405976951122,0.004097767174243927,46.91398541830801
AB,hf400_lfx10,260,AR1/co-kriging,0.008734638802707195,0.01197329442948103,0.0032386556267738342,37.07830054483824
AB,hf400_lfx10,260,FPCA-NARGP,0.008734638802707195,0.011733274906873703,0.0029986361041665077,34.33039616059587
AB,hf400_lfx10,260,MF-DeepONet,0.008734638802707195,0.008832626441001492,9.798763829429666e-05,1.1218281660819973
AB,hf400_lfx10,290,HF-only,0.00862480141222477,0.012725578621029854,0.004100777208805084,47.546337739355415
AB,hf400_lfx10,290,AR1/co-kriging,0.00862480141222477,0.011944088153541088,0.0033192867413163185,38.48537007022064
AB,hf400_lfx10,290,FPCA-NARGP,0.00862480141222477,0.011730669066309929,0.0031058676540851593,36.01088889632764
AB,hf400_lfx10,290,MF-DeepONet,0.00862480141222477,0.010411494614205733,0.0017866932019809639,20.715760474768846
AB,hf400_lfx10,377,HF-only,0.00937321875244379,0.01271124929189682,0.0033380305394530296,35.612425439049275
AB,hf400_lfx10,377,AR1/co-kriging,0.00937321875244379,0.011835908517241478,0.0024626897647976875,26.273682817395187
AB,hf400_lfx10,377,FPCA-NARGP,0.00937321875244379,0.01157158613204956,0.00219836737960577,23.453708247581552
AB,hf400_lfx10,377,MF-DeepONet,0.00937321875244379,0.008469235047691112,-0.0009039837047526787,-9.64432526998254
AB,hf400_lfx10,300,HF-only,0.009061748161911964,0.012749053537845612,0.003687305375933647,40.69088337095932
AB,hf400_lfx10,300,AR1/co-kriging,0.009061748161911964,0.011952600441873074,0.002890852279961109,31.901706252573234
AB,hf400_lfx10,300,FPCA-NARGP,0.009061748161911964,0.011635323986411095,0.0025735758244991302,28.400434204476106
AB,hf400_lfx10,300,MF-DeepONet,0.009061748161911964,0.009236895824339371,0.00017514766242740683,1.932824211155874
AB,hf400_lfx10,280,HF-only,0.009139771573245525,0.012805658392608166,0.0036658868193626404,40.10917329809028
AB,hf400_lfx10,280,AR1/co-kriging,0.009139771573245525,0.012076552025973797,0.0029367804527282715,32.13188020283775
AB,hf400_lfx10,280,FPCA-NARGP,0.009139771573245525,0.011739887297153473,0.0026001157239079475,28.44836660381271
AB,hf400_lfx10,280,MF-DeepONet,0.009139771573245525,0.009397068338865389,0.00025729676561986325,2.8151334369563177
AB,hf400_lfx10,270,HF-only,0.009017624892294407,0.012741855345666409,0.0037242304533720016,41.29946075439853
AB,hf400_lfx10,270,AR1/co-kriging,0.009017624892294407,0.011899437755346298,0.0028818128630518913,31.957559750732266
AB,hf400_lfx10,270,FPCA-NARGP,0.009017624892294407,0.011731541715562344,0.0027139168232679367,30.095694328414442
AB,hf400_lfx10,270,MF-DeepONet,0.009017624892294407,0.008990785469584962,-2.683942270944456e-05,-0.297632946923518
AB,hf400_lfx10,230,HF-only,0.00978358369320631,0.012714782729744911,0.002931199036538601,29.960381885157442
AB,hf400_lfx10,230,AR1/co-kriging,0.00978358369320631,0.011906766332685947,0.002123182639479637,21.701481850193282
AB,hf400_lfx10,230,FPCA-NARGP,0.00978358369320631,0.011537614278495312,0.0017540305852890015,17.928303577624575
AB,hf400_lfx10,230,MF-DeepONet,0.00978358369320631,0.009289720745589728,-0.0004938629476165819,-5.047873694375597
AB,hf300_lfx10,388,HF-only,0.010448594577610493,0.013017329387366772,0.002568734809756279,24.58450072568255
AB,hf300_lfx10,388,AR1/co-kriging,0.010448594577610493,0.012268725782632828,0.001820131205022335,17.419866294004336
AB,hf300_lfx10,388,FPCA-NARGP,0.010448594577610493,0.011542972177267075,0.0010943775996565819,10.473921554977752
AB,hf300_lfx10,388,MF-DeepONet,0.010448594577610493,0.010653492261019434,0.0002048976834089413,1.9610071181056363
AB,hf300_lfx10,210,HF-only,0.008897511288523674,0.012868563644587994,0.00397105235606432,44.63104600031611
AB,hf300_lfx10,210,AR1/co-kriging,0.008897511288523674,0.012483170256018639,0.0035856589674949646,40.299571995147396
AB,hf300_lfx10,210,FPCA-NARGP,0.008897511288523674,0.01180745754390955,0.0029099462553858757,32.70517070474783
AB,hf300_lfx10,210,MF-DeepONet,0.008897511288523674,0.011361030623713027,0.002463519335189353,27.687734865443637
AB,hf300_lfx10,344,HF-only,0.009503788314759731,0.012811794877052307,0.003308006562292576,34.80724162548024
AB,hf300_lfx10,344,AR1/co-kriging,0.009503788314759731,0.012233554385602474,0.002729766070842743,28.722925852665682
AB,hf300_lfx10,344,FPCA-NARGP,0.009503788314759731,0.011647241190075874,0.002143452875316143,22.55366811976738
AB,hf300_lfx10,344,MF-DeepONet,0.009503788314759731,0.0102490361564189,0.0007452478416591687,7.841587133225301
AB,hf300_lfx10,333,HF-only,0.009697739966213703,0.012959498912096024,0.0032617589458823204,33.6342174284532
AB,hf300_lfx10,333,AR1/co-kriging,0.009697739966213703,0.012323779985308647,0.002626040019094944,27.07888671220199
AB,hf300_lfx10,333,FPCA-NARGP,0.009697739966213703,0.01158406026661396,0.0018863203004002571,19.45113301627054
AB,hf300_lfx10,333,MF-DeepONet,0.009697739966213703,0.01036396643139601,0.0006662264651823065,6.869914717278421
AB,hf300_lfx10,311,HF-only,0.009529564529657364,0.012706120498478413,0.0031765559688210487,33.33369493364732
AB,hf300_lfx10,311,AR1/co-kriging,0.009529564529657364,0.012403778731822968,0.0028742142021656036,30.16102355171256
AB,hf300_lfx10,311,FPCA-NARGP,0.009529564529657364,0.011683107353746891,0.002153542824089527,22.598543903946446
AB,hf300_lfx10,311,MF-DeepONet,0.009529564529657364,0.011504489625486591,0.001974925095829227,20.72419038333786
AB,hf300_lfx10,355,HF-only,0.010267464444041252,0.012945041991770267,0.0026775775477290154,26.078274361913703
AB,hf300_lfx10,355,AR1/co-kriging,0.010267464444041252,0.012296915054321289,0.002029450610280037,19.765840157915846
AB,hf300_lfx10,355,FPCA-NARGP,0.010267464444041252,0.011704064905643463,0.001436600461602211,13.991774399919597
AB,hf300_lfx10,355,MF-DeepONet,0.010267464444041252,0.011226286772528056,0.0009588223284868035,9.33845287424646
AB,hf300_lfx10,240,HF-only,0.009729531593620777,0.012925781309604645,0.0031962497159838676,32.85101328083982
AB,hf300_lfx10,240,AR1/co-kriging,0.009729531593620777,0.012321759946644306,0.002592228353023529,26.64288951713912
AB,hf300_lfx10,240,FPCA-NARGP,0.009729531593620777,0.01165961753576994,0.0019300859421491623,19.83739837398374
AB,hf300_lfx10,240,MF-DeepONet,0.009729531593620777,0.012093901493960545,0.002364369900339768,24.30096328470715
AB,hf300_lfx10,220,HF-only,0.007965127937495708,0.012867075391113758,0.00490194745361805,61.54260787880396
AB,hf300_lfx10,220,AR1/co-kriging,0.007965127937495708,0.012311798520386219,0.0043466705828905106,54.57125882973744
AB,hf300_lfx10,220,FPCA-NARGP,0.007965127937495708,0.011662019416689873,0.0036968914791941643,46.41346012524304
AB,hf300_lfx10,220,MF-DeepONet,0.007965127937495708,0.01254555824753594,0.004580430310040231,57.506048188854955
AB,hf300_lfx10,322,HF-only,0.009213224984705448,0.01294668111950159,0.0037334561347961426,40.52279349515422
AB,hf300_lfx10,322,AR1/co-kriging,0.009213224984705448,0.012216335162520409,0.0030031101778149605,32.59564574619982
AB,hf300_lfx10,322,FPCA-NARGP,0.009213224984705448,0.011589931324124336,0.002376706339418888,25.796681871596263
AB,hf300_lfx10,322,MF-DeepONet,0.009213224984705448,0.010842893528331548,0.0016296685436260998,17.68836152738542
AB,hf300_lfx10,399,HF-only,0.009306954219937325,0.013002078048884869,0.003695123828947544,39.702825882949575
AB,hf300_lfx10,399,AR1/co-kriging,0.009306954219937325,0.012389488518238068,0.003082534298300743,33.12076352215582
AB,hf300_lfx10,399,FPCA-NARGP,0.009306954219937325,0.01149303000420332,0.002186075784265995,23.48862724158448
AB,hf300_lfx10,399,MF-DeepONet,0.009306954219937325,0.012611581644904989,0.0033046274249676644,35.5070772550756
AB,hf300_lfx10,200,HF-only,0.009518848732113838,0.01292792335152626,0.003409074619412422,35.81393838008153
AB,hf300_lfx10,200,AR1/co-kriging,0.009518848732113838,0.012310542166233063,0.0027916934341192245,29.32805754860732
AB,hf300_lfx10,200,FPCA-NARGP,0.009518848732113838,0.011755112558603287,0.0022362638264894485,23.49300728926327
AB,hf300_lfx10,200,MF-DeepONet,0.009518848732113838,0.011356252431568922,0.0018374036994550837,19.302793343655267
AB,hf300_lfx10,366,HF-only,0.008856797590851784,0.012957355007529259,0.004100557416677475,46.29842078487776
AB,hf300_lfx10,366,AR1/co-kriging,0.008856797590851784,0.012329118326306343,0.0034723207354545593,39.20514948925931
AB,hf300_lfx10,366,FPCA-NARGP,0.008856797590851784,0.011636410839855671,0.002779613249003887,31.383953629864582
AB,hf300_lfx10,366,MF-DeepONet,0.008856797590851784,0.010192966413804362,0.001336168822952578,15.086365125163427
AB,hf300_lfx10,250,HF-only,0.008840014226734638,0.01298499759286642,0.0041449833661317825,46.8888766445218
AB,hf300_lfx10,250,AR1/co-kriging,0.008840014226734638,0.012444869615137577,0.003604855388402939,40.77884148083001
AB,hf300_lfx10,250,FPCA-NARGP,0.008840014226734638,0.011662407778203487,0.002822393551468849,31.927477479992664
AB,hf300_lfx10,250,MF-DeepONet,0.008840014226734638,0.009980994412335735,0.0011409801856010968,12.906994902230569
AB,hf300_lfx10,260,HF-only,0.010258091613650322,0.013013109564781189,0.002755017951130867,26.85702228926087
AB,hf300_lfx10,260,AR1/co-kriging,0.010258091613650322,0.01241808570921421,0.0021599940955638885,21.05649059216443
AB,hf300_lfx10,260,FPCA-NARGP,0.010258091613650322,0.011511756107211113,0.001253664493560791,12.2212253582582
AB,hf300_lfx10,260,MF-DeepONet,0.010258091613650322,0.010800925057032345,0.0005428334433820233,5.291758582655679
AB,hf300_lfx10,290,HF-only,0.008531790226697922,0.012857155874371529,0.004325365647673607,50.69704637297046
AB,hf300_lfx10,290,AR1/co-kriging,0.008531790226697922,0.012453497387468815,0.003921707160770893,45.96581791824856
AB,hf300_lfx10,290,FPCA-NARGP,0.008531790226697922,0.011661005206406116,0.0031292149797081947,36.677120470170095
AB,hf300_lfx10,290,MF-DeepONet,0.008531790226697922,0.010944452636290866,0.002412662409592944,28.27850129323588
AB,hf300_lfx10,377,HF-only,0.009426279924809933,0.012853064574301243,0.00342678464949131,36.353520973549976
AB,hf300_lfx10,377,AR1/co-kriging,0.009426279924809933,0.01226805243641138,0.002841772511601448,30.147338443895705
AB,hf300_lfx10,377,FPCA-NARGP,0.009426279924809933,0.01160805020481348,0.0021817702800035477,23.1456130881615
AB,hf300_lfx10,377,MF-DeepONet,0.009426279924809933,0.010697751476041826,0.0012714715512318932,13.488582573125
AB,hf300_lfx10,300,HF-only,0.009592389687895775,0.013000739738345146,0.0034083500504493713,35.531813878977644
AB,hf300_lfx10,300,AR1/co-kriging,0.009592389687895775,0.012325276620686054,0.0027328869327902794,28.49015752809534
AB,hf300_lfx10,300,FPCA-NARGP,0.009592389687895775,0.011555308476090431,0.0019629187881946564,20.463292798368894
AB,hf300_lfx10,300,MF-DeepONet,0.009592389687895775,0.012135969385176382,0.002543579697280607,26.516642672370175
AB,hf300_lfx10,280,HF-only,0.009133394807577133,0.012943665497004986,0.0038102706894278526,41.718011426231385
AB,hf300_lfx10,280,AR1/co-kriging,0.009133394807577133,0.012421198189258575,0.0032878033816814423,35.997604953569464
AB,hf300_lfx10,280,FPCA-NARGP,0.009133394807577133,0.011436847038567066,0.002303452230989933,25.220110150926267
AB,hf300_lfx10,280,MF-DeepONet,0.009133394807577133,0.01047503377359907,0.001341638966021937,14.689378859533184
AB,hf300_lfx10,270,HF-only,0.008756781928241253,0.013000203296542168,0.004243421368300915,48.45868497210802
AB,hf300_lfx10,270,AR1/co-kriging,0.008756781928241253,0.012200272642076015,0.0034434907138347626,39.32370067055406
AB,hf300_lfx10,270,FPCA-NARGP,0.008756781928241253,0.011561862193048,0.0028050802648067474,32.03323193147201
AB,hf300_lfx10,270,MF-DeepONet,0.008756781928241253,0.01334088169293157,0.0045840997646903175,52.34913695756503
AB,hf300_lfx10,230,HF-only,0.010176713578402996,0.012874054722487926,0.0026973411440849304,26.505031543869162
AB,hf300_lfx10,230,AR1/co-kriging,0.010176713578402996,0.012282104231417179,0.002105390653014183,20.688315896816036
AB,hf300_lfx10,230,FPCA-NARGP,0.010176713578402996,0.011596165597438812,0.0014194520190358162,13.948039395037853
AB,hf300_lfx10,230,MF-DeepONet,0.010176713578402996,0.010110104193193154,-6.660938520984191e-05,-0.6545274630819937
AB,hf50_lfx10,388,HF-only,0.019871016964316368,0.02322443015873432,0.0033534131944179535,16.87590122055599
AB,hf50_lfx10,388,AR1/co-kriging,0.019871016964316368,0.0183907151222229,-0.0014803018420934677,-7.449552505298237
AB,hf50_lfx10,388,FPCA-NARGP,0.019871016964316368,0.019772149622440338,-9.886734187602997e-05,-0.49754545554247304
AB,hf50_lfx10,388,MF-DeepONet,0.019871016964316368,0.021672731275897188,0.0018017143115808196,9.067046315829083
AB,hf50_lfx10,210,HF-only,0.017312360927462578,0.02312922477722168,0.005816863849759102,33.59948347964383
AB,hf50_lfx10,210,AR1/co-kriging,0.017312360927462578,0.01839437521994114,0.0010820142924785614,6.249952256726369
AB,hf50_lfx10,210,FPCA-NARGP,0.017312360927462578,0.019766176119446754,0.0024538151919841766,14.17377561769575
AB,hf50_lfx10,210,MF-DeepONet,0.017312360927462578,0.024029431590676786,0.006717070663214208,38.79927579697652
AB,hf50_lfx10,344,HF-only,0.017068732529878616,0.023115454241633415,0.006046721711754799,35.425721864058055
AB,hf50_lfx10,344,AR1/co-kriging,0.017068732529878616,0.018471455201506615,0.0014027226716279984,8.218083382421915
AB,hf50_lfx10,344,FPCA-NARGP,0.017068732529878616,0.019807714968919754,0.0027389824390411377,16.04678281909088
AB,hf50_lfx10,344,MF-DeepONet,0.017068732529878616,0.021294220479423403,0.0042254879495447865,24.755721856606044
AB,hf50_lfx10,333,HF-only,0.01948055811226368,0.023108890280127525,0.003628332167863846,18.625401525738045
AB,hf50_lfx10,333,AR1/co-kriging,0.01948055811226368,0.01846003532409668,-0.0010205227881669998,-5.238673257130891
AB,hf50_lfx10,333,FPCA-NARGP,0.01948055811226368,0.019820619374513626,0.0003400612622499466,1.745644351102376
AB,hf50_lfx10,333,MF-DeepONet,0.01948055811226368,0.02326115796541901,0.00378059985315533,19.407040760168535
AB,hf50_lfx10,311,HF-only,0.016823943704366684,0.02321186289191246,0.006387919187545776,37.96921399521671
AB,hf50_lfx10,311,AR1/co-kriging,0.016823943704366684,0.018484722822904587,0.0016607791185379028,9.87152089736751
AB,hf50_lfx10,311,FPCA-NARGP,0.016823943704366684,0.01972838118672371,0.002904437482357025,17.263713748656762
AB,hf50_lfx10,311,MF-DeepONet,0.016823943704366684,0.02126704789754866,0.004443104193181977,26.4094095371275
AB,hf50_lfx10,355,HF-only,0.01928504928946495,0.02325902134180069,0.003973972052335739,20.606491550460508
AB,hf50_lfx10,355,AR1/co-kriging,0.01928504928946495,0.018436860293149948,-0.0008481889963150024,-4.398168672445923
AB,hf50_lfx10,355,FPCA-NARGP,0.01928504928946495,0.0197516568005085,0.0004666075110435486,2.4195297820599673
AB,hf50_lfx10,355,MF-DeepONet,0.01928504928946495,0.022438579085950955,0.0031535297964860043,16.352199826674628
AB,hf50_lfx10,240,HF-only,0.01811082474887371,0.023251142352819443,0.005140317603945732,28.382570508090208
AB,hf50_lfx10,240,AR1/co-kriging,0.01811082474887371,0.018444979563355446,0.00033415481448173523,1.845055755964487
AB,hf50_lfx10,240,FPCA-NARGP,0.01811082474887371,0.019665509462356567,0.0015546847134828568,8.584284454409183
AB,hf50_lfx10,240,MF-DeepONet,0.01811082474887371,0.02055423012066839,0.002443405371794681,13.491408622606397
AB,hf50_lfx10,220,HF-only,0.017490463331341743,0.023125313222408295,0.005634849891066551,32.21669880505267
AB,hf50_lfx10,220,AR1/co-kriging,0.017490463331341743,0.018443865701556206,0.0009534023702144623,5.450984071451263
AB,hf50_lfx10,220,FPCA-NARGP,0.017490463331341743,0.019810723140835762,0.0023202598094940186,13.265856744551002
AB,hf50_lfx10,220,MF-DeepONet,0.017490463331341743,0.028298262741168482,0.010807799409826738,61.792527762600116
AB,hf50_lfx10,322,HF-only,0.018729817122220993,0.023131616413593292,0.004401799291372299,23.501560440491538
AB,hf50_lfx10,322,AR1/co-kriging,0.018729817122220993,0.018395913764834404,-0.00033390335738658905,-1.7827368799583592
AB,hf50_lfx10,322,FPCA-NARGP,0.018729817122220993,0.019872650504112244,0.0011428333818912506,6.101679340666903
AB,hf50_lfx10,322,MF-DeepONet,0.018729817122220993,0.01965256896997425,0.0009227518477532559,4.926646329389443
AB,hf50_lfx10,399,HF-only,0.019024116918444633,0.023121541365981102,0.0040974244475364685,21.53805333042215
AB,hf50_lfx10,399,AR1/co-kriging,0.019024116918444633,0.018443888053297997,-0.000580228865146637,-3.049964776993576
AB,hf50_lfx10,399,FPCA-NARGP,0.019024116918444633,0.019831793382763863,0.0008076764643192291,4.245539847035711
AB,hf50_lfx10,399,MF-DeepONet,0.019024116918444633,0.026893917206529304,0.00786980028808467,41.36749328140739
AB,hf50_lfx10,200,HF-only,0.019173888489603996,0.023209594190120697,0.004035705700516701,21.04792516502244
AB,hf50_lfx10,200,AR1/co-kriging,0.019173888489603996,0.01833890937268734,-0.0008349791169166565,-4.354771946073321
AB,hf50_lfx10,200,FPCA-NARGP,0.019173888489603996,0.019681332632899284,0.0005074441432952881,2.6465374698012987
AB,hf50_lfx10,200,MF-DeepONet,0.019173888489603996,0.022585809067799202,0.003411920578195206,17.794619907407593
AB,hf50_lfx10,366,HF-only,0.0195667315274477,0.023209478706121445,0.003642747178673744,18.61704482204293
AB,hf50_lfx10,366,AR1/co-kriging,0.0195667315274477,0.01843395084142685,-0.0011327806860208511,-5.7893199200480465
AB,hf50_lfx10,366,FPCA-NARGP,0.0195667315274477,0.019824456423521042,0.00025772489607334137,1.31715864610199
AB,hf50_lfx10,366,MF-DeepONet,0.0195667315274477,0.02298185863166079,0.00341512710421309,17.45374335730236
AB,hf50_lfx10,250,HF-only,0.018258413299918175,0.023221148177981377,0.004962734878063202,27.180537522860448
AB,hf50_lfx10,250,AR1/co-kriging,0.018258413299918175,0.018347039818763733,8.862651884555817e-05,0.48540098961367767
AB,hf50_lfx10,250,FPCA-NARGP,0.018258413299918175,0.019739428535103798,0.0014810152351856232,8.111412590229078
AB,hf50_lfx10,250,MF-DeepONet,0.018258413299918175,0.025841246084004534,0.0075828327840863595,41.530622949149375
AB,hf50_lfx10,260,HF-only,0.02035018987953663,0.02311135083436966,0.0027611609548330307,13.568231899445559
AB,hf50_lfx10,260,AR1/co-kriging,0.02035018987953663,0.018374232575297356,-0.001975957304239273,-9.709773304013344
AB,hf50_lfx10,260,FPCA-NARGP,0.02035018987953663,0.01978863961994648,-0.0005615502595901489,-2.7594349876549424
AB,hf50_lfx10,260,MF-DeepONet,0.02035018987953663,0.024066253228371165,0.0037160633488345363,18.260583173090033
AB,hf50_lfx10,290,HF-only,0.019234674051404,0.023236749693751335,0.004002075642347336,20.806568552458582
AB,hf50_lfx10,290,AR1/co-kriging,0.019234674051404,0.01845153048634529,-0.0007831435650587082,-4.071519813466993
AB,hf50_lfx10,290,FPCA-NARGP,0.019234674051404,0.019882991909980774,0.0006483178585767746,3.3705684684032993
AB,hf50_lfx10,290,MF-DeepONet,0.019234674051404,0.021587648706682023,0.0023529746552780235,12.232984291752386
AB,hf50_lfx10,377,HF-only,0.019507374614477158,0.023111825808882713,0.0036044511944055557,18.477377225998197
AB,hf50_lfx10,377,AR1/co-kriging,0.019507374614477158,0.018502051010727882,-0.0010053236037492752,-5.153556660583053
AB,hf50_lfx10,377,FPCA-NARGP,0.019507374614477158,0.01974523440003395,0.0002378597855567932,1.219332638336009
AB,hf50_lfx10,377,MF-DeepONet,0.019507374614477158,0.026217129092625545,0.006709754478148387,34.395989264330964
AB,hf50_lfx10,300,HF-only,0.017659956589341164,0.023209737613797188,0.005549781024456024,31.425790864093333
AB,hf50_lfx10,300,AR1/co-kriging,0.017659956589341164,0.018413491547107697,0.0007535349577665329,4.266912854255464
AB,hf50_lfx10,300,FPCA-NARGP,0.017659956589341164,0.01983870379626751,0.002178747206926346,12.337217228729484
AB,hf50_lfx10,300,MF-DeepONet,0.017659956589341164,0.023455600625849803,0.005795644036508639,32.81799707257863
AB,hf50_lfx10,280,HF-only,0.01898048259317875,0.023119036108255386,0.004138553515076637,21.8042586365215
AB,hf50_lfx10,280,AR1/co-kriging,0.01898048259317875,0.01827087253332138,-0.0007096100598573685,-3.738630229098547
AB,hf50_lfx10,280,FPCA-NARGP,0.01898048259317875,0.01986142061650753,0.0008809380233287811,4.641283586990432
AB,hf50_lfx10,280,MF-DeepONet,0.01898048259317875,0.023509465941401745,0.004528983348222996,23.861265518352166
AB,hf50_lfx10,270,HF-only,0.018540646880865097,0.023225853219628334,0.004685206338763237,25.269918406129676
AB,hf50_lfx10,270,AR1/co-kriging,0.018540646880865097,0.01841062493622303,-0.00013002194464206696,-0.7012805188380795
AB,hf50_lfx10,270,FPCA-NARGP,0.018540646880865097,0.019760634750127792,0.0012199878692626953,6.580071758562997
AB,hf50_lfx10,270,MF-DeepONet,0.018540646880865097,0.022563775101271517,0.00402312822040642,21.69896361360776
AB,hf50_lfx10,230,HF-only,0.01894923485815525,0.023136744275689125,0.0041875094175338745,22.09856729772749
AB,hf50_lfx10,230,AR1/co-kriging,0.01894923485815525,0.018398845568299294,-0.000550389289855957,-2.9045462467266008
AB,hf50_lfx10,230,FPCA-NARGP,0.01894923485815525,0.01980036310851574,0.0008511282503604889,4.491623312136984
AB,hf50_lfx10,230,MF-DeepONet,0.01894923485815525,0.024715455298112903,0.005766220439957653,30.429832566437494
TM,hf100_lfx10,388,HF-only,0.019061706960201263,0.04368496686220169,0.024623259902000427,129.1765735010567
TM,hf100_lfx10,388,AR1/co-kriging,0.019061706960201263,0.027486946433782578,0.008425239473581314,44.19981637096973
TM,hf100_lfx10,388,FPCA-NARGP,0.019061706960201263,0.02878732979297638,0.009725622832775116,51.021783374810774
TM,hf100_lfx10,388,MF-DeepONet,0.019061706960201263,0.026544393175724976,0.007482686215523712,39.25506897754086
TM,hf100_lfx10,210,HF-only,0.018951069563627243,0.044117871671915054,0.02516680210828781,132.79884823276896
TM,hf100_lfx10,210,AR1/co-kriging,0.018951069563627243,0.02740742266178131,0.008456353098154068,44.62203607961174
TM,hf100_lfx10,210,FPCA-NARGP,0.018951069563627243,0.029045898467302322,0.01009482890367508,53.267858417078834
TM,hf100_lfx10,210,MF-DeepONet,0.018951069563627243,0.02872486120639845,0.009773791642771208,51.57382600468118
TM,hf100_lfx10,344,HF-only,0.019268030300736427,0.044258568435907364,0.024990538135170937,129.69949571968337
TM,hf100_lfx10,344,AR1/co-kriging,0.019268030300736427,0.027530184015631676,0.008262153714895248,42.88011584961784
TM,hf100_lfx10,344,FPCA-NARGP,0.019268030300736427,0.02902226336300373,0.009754233062267303,50.62392424146486
TM,hf100_lfx10,344,MF-DeepONet,0.019268030300736427,0.030366327460513893,0.011098297159777466,57.59954176194796
TM,hf100_lfx10,333,HF-only,0.018982209265232086,0.043991927057504654,0.025009717792272568,131.75346158510905
TM,hf100_lfx10,333,AR1/co-kriging,0.018982209265232086,0.027401544153690338,0.008419334888458252,44.35381978366001
TM,hf100_lfx10,333,FPCA-NARGP,0.018982209265232086,0.029002437368035316,0.01002022810280323,52.78747042977938
TM,hf100_lfx10,333,MF-DeepONet,0.018982209265232086,0.02924434347188151,0.010262134206649422,54.06185372450614
TM,hf100_lfx10,311,HF-only,0.018449874594807625,0.04404901713132858,0.025599142536520958,138.74968312101896
TM,hf100_lfx10,311,AR1/co-kriging,0.018449874594807625,0.027370557188987732,0.008920682594180107,48.35091180885678
TM,hf100_lfx10,311,FPCA-NARGP,0.018449874594807625,0.028879506513476372,0.010429631918668747,56.52955452393142
TM,hf100_lfx10,311,MF-DeepONet,0.018449874594807625,0.029112542970103326,0.010662668375295701,57.79263333473557
TM,hf100_lfx10,355,HF-only,0.019162511453032494,0.04372013732790947,0.024557625874876976,128.15452679607245
TM,hf100_lfx10,355,AR1/co-kriging,0.019162511453032494,0.027480101212859154,0.00831758975982666,43.40553053399684
TM,hf100_lfx10,355,FPCA-NARGP,0.019162511453032494,0.028808139264583588,0.009645627811551094,50.335927183619035
TM,hf100_lfx10,355,MF-DeepONet,0.019162511453032494,0.027850409375126242,0.008687897922093749,45.3379920653296
TM,hf100_lfx10,240,HF-only,0.017531512305140495,0.0438135489821434,0.026282036677002907,149.91311770232525
TM,hf100_lfx10,240,AR1/co-kriging,0.017531512305140495,0.027391396462917328,0.009859884157776833,56.24092198187472
TM,hf100_lfx10,240,FPCA-NARGP,0.017531512305140495,0.028836816549301147,0.011305304244160652,64.48561908059564
TM,hf100_lfx10,240,MF-DeepONet,0.017531512305140495,0.030842886650769577,0.013311374345629082,75.92827198213809
TM,hf100_lfx10,220,HF-only,0.0190130602568388,0.04389176890254021,0.02487870864570141,130.8506274614724
TM,hf100_lfx10,220,AR1/co-kriging,0.0190130602568388,0.027593808248639107,0.008580747991800308,45.13080943249997
TM,hf100_lfx10,220,FPCA-NARGP,0.0190130602568388,0.028832286596298218,0.00981922633945942,51.64463903661982
TM,hf100_lfx10,220,MF-DeepONet,0.0190130602568388,0.030424343480812504,0.011411283223973705,60.018130010760295
TM,hf100_lfx10,322,HF-only,0.019716691225767136,0.04390988126397133,0.024193190038204193,122.70410770843162
TM,hf100_lfx10,322,AR1/co-kriging,0.019716691225767136,0.02738042362034321,0.007663732394576073,38.86926212325412
TM,hf100_lfx10,322,FPCA-NARGP,0.019716691225767136,0.028628412634134293,0.008911721408367157,45.198868848342585
TM,hf100_lfx10,322,MF-DeepONet,0.019716691225767136,0.030313629493167977,0.010596938267400841,53.74602739404891
TM,hf100_lfx10,399,HF-only,0.021958893164992332,0.04398149624466896,0.022022603079676628,100.29013263193914
TM,hf100_lfx10,399,AR1/co-kriging,0.021958893164992332,0.027265770360827446,0.0053068771958351135,24.167325538499956
TM,hf100_lfx10,399,FPCA-NARGP,0.021958893164992332,0.029141275212168694,0.007182382047176361,32.70830634864045
TM,hf100_lfx10,399,MF-DeepONet,0.021958893164992332,0.0297317123192485,0.007772819154256167,35.39713543780922
TM,hf100_lfx10,200,HF-only,0.018877996131777763,0.04397355020046234,0.025095554068684578,132.93547627356836
TM,hf100_lfx10,200,AR1/co-kriging,0.018877996131777763,0.02763323299586773,0.008755236864089966,46.37799903641295
TM,hf100_lfx10,200,FPCA-NARGP,0.018877996131777763,0.029083946719765663,0.0102059505879879,54.06267972906292
TM,hf100_lfx10,200,MF-DeepONet,0.018877996131777763,0.026626194567040563,0.007748198435262799,41.04354286957438
TM,hf100_lfx10,366,HF-only,0.02078111283481121,0.0438300259411335,0.02304891310632229,110.91279514017268
TM,hf100_lfx10,366,AR1/co-kriging,0.02078111283481121,0.02753450721502304,0.00675339438021183,32.497751366322255
TM,hf100_lfx10,366,FPCA-NARGP,0.02078111283481121,0.029115084558725357,0.008333971723914146,40.10358728216711
TM,hf100_lfx10,366,MF-DeepONet,0.02078111283481121,0.027709584408659685,0.006928471573848474,33.34023364832674
TM,hf100_lfx10,250,HF-only,0.01838245615363121,0.043898142874240875,0.025515686720609665,138.8045564061872
TM,hf100_lfx10,250,AR1/co-kriging,0.01838245615363121,0.02746361494064331,0.0090811587870121,49.40122642543737
TM,hf100_lfx10,250,FPCA-NARGP,0.01838245615363121,0.028925491496920586,0.010543035343289375,57.353790239868125
TM,hf100_lfx10,250,MF-DeepONet,0.01838245615363121,0.02840733083163155,0.01002487467800034,54.53501204745188
TM,hf100_lfx10,260,HF-only,0.018299343064427376,0.043845437467098236,0.02554609440267086,139.60115569575092
TM,hf100_lfx10,260,AR1/co-kriging,0.018299343064427376,0.027550900354981422,0.009251557290554047,50.55677276491098
TM,hf100_lfx10,260,FPCA-NARGP,0.018299343064427376,0.028708359226584435,0.010409016162157059,56.88191169218226
TM,hf100_lfx10,260,MF-DeepONet,0.018299343064427376,0.027613082443315704,0.009313739378888328,50.89657779570009
TM,hf100_lfx10,290,HF-only,0.021688133478164673,0.04400680586695671,0.022318672388792038,102.90729910557856
TM,hf100_lfx10,290,AR1/co-kriging,0.021688133478164673,0.027514006942510605,0.005825873464345932,26.862032503679234
TM,hf100_lfx10,290,FPCA-NARGP,0.021688133478164673,0.028712190687656403,0.00702405720949173,32.38663768167721
TM,hf100_lfx10,290,MF-DeepONet,0.021688133478164673,0.02932444341172657,0.007636309933561899,35.20962253967145
TM,hf100_lfx10,377,HF-only,0.017531516030430794,0.04388143867254257,0.026349922642111778,150.30030829264396
TM,hf100_lfx10,377,AR1/co-kriging,0.017531516030430794,0.027491841465234756,0.009960325434803963,56.81382840773761
TM,hf100_lfx10,377,FPCA-NARGP,0.017531516030430794,0.029157863929867744,0.01162634789943695,66.31684264644431
TM,hf100_lfx10,377,MF-DeepONet,0.017531516030430794,0.026507116142346222,0.008975600111915429,51.19694210321453
TM,hf100_lfx10,300,HF-only,0.02011040784418583,0.04364616796374321,0.02353576011955738,117.03273400475497
TM,hf100_lfx10,300,AR1/co-kriging,0.02011040784418583,0.027429677546024323,0.007319269701838493,36.39543145294582
TM,hf100_lfx10,300,FPCA-NARGP,0.02011040784418583,0.028929701074957848,0.008819293230772018,43.854372815824256
TM,hf100_lfx10,300,MF-DeepONet,0.02011040784418583,0.02943464976985872,0.00932424192567289,46.36525523458563
TM,hf100_lfx10,280,HF-only,0.018198441714048386,0.04418541491031647,0.02598697319626808,142.79779337484317
TM,hf100_lfx10,280,AR1/co-kriging,0.018198441714048386,0.027650250121951103,0.009451808407902718,51.937460121139615
TM,hf100_lfx10,280,FPCA-NARGP,0.018198441714048386,0.028704525902867317,0.010506084188818932,57.7306802082329
TM,hf100_lfx10,280,MF-DeepONet,0.018198441714048386,0.026202834117828724,0.008004392403780338,43.98394395274681
TM,hf100_lfx10,270,HF-only,0.022288566455245018,0.04407607764005661,0.021787511184811592,97.7519627767917
TM,hf100_lfx10,270,AR1/co-kriging,0.022288566455245018,0.02727767452597618,0.004989108070731163,22.384158625675585
TM,hf100_lfx10,270,FPCA-NARGP,0.022288566455245018,0.029376503080129623,0.007087936624884605,31.80077390404195
TM,hf100_lfx10,270,MF-DeepONet,0.022288566455245018,0.031625549190801086,0.009336982735556068,41.89135606502346
TM,hf100_lfx10,230,HF-only,0.01942167989909649,0.04371495544910431,0.02429327555000782,125.0832866993033
TM,hf100_lfx10,230,AR1/co-kriging,0.01942167989909649,0.027645835652947426,0.008224155753850937,42.34523376236641
TM,hf100_lfx10,230,FPCA-NARGP,0.01942167989909649,0.028848107904195786,0.009426428005099297,48.53559555132932
TM,hf100_lfx10,230,MF-DeepONet,0.01942167989909649,0.024509243915322835,0.005087564016226346,26.195283017011434
TM,hf500_lfx10,388,HF-only,0.012374340556561947,0.024828825145959854,0.012454484589397907,100.64766306107084
TM,hf500_lfx10,388,AR1/co-kriging,0.012374340556561947,0.019630329683423042,0.007255989126861095,58.63738026034318
TM,hf500_lfx10,388,FPCA-NARGP,0.012374340556561947,0.02336183749139309,0.010987496934831142,88.7925856299843
TM,hf500_lfx10,388,MF-DeepONet,0.012374340556561947,0.019593177674818132,0.007218837118256185,58.33714600999996
TM,hf500_lfx10,210,HF-only,0.013525587506592274,0.02469807304441929,0.011172485537827015,82.60258959088931
TM,hf500_lfx10,210,AR1/co-kriging,0.013525587506592274,0.019709253683686256,0.006183666177093983,45.71828154658797
TM,hf500_lfx10,210,FPCA-NARGP,0.013525587506592274,0.023456720635294914,0.00993113312870264,73.4247819095642
TM,hf500_lfx10,210,MF-DeepONet,0.013525587506592274,0.016005236581793265,0.0024796490752009917,18.333023049774575
TM,hf500_lfx10,344,HF-only,0.012812838889658451,0.025139331817626953,0.012326492927968502,96.20422947733707
TM,hf500_lfx10,344,AR1/co-kriging,0.012812838889658451,0.019811924546957016,0.006999085657298565,54.62556516610612
TM,hf500_lfx10,344,FPCA-NARGP,0.012812838889658451,0.022962572053074837,0.010149733163416386,79.21533432851074
TM,hf500_lfx10,344,MF-DeepONet,0.012812838889658451,0.017122536828597698,0.004309697938939247,33.63577717673253
TM,hf500_lfx10,333,HF-only,0.012805704958736897,0.02521694265305996,0.012411237694323063,96.91959743188755
TM,hf500_lfx10,333,AR1/co-kriging,0.012805704958736897,0.019461318850517273,0.0066556138917803764,51.973818803622194
TM,hf500_lfx10,333,FPCA-NARGP,0.012805704958736897,0.023367032408714294,0.010561327449977398,82.47361222211951
TM,hf500_lfx10,333,MF-DeepONet,0.012805704958736897,0.01698545865595969,0.004179753697222795,32.63977821362416
TM,hf500_lfx10,311,HF-only,0.012891664169728756,0.02485322579741478,0.011961561627686024,92.78524068113154
TM,hf500_lfx10,311,AR1/co-kriging,0.012891664169728756,0.019617266952991486,0.00672560278326273,52.17016744087461
TM,hf500_lfx10,311,FPCA-NARGP,0.012891664169728756,0.023805484175682068,0.010913820005953312,84.6579608517908
TM,hf500_lfx10,311,MF-DeepONet,0.012891664169728756,0.018631018302683655,0.005739354132954899,44.51988554302882
TM,hf500_lfx10,355,HF-only,0.013715454377233982,0.02517147734761238,0.011456022970378399,83.52638312438289
TM,hf500_lfx10,355,AR1/co-kriging,0.013715454377233982,0.01974908821284771,0.006033633835613728,43.991497982223905
TM,hf500_lfx10,355,FPCA-NARGP,0.013715454377233982,0.023410074412822723,0.009694620035588741,70.68391442926348
TM,hf500_lfx10,355,MF-DeepONet,0.013715454377233982,0.020109444005174545,0.006393989627940563,46.6188684098853
TM,hf500_lfx10,240,HF-only,0.013369527645409107,0.024829329922795296,0.011459802277386189,85.71583515384188
TM,hf500_lfx10,240,AR1/co-kriging,0.013369527645409107,0.019586533308029175,0.006217005662620068,46.50131124681052
TM,hf500_lfx10,240,FPCA-NARGP,0.013369527645409107,0.023021329194307327,0.00965180154889822,72.19253966846392
TM,hf500_lfx10,240,MF-DeepONet,0.013369527645409107,0.016310896058876888,0.0029413684134677806,22.00054101745174
TM,hf500_lfx10,220,HF-only,0.012732847593724728,0.025025608018040657,0.01229276042431593,96.5436861929794
TM,hf500_lfx10,220,AR1/co-kriging,0.012732847593724728,0.01962375082075596,0.006890903227031231,54.119105536355846
TM,hf500_lfx10,220,FPCA-NARGP,0.012732847593724728,0.02356525883078575,0.010832411237061024,85.07453778367443
TM,hf500_lfx10,220,MF-DeepONet,0.012732847593724728,0.01746652491844659,0.004733677324721863,37.176894562492166
TM,hf500_lfx10,322,HF-only,0.014952286146581173,0.02475666254758835,0.009804376401007175,65.57108595229056
TM,hf500_lfx10,322,AR1/co-kriging,0.014952286146581173,0.0198904387652874,0.004938152618706226,33.026070864991645
TM,hf500_lfx10,322,FPCA-NARGP,0.014952286146581173,0.02290254831314087,0.007950262166559696,53.17088028292929
TM,hf500_lfx10,322,MF-DeepONet,0.014952286146581173,0.017709372482036585,0.0027570863354554123,18.4392293487897
TM,hf500_lfx10,399,HF-only,0.014337567612528801,0.024983711540699005,0.010646143928170204,74.25348717356445
TM,hf500_lfx10,399,AR1/co-kriging,0.014337567612528801,0.019716540351510048,0.005378972738981247,37.516633813680244
TM,hf500_lfx10,399,FPCA-NARGP,0.014337567612528801,0.02333931438624859,0.009001746773719788,62.78433704370931
TM,hf500_lfx10,399,MF-DeepONet,0.014337567612528801,0.017121369015607475,0.0027838014030786735,19.416134440029175
TM,hf500_lfx10,200,HF-only,0.011801144108176231,0.024982260540127754,0.013181116431951523,111.69354692329534
TM,hf500_lfx10,200,AR1/co-kriging,0.011801144108176231,0.019940810278058052,0.00813966616988182,68.97353422065565
TM,hf500_lfx10,200,FPCA-NARGP,0.011801144108176231,0.023556794971227646,0.011755650863051414,99.61450140166242
TM,hf500_lfx10,200,MF-DeepONet,0.011801144108176231,0.018792914008167155,0.006991769899990924,59.24654284279767
TM,hf500_lfx10,366,HF-only,0.013083004392683506,0.02514255978167057,0.012059555388987064,92.17726316541794
TM,hf500_lfx10,366,AR1/co-kriging,0.013083004392683506,0.019342103973031044,0.006259099580347538,47.84145439749187
TM,hf500_lfx10,366,FPCA-NARGP,0.013083004392683506,0.023313524201512337,0.01023051980882883,78.19702189009514
TM,hf500_lfx10,366,MF-DeepONet,0.013083004392683506,0.017225019640142218,0.004142015247458712,31.659511249381517
TM,hf500_lfx10,250,HF-only,0.013996859081089497,0.025048887357115746,0.011052028276026249,78.96077407079227
TM,hf500_lfx10,250,AR1/co-kriging,0.013996859081089497,0.019432147964835167,0.00543528888374567,38.832204084193684
TM,hf500_lfx10,250,FPCA-NARGP,0.013996859081089497,0.02360519953072071,0.009608340449631214,68.64640412514115
TM,hf500_lfx10,250,MF-DeepONet,0.013996859081089497,0.02014741034489548,0.006150551263805985,43.942367556702116
TM,hf500_lfx10,260,HF-only,0.012079112231731415,0.024786008521914482,0.012706896290183067,105.19726985235293
TM,hf500_lfx10,260,AR1/co-kriging,0.012079112231731415,0.019648415967822075,0.00756930373609066,62.6644043939451
TM,hf500_lfx10,260,FPCA-NARGP,0.012079112231731415,0.023788554593920708,0.011709442362189293,96.93959404921323
TM,hf500_lfx10,260,MF-DeepONet,0.012079112231731415,0.019274139227308248,0.007195026995576833,59.56585929117988
TM,hf500_lfx10,290,HF-only,0.012690469622612,0.025067459791898727,0.012376990169286728,97.5298041550274
TM,hf500_lfx10,290,AR1/co-kriging,0.012690469622612,0.019477039575576782,0.006786569952964783,53.47768959528817
TM,hf500_lfx10,290,FPCA-NARGP,0.012690469622612,0.023382896557450294,0.010692426934838295,84.25556541884335
TM,hf500_lfx10,290,MF-DeepONet,0.012690469622612,0.016982920278773,0.004292450656161,33.82420654088853
TM,hf500_lfx10,377,HF-only,0.0131802037358284,0.025334056466817856,0.012153852730989456,92.21293520638864
TM,hf500_lfx10,377,AR1/co-kriging,0.0131802037358284,0.019662005826830864,0.006481802091002464,49.17831484943333
TM,hf500_lfx10,377,FPCA-NARGP,0.0131802037358284,0.023447629064321518,0.010267425328493118,77.90035369925783
TM,hf500_lfx10,377,MF-DeepONet,0.0131802037358284,0.0174963397654922,0.004316136029663801,32.74711162416279
TM,hf500_lfx10,300,HF-only,0.012988114729523659,0.02478318102657795,0.01179506629705429,90.81430633071469
TM,hf500_lfx10,300,AR1/co-kriging,0.012988114729523659,0.019445117563009262,0.006457002833485603,49.714704311996904
TM,hf500_lfx10,300,FPCA-NARGP,0.012988114729523659,0.023469766601920128,0.010481651872396469,80.7018731407594
TM,hf500_lfx10,300,MF-DeepONet,0.012988114729523659,0.01661220210255375,0.003624087373030091,27.90310563543201
TM,hf500_lfx10,280,HF-only,0.013229379430413246,0.024940747767686844,0.011711368337273598,88.5254550213454
TM,hf500_lfx10,280,AR1/co-kriging,0.013229379430413246,0.01997995190322399,0.006750572472810745,51.02712873509198
TM,hf500_lfx10,280,FPCA-NARGP,0.013229379430413246,0.023457517847418785,0.010228138417005539,77.31381861715975
TM,hf500_lfx10,280,MF-DeepONet,0.013229379430413246,0.019248018528318183,0.006018639097904937,45.49449299238167
TM,hf500_lfx10,270,HF-only,0.014127667061984539,0.02498483471572399,0.010857167653739452,76.85039296370795
TM,hf500_lfx10,270,AR1/co-kriging,0.014127667061984539,0.019541677087545395,0.005414010025560856,38.322038605575266
TM,hf500_lfx10,270,FPCA-NARGP,0.014127667061984539,0.0233168825507164,0.009189215488731861,65.04411130595426
TM,hf500_lfx10,270,MF-DeepONet,0.014127667061984539,0.01925001277186467,0.005122345709880131,36.25754830862064
TM,hf500_lfx10,230,HF-only,0.013803189620375633,0.02511092834174633,0.011307738721370697,81.92120105833172
TM,hf500_lfx10,230,AR1/co-kriging,0.013803189620375633,0.019836699590086937,0.006033509969711304,43.7109837338242
TM,hf500_lfx10,230,FPCA-NARGP,0.013803189620375633,0.02360711060464382,0.009803920984268188,71.02648919490385
TM,hf500_lfx10,230,MF-DeepONet,0.013803189620375633,0.019870343232589256,0.006067153612213622,43.95472190904028
TM,hf200_lfx10,388,HF-only,0.014477699063718319,0.033993322402238846,0.019515623338520527,134.79782424423672
TM,hf200_lfx10,388,AR1/co-kriging,0.014477699063718319,0.024199314415454865,0.009721615351736546,67.14889782520272
TM,hf200_lfx10,388,FPCA-NARGP,0.014477699063718319,0.02744731679558754,0.01296961773186922,89.58341843402168
TM,hf200_lfx10,388,MF-DeepONet,0.014477699063718319,0.024343537806972872,0.009865838743254553,68.14507401924614
TM,hf200_lfx10,210,HF-only,0.014649755321443081,0.033885128796100616,0.019235373474657536,131.301670591743
TM,hf200_lfx10,210,AR1/co-kriging,0.014649755321443081,0.024506645277142525,0.009856889955699444,67.28364904000654
TM,hf200_lfx10,210,FPCA-NARGP,0.014649755321443081,0.027461744844913483,0.012811989523470402,87.45531404689939
TM,hf200_lfx10,210,MF-DeepONet,0.014649755321443081,0.022956853053796307,0.008307097732353226,56.70468584682772
TM,hf200_lfx10,344,HF-only,0.01578497141599655,0.03386922925710678,0.01808425784111023,114.56630084729562
TM,hf200_lfx10,344,AR1/co-kriging,0.01578497141599655,0.02424314245581627,0.008458171039819717,53.583695636269404
TM,hf200_lfx10,344,FPCA-NARGP,0.01578497141599655,0.02786698378622532,0.012082012370228767,76.54123692606
TM,hf200_lfx10,344,MF-DeepONet,0.01578497141599655,0.02219212366046955,0.006407152244473,40.590204920991916
TM,hf200_lfx10,333,HF-only,0.016733815893530846,0.03403116390109062,0.017297348007559776,103.3676246805535
TM,hf200_lfx10,333,AR1/co-kriging,0.016733815893530846,0.024155190214514732,0.007421374320983887,44.349563591487396
TM,hf200_lfx10,333,FPCA-NARGP,0.016733815893530846,0.027256987988948822,0.010523172095417976,62.88566912873798
TM,hf200_lfx10,333,MF-DeepONet,0.016733815893530846,0.025011515002416045,0.008277699108885199,49.466894828723966
TM,hf200_lfx10,311,HF-only,0.014834672212600708,0.03407895192503929,0.019244279712438583,129.7250079856319
TM,hf200_lfx10,311,AR1/co-kriging,0.014834672212600708,0.024529872462153435,0.009695200249552727,65.35500151676781
TM,hf200_lfx10,311,FPCA-NARGP,0.014834672212600708,0.027314824983477592,0.012480152770876884,84.1282678310622
TM,hf200_lfx10,311,MF-DeepONet,0.014834672212600708,0.02270171911636175,0.00786704690376104,53.03148455871306
TM,hf200_lfx10,355,HF-only,0.01679118163883686,0.034099411219358444,0.017308229580521584,103.07928264255581
TM,hf200_lfx10,355,AR1/co-kriging,0.01679118163883686,0.024393169209361076,0.007601987570524216,45.27369028598521
TM,hf200_lfx10,355,FPCA-NARGP,0.01679118163883686,0.027816105633974075,0.011024923995137215,65.6590121664655
TM,hf200_lfx10,355,MF-DeepONet,0.01679118163883686,0.02468008623805998,0.007888904599223118,46.982426662437014
TM,hf200_lfx10,240,HF-only,0.01474504079669714,0.033975858241319656,0.019230817444622517,130.4222735614959
TM,hf200_lfx10,240,AR1/co-kriging,0.01474504079669714,0.024138998240232468,0.009393957443535328,63.70926722454072
TM,hf200_lfx10,240,FPCA-NARGP,0.01474504079669714,0.028455626219511032,0.013710585422813892,92.9843844574851
TM,hf200_lfx10,240,MF-DeepONet,0.01474504079669714,0.022279984885229046,0.007534944088531906,51.10154791989262
TM,hf200_lfx10,220,HF-only,0.014598728157579899,0.03428716957569122,0.019688441418111324,134.86408682724024
TM,hf200_lfx10,220,AR1/co-kriging,0.014598728157579899,0.024415060877799988,0.009816332720220089,67.2410131503359
TM,hf200_lfx10,220,FPCA-NARGP,0.014598728157579899,0.02762087620794773,0.013022148050367832,89.20056534929394
TM,hf200_lfx10,220,MF-DeepONet,0.014598728157579899,0.02259794457234206,0.007999216414762162,54.79392676141338
TM,hf200_lfx10,322,HF-only,0.016178961843252182,0.034224413335323334,0.01804545149207115,111.53652296669105
TM,hf200_lfx10,322,AR1/co-kriging,0.016178961843252182,0.024418165907263756,0.008239204064011574,50.92541872486045
TM,hf200_lfx10,322,FPCA-NARGP,0.016178961843252182,0.027733951807022095,0.011554989963769913,71.41984804537502
TM,hf200_lfx10,322,MF-DeepONet,0.016178961843252182,0.023627078022283116,0.007448116179030934,46.03581027751386
TM,hf200_lfx10,399,HF-only,0.016134828329086304,0.03390054032206535,0.01776571199297905,110.10784639680824
TM,hf200_lfx10,399,AR1/co-kriging,0.016134828329086304,0.02420400269329548,0.008069174364209175,50.01090931759621
TM,hf200_lfx10,399,FPCA-NARGP,0.016134828329086304,0.02768266201019287,0.011547833681106567,71.57084937984281
TM,hf200_lfx10,399,MF-DeepONet,0.016134828329086304,0.022530450784898057,0.006395622455811753,39.63861483597161
TM,hf200_lfx10,200,HF-only,0.0144380833953619,0.03442184254527092,0.01998375914990902,138.4100548714701
TM,hf200_lfx10,200,AR1/co-kriging,0.0144380833953619,0.024307692423462868,0.009869609028100967,68.35816609337142
TM,hf200_lfx10,200,FPCA-NARGP,0.0144380833953619,0.02788517251610756,0.013447089120745659,93.13624774508098
TM,hf200_lfx10,200,MF-DeepONet,0.0144380833953619,0.02249373093407222,0.008055647538710319,55.79443834836223
TM,hf200_lfx10,366,HF-only,0.017051128670573235,0.03405490145087242,0.017003772780299187,99.72227122796994
TM,hf200_lfx10,366,AR1/co-kriging,0.017051128670573235,0.02426648698747158,0.007215358316898346,42.31601588550898
TM,hf200_lfx10,366,FPCA-NARGP,0.017051128670573235,0.027888474985957146,0.010837346315383911,63.557941088597595
TM,hf200_lfx10,366,MF-DeepONet,0.017051128670573235,0.0222106109686228,0.005159482298049564,30.258890175134137
TM,hf200_lfx10,250,HF-only,0.01655067317187786,0.03407420963048935,0.01752353645861149,105.87808892502736
TM,hf200_lfx10,250,AR1/co-kriging,0.01655067317187786,0.024606136605143547,0.008055463433265686,48.67151534931617
TM,hf200_lfx10,250,FPCA-NARGP,0.01655067317187786,0.027253905311226845,0.010703232139348984,64.66946708569789
TM,hf200_lfx10,250,MF-DeepONet,0.01655067317187786,0.021825007937410164,0.005274334765532303,31.867796015053987
TM,hf200_lfx10,260,HF-only,0.015036910772323608,0.03377128019928932,0.018734369426965714,124.58921723102536
TM,hf200_lfx10,260,AR1/co-kriging,0.015036910772323608,0.024380985647439957,0.009344074875116348,62.14092120779697
TM,hf200_lfx10,260,FPCA-NARGP,0.015036910772323608,0.028150999918580055,0.013114089146256447,87.21265521102754
TM,hf200_lfx10,260,MF-DeepONet,0.015036910772323608,0.022905452486662533,0.007868541714338925,52.32817986006459
TM,hf200_lfx10,290,HF-only,0.015855936333537102,0.033828482031822205,0.017972545698285103,113.34900267145456
TM,hf200_lfx10,290,AR1/co-kriging,0.015855936333537102,0.024305304512381554,0.008449368178844452,53.28835838583106
TM,hf200_lfx10,290,FPCA-NARGP,0.015855936333537102,0.028186989948153496,0.012331053614616394,77.76931841316
TM,hf200_lfx10,290,MF-DeepONet,0.015855936333537102,0.020294413118291357,0.004438476784754255,27.99252400734212
TM,hf200_lfx10,377,HF-only,0.014427936635911465,0.03378373384475708,0.019355797208845615,134.15499178634172
TM,hf200_lfx10,377,AR1/co-kriging,0.014427936635911465,0.024416010826826096,0.009988074190914631,69.22732226349044
TM,hf200_lfx10,377,FPCA-NARGP,0.014427936635911465,0.027625657618045807,0.013197720982134342,91.47337776134192
TM,hf200_lfx10,377,MF-DeepONet,0.014427936635911465,0.025605554160402763,0.011177617524491298,77.47204473209256
TM,hf200_lfx10,300,HF-only,0.015296007506549358,0.034048862755298615,0.018752855248749256,122.59967341621507
TM,hf200_lfx10,300,AR1/co-kriging,0.015296007506549358,0.02431274764239788,0.009016740135848522,58.94832446955707
TM,hf200_lfx10,300,FPCA-NARGP,0.015296007506549358,0.02782808057963848,0.012532073073089123,81.93035383725596
TM,hf200_lfx10,300,MF-DeepONet,0.015296007506549358,0.023989715230474568,0.00869370772392521,56.8364504280139
TM,hf200_lfx10,280,HF-only,0.014722426421940327,0.034071121364831924,0.019348694942891598,131.42327486219867
TM,hf200_lfx10,280,AR1/co-kriging,0.014722426421940327,0.024035127833485603,0.009312701411545277,63.25520769909828
TM,hf200_lfx10,280,FPCA-NARGP,0.014722426421940327,0.027920421212911606,0.01319799479097128,89.64551367227592
TM,hf200_lfx10,280,MF-DeepONet,0.014722426421940327,0.023466361276242187,0.00874393485430186,59.391941271793854
TM,hf200_lfx10,270,HF-only,0.01688407175242901,0.03382282704114914,0.01693875528872013,100.3238764741879
TM,hf200_lfx10,270,AR1/co-kriging,0.01688407175242901,0.024382738396525383,0.0074986666440963745,44.4126674776633
TM,hf200_lfx10,270,FPCA-NARGP,0.01688407175242901,0.02825578860938549,0.011371716856956482,67.35174443522784
TM,hf200_lfx10,270,MF-DeepONet,0.01688407175242901,0.023776680097988317,0.006892608345559308,40.82314057074361
TM,hf200_lfx10,230,HF-only,0.01694844849407673,0.033902253955602646,0.016953805461525917,100.0316074208861
TM,hf200_lfx10,230,AR1/co-kriging,0.01694844849407673,0.024133386090397835,0.007184937596321106,42.39289277028603
TM,hf200_lfx10,230,FPCA-NARGP,0.01694844849407673,0.027775051072239876,0.010826602578163147,63.87960869661261
TM,hf200_lfx10,230,MF-DeepONet,0.01694844849407673,0.02355859406122842,0.0066101455671516915,39.00147892275718
TM,hf400_lfx10,388,HF-only,0.013217942789196968,0.02711697854101658,0.01389903575181961,105.15279097121906
TM,hf400_lfx10,388,AR1/co-kriging,0.013217942789196968,0.02069210074841976,0.007474157959222794,56.545546295838314
TM,hf400_lfx10,388,FPCA-NARGP,0.013217942789196968,0.025553248822689056,0.012335306033492088,93.32243474055389
TM,hf400_lfx10,388,MF-DeepONet,0.013217942789196968,0.019035864545188432,0.005817921755991464,44.01533467633447
TM,hf400_lfx10,210,HF-only,0.012510007247328758,0.026811562478542328,0.01430155523121357,114.32091883293958
TM,hf400_lfx10,210,AR1/co-kriging,0.012510007247328758,0.020649243146181107,0.008139235898852348,65.06180002885534
TM,hf400_lfx10,210,FPCA-NARGP,0.012510007247328758,0.025573525577783585,0.013063518330454826,104.42454646254708
TM,hf400_lfx10,210,MF-DeepONet,0.012510007247328758,0.0198656901977963,0.00735568295046754,58.798390800598355
TM,hf400_lfx10,344,HF-only,0.012278017587959766,0.026865236461162567,0.0145872188732028,118.80760691780988
TM,hf400_lfx10,344,AR1/co-kriging,0.012278017587959766,0.021144602447748184,0.008866584859788418,72.21511776040529
TM,hf400_lfx10,344,FPCA-NARGP,0.012278017587959766,0.02548939920961857,0.013211381621658802,107.60191152205486
TM,hf400_lfx10,344,MF-DeepONet,0.012278017587959766,0.01943092045743999,0.007152902869480223,58.25779950416913
TM,hf400_lfx10,333,HF-only,0.012827642261981964,0.026853792369365692,0.014026150107383728,109.34316549311522
TM,hf400_lfx10,333,AR1/co-kriging,0.012827642261981964,0.020836401730775833,0.008008759468793869,62.43360475159102
TM,hf400_lfx10,333,FPCA-NARGP,0.012827642261981964,0.02545166201889515,0.012624019756913185,98.41262719282197
TM,hf400_lfx10,333,MF-DeepONet,0.012827642261981964,0.021488135676936373,0.00866049341495441,67.51430417280984
TM,hf400_lfx10,311,HF-only,0.012696713209152222,0.027035033330321312,0.01433832012116909,112.92938483349803
TM,hf400_lfx10,311,AR1/co-kriging,0.012696713209152222,0.0210003312677145,0.008303618058562279,65.39974497161005
TM,hf400_lfx10,311,FPCA-NARGP,0.012696713209152222,0.025279585272073746,0.012582872062921524,99.10338097462392
TM,hf400_lfx10,311,MF-DeepONet,0.012696713209152222,0.020433279123090564,0.0077365659139383425,60.93361160872377
TM,hf400_lfx10,355,HF-only,0.013505726121366024,0.026983777061104774,0.01347805093973875,99.79508557053077
TM,hf400_lfx10,355,AR1/co-kriging,0.013505726121366024,0.020639367401599884,0.00713364128023386,52.81938354242544
TM,hf400_lfx10,355,FPCA-NARGP,0.013505726121366024,0.02524336241185665,0.011737636290490627,86.90859110434438
TM,hf400_lfx10,355,MF-DeepONet,0.013505726121366024,0.020060517805659563,0.006554791684293539,48.53342667688097
TM,hf400_lfx10,240,HF-only,0.012629722245037556,0.026859816163778305,0.01423009391874075,112.67147164960028
TM,hf400_lfx10,240,AR1/co-kriging,0.012629722245037556,0.02074296399950981,0.008113241754472256,64.23927301853446
TM,hf400_lfx10,240,FPCA-NARGP,0.012629722245037556,0.025471743196249008,0.012842020951211452,101.68094517088302
TM,hf400_lfx10,240,MF-DeepONet,0.012629722245037556,0.019608055544428227,0.006978333299390672,55.25326023802768
TM,hf400_lfx10,220,HF-only,0.012683404609560966,0.026846595108509064,0.014163190498948097,111.66710307634311
TM,hf400_lfx10,220,AR1/co-kriging,0.012683404609560966,0.020831648260354996,0.00814824365079403,64.24334712662044
TM,hf400_lfx10,220,FPCA-NARGP,0.012683404609560966,0.0255610141903162,0.012877609580755234,101.53117382258603
TM,hf400_lfx10,220,MF-DeepONet,0.012683404609560966,0.01773864450900304,0.0050552398994420725,39.8571208209454
TM,hf400_lfx10,322,HF-only,0.013404538854956627,0.027066683396697044,0.013662144541740417,101.92177955221888
TM,hf400_lfx10,322,AR1/co-kriging,0.013404538854956627,0.020659148693084717,0.00725460983812809,54.12054764901917
TM,hf400_lfx10,322,FPCA-NARGP,0.013404538854956627,0.025131458416581154,0.011726919561624527,87.4846922263815
TM,hf400_lfx10,322,MF-DeepONet,0.013404538854956627,0.01896007800662096,0.005555539151664332,41.44520905775172
TM,hf400_lfx10,399,HF-only,0.013733861036598682,0.026754768565297127,0.013020907528698444,94.80879043409334
TM,hf400_lfx10,399,AR1/co-kriging,0.013733861036598682,0.020886627957224846,0.0071527669206261635,52.081253054513304
TM,hf400_lfx10,399,FPCA-NARGP,0.013733861036598682,0.02501005120575428,0.011276190169155598,82.10502595815001
TM,hf400_lfx10,399,MF-DeepONet,0.013733861036598682,0.020102738994796473,0.00636887795819779,46.37354303517186
TM,hf400_lfx10,200,HF-only,0.012322060763835907,0.026820708066225052,0.014498647302389145,117.66414384955246
TM,hf400_lfx10,200,AR1/co-kriging,0.012322060763835907,0.020668523386120796,0.00834646262228489,67.73593136937755
TM,hf400_lfx10,200,FPCA-NARGP,0.012322060763835907,0.02550901658833027,0.013186955824494362,107.01907803601198
TM,hf400_lfx10,200,MF-DeepONet,0.012322060763835907,0.01815672920787275,0.005834668444036843,47.351401326968364
TM,hf400_lfx10,366,HF-only,0.013081948272883892,0.02672022394835949,0.013638275675475597,104.25263417181411
TM,hf400_lfx10,366,AR1/co-kriging,0.013081948272883892,0.020708508789539337,0.007626560516655445,58.298354018595916
TM,hf400_lfx10,366,FPCA-NARGP,0.013081948272883892,0.025918185710906982,0.01283623743802309,98.12175656304873
TM,hf400_lfx10,366,MF-DeepONet,0.013081948272883892,0.01826030901845618,0.005178360745572288,39.58401789667624
TM,hf400_lfx10,250,HF-only,0.013966257683932781,0.026793798431754112,0.012827540747821331,91.84665669299898
TM,hf400_lfx10,250,AR1/co-kriging,0.013966257683932781,0.02082516998052597,0.006858912296593189,49.11059534927453
TM,hf400_lfx10,250,FPCA-NARGP,0.013966257683932781,0.025229090824723244,0.011262833140790462,80.64317153296962
TM,hf400_lfx10,250,MF-DeepONet,0.013966257683932781,0.01966764965926488,0.0057013919753321,40.82261765720647
TM,hf400_lfx10,260,HF-only,0.012046530842781067,0.026628926396369934,0.014582395553588867,121.05058081785785
TM,hf400_lfx10,260,AR1/co-kriging,0.012046530842781067,0.02071249857544899,0.008665967732667923,71.93745523725646
TM,hf400_lfx10,260,FPCA-NARGP,0.012046530842781067,0.025081750005483627,0.01303521916270256,108.20724516314976
TM,hf400_lfx10,260,MF-DeepONet,0.012046530842781067,0.02081952843898013,0.008772997596199063,72.82592566021876
TM,hf400_lfx10,290,HF-only,0.012873622588813305,0.027057595551013947,0.014183972962200642,110.17856756594668
TM,hf400_lfx10,290,AR1/co-kriging,0.012873622588813305,0.02066139318048954,0.007787770591676235,60.494010430626695
TM,hf400_lfx10,290,FPCA-NARGP,0.012873622588813305,0.025343259796500206,0.012469637207686901,96.86191374386374
TM,hf400_lfx10,290,MF-DeepONet,0.012873622588813305,0.016533868689526665,0.00366024610071336,28.43213769443557
TM,hf400_lfx10,377,HF-only,0.012480572797358036,0.0269390270113945,0.014458454214036465,115.84768142290007
TM,hf400_lfx10,377,AR1/co-kriging,0.012480572797358036,0.020615454763174057,0.008134881965816021,65.18035748758312
TM,hf400_lfx10,377,FPCA-NARGP,0.012480572797358036,0.02562502957880497,0.013144456781446934,105.31933906294294
TM,hf400_lfx10,377,MF-DeepONet,0.012480572797358036,0.019301801999634983,0.006821229202276947,54.65477677211183
TM,hf400_lfx10,300,HF-only,0.013159982860088348,0.026886986568570137,0.013727003708481789,104.3086746724656
TM,hf400_lfx10,300,AR1/co-kriging,0.013159982860088348,0.02099006250500679,0.007830079644918442,59.49916294089972
TM,hf400_lfx10,300,FPCA-NARGP,0.013159982860088348,0.025114141404628754,0.011954158544540405,90.83718931576293
TM,hf400_lfx10,300,MF-DeepONet,0.013159982860088348,0.018047455730350114,0.004887472870261766,37.13889996836177
TM,hf400_lfx10,280,HF-only,0.013781845569610596,0.026526864618062973,0.012745019048452377,92.47686736931334
TM,hf400_lfx10,280,AR1/co-kriging,0.013781845569610596,0.020698286592960358,0.006916441023349762,50.18515835499371
TM,hf400_lfx10,280,FPCA-NARGP,0.013781845569610596,0.02549228072166443,0.011710435152053833,84.9700070495327
TM,hf400_lfx10,280,MF-DeepONet,0.013781845569610596,0.019676777127386275,0.005894931557775679,42.773165088819376
TM,hf400_lfx10,270,HF-only,0.013112939894199371,0.026865612715482712,0.01375267282128334,104.87863844603574
TM,hf400_lfx10,270,AR1/co-kriging,0.013112939894199371,0.02103661373257637,0.007923673838376999,60.42637198300671
TM,hf400_lfx10,270,FPCA-NARGP,0.013112939894199371,0.025548363104462624,0.012435423210263252,94.83322054853753
TM,hf400_lfx10,270,MF-DeepONet,0.013112939894199371,0.01822975014556723,0.00511681025136786,39.021076071822215
TM,hf400_lfx10,230,HF-only,0.011905212886631489,0.026802288368344307,0.014897075481712818,125.1306937857527
TM,hf400_lfx10,230,AR1/co-kriging,0.011905212886631489,0.02083323337137699,0.008928020484745502,74.99253116902166
TM,hf400_lfx10,230,FPCA-NARGP,0.011905212886631489,0.02570377103984356,0.01379855815321207,115.90349777538748
TM,hf400_lfx10,230,MF-DeepONet,0.011905212886631489,0.019251297367274628,0.007346084480643139,61.704772107789424
TM,hf300_lfx10,388,HF-only,0.013021786697208881,0.029820755124092102,0.01679896842688322,129.00663186630103
TM,hf300_lfx10,388,AR1/co-kriging,0.013021786697208881,0.021612320095300674,0.008590533398091793,65.97046624894499
TM,hf300_lfx10,388,FPCA-NARGP,0.013021786697208881,0.02738175168633461,0.014359964989125729,110.27645685675127
TM,hf300_lfx10,388,MF-DeepONet,0.013021786697208881,0.023446021858601403,0.010424235161392521,80.05226474510502
TM,hf300_lfx10,210,HF-only,0.012393302284181118,0.029817771166563034,0.017424468882381916,140.59585155622813
TM,hf300_lfx10,210,AR1/co-kriging,0.012393302284181118,0.02144271321594715,0.009049410931766033,73.01856054392181
TM,hf300_lfx10,210,FPCA-NARGP,0.012393302284181118,0.02738722413778305,0.014993921853601933,120.98407276598313
TM,hf300_lfx10,210,MF-DeepONet,0.012393302284181118,0.01971206556007815,0.007318763275897033,59.0541819127477
TM,hf300_lfx10,344,HF-only,0.013191452249884605,0.029907112941145897,0.01671566069126129,126.71584882860425
TM,hf300_lfx10,344,AR1/co-kriging,0.013191452249884605,0.021736185997724533,0.008544733747839928,64.77477677194089
TM,hf300_lfx10,344,FPCA-NARGP,0.013191452249884605,0.027293208986520767,0.014101756736636162,106.90071471667966
TM,hf300_lfx10,344,MF-DeepONet,0.013191452249884605,0.020377534452967454,0.007186082203082849,54.475292537602975
TM,hf300_lfx10,333,HF-only,0.015414421446621418,0.029799768701195717,0.014385347254574299,93.32395188745359
TM,hf300_lfx10,333,AR1/co-kriging,0.015414421446621418,0.02174076996743679,0.0063263485208153725,41.04175134125453
TM,hf300_lfx10,333,FPCA-NARGP,0.015414421446621418,0.027444304898381233,0.012029883451759815,78.0430423121496
TM,hf300_lfx10,333,MF-DeepONet,0.015414421446621418,0.0207399018678885,0.005325480421267081,34.548688315735234
TM,hf300_lfx10,311,HF-only,0.015482891350984573,0.03021973744034767,0.014736846089363098,95.1814861661867
TM,hf300_lfx10,311,AR1/co-kriging,0.015482891350984573,0.021636368706822395,0.006153477355837822,39.74372238584827
TM,hf300_lfx10,311,FPCA-NARGP,0.015482891350984573,0.02690008096396923,0.011417189612984657,73.74068159600323
TM,hf300_lfx10,311,MF-DeepONet,0.015482891350984573,0.01857668068139709,0.0030937893304125164,19.981986957596128
TM,hf300_lfx10,355,HF-only,0.013383029960095882,0.029964866116642952,0.01658183615654707,123.90195797206651
TM,hf300_lfx10,355,AR1/co-kriging,0.013383029960095882,0.021635718643665314,0.008252688683569431,61.66532323529451
TM,hf300_lfx10,355,FPCA-NARGP,0.013383029960095882,0.027055785059928894,0.013672755099833012,102.16486954449778
TM,hf300_lfx10,355,MF-DeepONet,0.013383029960095882,0.022105685338328268,0.008722655378232386,65.17698461589555
TM,hf300_lfx10,240,HF-only,0.013988972641527653,0.029803428798913956,0.015814456157386303,113.04944660796262
TM,hf300_lfx10,240,AR1/co-kriging,0.013988972641527653,0.0216845590621233,0.007695586420595646,55.011805497070846
TM,hf300_lfx10,240,FPCA-NARGP,0.013988972641527653,0.027194732800126076,0.013205760158598423,94.40121513566918
TM,hf300_lfx10,240,MF-DeepONet,0.013988972641527653,0.020284798906938656,0.006295826265411003,45.00563713107293
TM,hf300_lfx10,220,HF-only,0.013150341808795929,0.029822390526533127,0.016672048717737198,126.78034502940211
TM,hf300_lfx10,220,AR1/co-kriging,0.013150341808795929,0.021859504282474518,0.008709162473678589,66.22765096381944
TM,hf300_lfx10,220,FPCA-NARGP,0.013150341808795929,0.02722957544028759,0.014079233631491661,107.06363253671795
TM,hf300_lfx10,220,MF-DeepONet,0.013150341808795929,0.01944910210104561,0.00629876029224968,47.89807279409726
TM,hf300_lfx10,322,HF-only,0.01551794447004795,0.030203567817807198,0.014685623347759247,94.63639579394544
TM,hf300_lfx10,322,AR1/co-kriging,0.01551794447004795,0.0216970331966877,0.006179088726639748,39.818989806068394
TM,hf300_lfx10,322,FPCA-NARGP,0.01551794447004795,0.0269171092659235,0.01139916479587555,73.45795583865964
TM,hf300_lfx10,322,MF-DeepONet,0.01551794447004795,0.019488774623354584,0.003970830153306633,25.588634892791074
TM,hf300_lfx10,399,HF-only,0.012849324382841587,0.029785489663481712,0.016936165280640125,131.8058815859293
TM,hf300_lfx10,399,AR1/co-kriging,0.012849324382841587,0.021621137857437134,0.008771813474595547,68.26672915432842
TM,hf300_lfx10,399,FPCA-NARGP,0.012849324382841587,0.02711227349936962,0.014262949116528034,111.00154912093384
TM,hf300_lfx10,399,MF-DeepONet,0.012849324382841587,0.020050629789232055,0.007201305406390468,56.04423385876046
TM,hf300_lfx10,200,HF-only,0.012455279007554054,0.030059602111577988,0.017604323104023933,141.34025495010602
TM,hf300_lfx10,200,AR1/co-kriging,0.012455279007554054,0.021944381296634674,0.00948910228908062,76.18538519551055
TM,hf300_lfx10,200,FPCA-NARGP,0.012455279007554054,0.027221517637372017,0.014766238629817963,118.5540574471461
TM,hf300_lfx10,200,MF-DeepONet,0.012455279007554054,0.022636651615261152,0.010181372607707097,81.7434326564034
TM,hf300_lfx10,366,HF-only,0.013266188092529774,0.0300891250371933,0.016822936944663525,126.81063186595829
TM,hf300_lfx10,366,AR1/co-kriging,0.013266188092529774,0.02135513909161091,0.008088950999081135,60.974192003474194
TM,hf300_lfx10,366,FPCA-NARGP,0.013266188092529774,0.026913046836853027,0.013646858744323254,102.86948028430139
TM,hf300_lfx10,366,MF-DeepONet,0.013266188092529774,0.021979473029930453,0.00871328493740068,65.68039648335119
TM,hf300_lfx10,250,HF-only,0.014752339571714401,0.03000846691429615,0.015256127342581749,103.41496864560582
TM,hf300_lfx10,250,AR1/co-kriging,0.014752339571714401,0.021551355719566345,0.006799016147851944,46.08771452690887
TM,hf300_lfx10,250,FPCA-NARGP,0.014752339571714401,0.02714724652469158,0.01239490695297718,84.01994065227947
TM,hf300_lfx10,250,MF-DeepONet,0.014752339571714401,0.023038715172715565,0.008286375601001164,56.169908242141865
TM,hf300_lfx10,260,HF-only,0.013115725480020046,0.02999861165881157,0.016882886178791523,128.722472916273
TM,hf300_lfx10,260,AR1/co-kriging,0.013115725480020046,0.021365433931350708,0.008249708451330662,62.89936812033712
TM,hf300_lfx10,260,FPCA-NARGP,0.013115725480020046,0.02693432942032814,0.013818603940308094,105.35905132627839
TM,hf300_lfx10,260,MF-DeepONet,0.013115725480020046,0.021002476068788932,0.007886750588768886,60.13201938987848
TM,hf300_lfx10,290,HF-only,0.013806488364934921,0.029789170250296593,0.01598268188536167,115.7621073723116
TM,hf300_lfx10,290,AR1/co-kriging,0.013806488364934921,0.021349012851715088,0.007542524486780167,54.63028894397449
TM,hf300_lfx10,290,FPCA-NARGP,0.013806488364934921,0.027438705787062645,0.013632217422127724,98.73776054996141
TM,hf300_lfx10,290,MF-DeepONet,0.013806488364934921,0.01936260901501871,0.00555612065008379,40.24282281796555
TM,hf300_lfx10,377,HF-only,0.013326030224561691,0.029822036623954773,0.01649600639939308,123.78785070582154
TM,hf300_lfx10,377,AR1/co-kriging,0.013326030224561691,0.02161289192736149,0.008286861702799797,62.18552384434774
TM,hf300_lfx10,377,FPCA-NARGP,0.013326030224561691,0.027165239676833153,0.013839209452271461,103.85095350274617
TM,hf300_lfx10,377,MF-DeepONet,0.013326030224561691,0.021158295043318436,0.007832264818756745,58.77417870718027
TM,hf300_lfx10,300,HF-only,0.013706212863326073,0.030147861689329147,0.016441648826003075,119.95763519765734
TM,hf300_lfx10,300,AR1/co-kriging,0.013706212863326073,0.02173072099685669,0.008024508133530617,58.546501601488465
TM,hf300_lfx10,300,FPCA-NARGP,0.013706212863326073,0.027431167662143707,0.013724954798817635,100.13674043792001
TM,hf300_lfx10,300,MF-DeepONet,0.013706212863326073,0.021002703180975746,0.007296490317649673,53.2349117178313
TM,hf300_lfx10,280,HF-only,0.013567344285547733,0.029832297936081886,0.016264953650534153,119.88310540523379
TM,hf300_lfx10,280,AR1/co-kriging,0.013567344285547733,0.021765591576695442,0.008198247291147709,60.42632307842798
TM,hf300_lfx10,280,FPCA-NARGP,0.013567344285547733,0.027238793671131134,0.0136714493855834,100.76732113407458
TM,hf300_lfx10,280,MF-DeepONet,0.013567344285547733,0.022366547980584163,0.00879920369503643,64.85575592276786
TM,hf300_lfx10,270,HF-only,0.014562064781785011,0.029878076165914536,0.015316011384129524,105.1774704593238
TM,hf300_lfx10,270,AR1/co-kriging,0.014562064781785011,0.021551843732595444,0.0069897789508104324,47.99991660216765
TM,hf300_lfx10,270,FPCA-NARGP,0.014562064781785011,0.027121568098664284,0.012559503316879272,86.24809396940297
TM,hf300_lfx10,270,MF-DeepONet,0.014562064781785011,0.02100731628563954,0.00644525150385453,44.26056057597399
TM,hf300_lfx10,230,HF-only,0.013451988808810711,0.029965918511152267,0.016513929702341557,122.76199405938661
TM,hf300_lfx10,230,AR1/co-kriging,0.013451988808810711,0.021731175482273102,0.008279186673462391,61.546190612645574
TM,hf300_lfx10,230,FPCA-NARGP,0.013451988808810711,0.027342597022652626,0.013890608213841915,103.26062867926206
TM,hf300_lfx10,230,MF-DeepONet,0.013451988808810711,0.022570418709139037,0.009118429900328327,67.7849946942863
TM,hf50_lfx10,388,HF-only,0.028351541608572006,0.06833326071500778,0.039981719106435776,141.02132313802443
TM,hf50_lfx10,388,AR1/co-kriging,0.028351541608572006,0.03808574005961418,0.009734198451042175,34.333930004353164
TM,hf50_lfx10,388,FPCA-NARGP,0.028351541608572006,0.0438777357339859,0.015526194125413895,54.76313894945168
TM,hf50_lfx10,388,MF-DeepONet,0.028351541608572006,0.03790180141188863,0.009550259803316627,33.68515171121818
TM,hf50_lfx10,210,HF-only,0.028538227081298828,0.06830040365457535,0.03976217657327652,139.32952618255945
TM,hf50_lfx10,210,AR1/co-kriging,0.028538227081298828,0.038033533841371536,0.009495306760072708,33.27223773580177
TM,hf50_lfx10,210,FPCA-NARGP,0.028538227081298828,0.0438714399933815,0.015333212912082672,53.7286807214824
TM,hf50_lfx10,210,MF-DeepONet,0.028538227081298828,0.04181629025923905,0.013278063177940225,46.52728825835636
TM,hf50_lfx10,344,HF-only,0.027757655829191208,0.0684192106127739,0.04066155478358269,146.48771147605754
TM,hf50_lfx10,344,AR1/co-kriging,0.027757655829191208,0.03800603747367859,0.010248381644487381,36.920919070225374
TM,hf50_lfx10,344,FPCA-NARGP,0.027757655829191208,0.044064316898584366,0.016306661069393158,58.74653526125335
TM,hf50_lfx10,344,MF-DeepONet,0.027757655829191208,0.03958390935495623,0.011826253525765024,42.605375607143316
TM,hf50_lfx10,333,HF-only,0.030095688998699188,0.06834593415260315,0.03825024515390396,127.09542936716694
TM,hf50_lfx10,333,AR1/co-kriging,0.030095688998699188,0.038059838116168976,0.007964149117469788,26.462757233482904
TM,hf50_lfx10,333,FPCA-NARGP,0.030095688998699188,0.043967459350824356,0.013871770352125168,46.09221723657744
TM,hf50_lfx10,333,MF-DeepONet,0.030095688998699188,0.03850067544969755,0.00840498645099836,27.927542882841607
TM,hf50_lfx10,311,HF-only,0.028309522196650505,0.06835752725601196,0.04004800505936146,141.46478623401075
TM,hf50_lfx10,311,AR1/co-kriging,0.028309522196650505,0.037961263209581375,0.00965174101293087,34.093620322821394
TM,hf50_lfx10,311,FPCA-NARGP,0.028309522196650505,0.04386907070875168,0.015559548512101173,54.96224346005434
TM,hf50_lfx10,311,MF-DeepONet,0.028309522196650505,0.03759843184208067,0.009288909645430166,32.81196192894135
TM,hf50_lfx10,355,HF-only,0.02655043825507164,0.0684298425912857,0.041879404336214066,157.73526573789908
TM,hf50_lfx10,355,AR1/co-kriging,0.02655043825507164,0.038208846002817154,0.011658407747745514,43.91041547315527
TM,hf50_lfx10,355,FPCA-NARGP,0.02655043825507164,0.04411681741476059,0.01756637915968895,66.16229453889875
TM,hf50_lfx10,355,MF-DeepONet,0.02655043825507164,0.03769542728126027,0.011144989026188629,41.97666689761599
TM,hf50_lfx10,240,HF-only,0.028014106675982475,0.06842267513275146,0.04040856845676899,144.2436445471693
TM,hf50_lfx10,240,AR1/co-kriging,0.028014106675982475,0.03787749633193016,0.009863389655947685,35.20865316188694
TM,hf50_lfx10,240,FPCA-NARGP,0.028014106675982475,0.04391682893037796,0.015902722254395485,56.76683693087195
TM,hf50_lfx10,240,MF-DeepONet,0.028014106675982475,0.038818050097565074,0.010803943421582599,38.56608224757428
TM,hf50_lfx10,220,HF-only,0.028386522084474564,0.0683383047580719,0.039951782673597336,140.74208370685946
TM,hf50_lfx10,220,AR1/co-kriging,0.028386522084474564,0.03799378499388695,0.009607262909412384,33.84445223977221
TM,hf50_lfx10,220,FPCA-NARGP,0.028386522084474564,0.04380691424012184,0.015420392155647278,54.322935757181575
TM,hf50_lfx10,220,MF-DeepONet,0.028386522084474564,0.03879976162464414,0.010413239540169573,36.68374557890939
TM,hf50_lfx10,322,HF-only,0.027830494567751884,0.06833232194185257,0.040501827374100685,145.53039032598255
TM,hf50_lfx10,322,AR1/co-kriging,0.027830494567751884,0.03817306086421013,0.010342566296458244,37.16271110913896
TM,hf50_lfx10,322,FPCA-NARGP,0.027830494567751884,0.044029101729393005,0.01619860716164112,58.20452497603468
TM,hf50_lfx10,322,MF-DeepONet,0.027830494567751884,0.033678837410548425,0.00584834284279654,21.01415348030936
TM,hf50_lfx10,399,HF-only,0.028733184561133385,0.06841333955526352,0.039680154994130135,138.09870225037437
TM,hf50_lfx10,399,AR1/co-kriging,0.028733184561133385,0.038143645972013474,0.009410461410880089,32.75119536735712
TM,hf50_lfx10,399,FPCA-NARGP,0.028733184561133385,0.04411354660987854,0.015380362048745155,53.52821931735949
TM,hf50_lfx10,399,MF-DeepONet,0.028733184561133385,0.04109407895672329,0.012360894395589905,43.01957678687018
TM,hf50_lfx10,200,HF-only,0.028511105105280876,0.0684366449713707,0.03992553986608982,140.035048514113
TM,hf50_lfx10,200,AR1/co-kriging,0.028511105105280876,0.038032129406929016,0.00952102430164814,33.39409071128793
TM,hf50_lfx10,200,FPCA-NARGP,0.028511105105280876,0.04390280321240425,0.015391698107123375,53.98492289333428
TM,hf50_lfx10,200,MF-DeepONet,0.028511105105280876,0.033618760099847406,0.0051076549945665295,17.91461599157895
TM,hf50_lfx10,366,HF-only,0.028402073308825493,0.06842711567878723,0.04002504236996174,140.92295986548487
TM,hf50_lfx10,366,AR1/co-kriging,0.028402073308825493,0.038015611469745636,0.009613538160920143,33.84801544728388
TM,hf50_lfx10,366,FPCA-NARGP,0.028402073308825493,0.043997496366500854,0.015595423057675362,54.909452870221735
TM,hf50_lfx10,366,MF-DeepONet,0.028402073308825493,0.03890799829482657,0.01050592498600108,36.9899932014348
TM,hf50_lfx10,250,HF-only,0.02772335521876812,0.06834573298692703,0.04062237776815891,146.5276386916488
TM,hf50_lfx10,250,AR1/co-kriging,0.02772335521876812,0.038005247712135315,0.010281892493367195,37.08747520720931
TM,hf50_lfx10,250,FPCA-NARGP,0.02772335521876812,0.044087182730436325,0.016363827511668205,59.02542236514808
TM,hf50_lfx10,250,MF-DeepONet,0.02772335521876812,0.03977459097033006,0.012051235751561938,43.46961490218005
TM,hf50_lfx10,260,HF-only,0.027204710990190506,0.06843535602092743,0.04123064503073692,151.5570043938489
TM,hf50_lfx10,260,AR1/co-kriging,0.027204710990190506,0.038082364946603775,0.010877653956413269,39.984449606303635
TM,hf50_lfx10,260,FPCA-NARGP,0.027204710990190506,0.04395211860537529,0.016747407615184784,61.56068932775495
TM,hf50_lfx10,260,MF-DeepONet,0.027204710990190506,0.039506790434732486,0.01230207944454198,45.22040116132045
TM,hf50_lfx10,290,HF-only,0.028129031881690025,0.06833697110414505,0.040207939222455025,142.94107024930176
TM,hf50_lfx10,290,AR1/co-kriging,0.028129031881690025,0.03807460144162178,0.009945569559931755,35.35695647743073
TM,hf50_lfx10,290,FPCA-NARGP,0.028129031881690025,0.04401605948805809,0.015887027606368065,56.47911265907938
TM,hf50_lfx10,290,MF-DeepONet,0.028129031881690025,0.03461204399698202,0.0064830121152919945,23.047405764120768
TM,hf50_lfx10,377,HF-only,0.02722010761499405,0.06842057406902313,0.04120046645402908,151.36040987337623
TM,hf50_lfx10,377,AR1/co-kriging,0.02722010761499405,0.03805756941437721,0.010837461799383163,39.81417690433158
TM,hf50_lfx10,377,FPCA-NARGP,0.02722010761499405,0.04394712671637535,0.016727019101381302,61.45096609451799
TM,hf50_lfx10,377,MF-DeepONet,0.02722010761499405,0.03381742243751569,0.006597314822521641,24.23691675225981
TM,hf50_lfx10,300,HF-only,0.02702931873500347,0.0684233084321022,0.04139398969709873,153.14477624437032
TM,hf50_lfx10,300,AR1/co-kriging,0.02702931873500347,0.03805095702409744,0.011021638289093971,40.776604091100324
TM,hf50_lfx10,300,FPCA-NARGP,0.02702931873500347,0.04396810382604599,0.01693878509104252,62.66819100070945
TM,hf50_lfx10,300,MF-DeepONet,0.02702931873500347,0.03792492128804131,0.010895602553037842,40.31031140613926
TM,hf50_lfx10,280,HF-only,0.028108639642596245,0.06834990531206131,0.040241265669465065,143.163334053644
TM,hf50_lfx10,280,AR1/co-kriging,0.028108639642596245,0.03797729313373566,0.009868653491139412,35.108968689414304
TM,hf50_lfx10,280,FPCA-NARGP,0.028108639642596245,0.044002946466207504,0.01589430682361126,56.54598381746228
TM,hf50_lfx10,280,MF-DeepONet,0.028108639642596245,0.03996669580353357,0.011858056160937325,42.186517425651054
TM,hf50_lfx10,270,HF-only,0.02800969034433365,0.06840121001005173,0.04039151966571808,144.20552019379704
TM,hf50_lfx10,270,AR1/co-kriging,0.02800969034433365,0.03798456862568855,0.009974878281354904,35.61224047367171
TM,hf50_lfx10,270,FPCA-NARGP,0.02800969034433365,0.044145189225673676,0.016135498881340027,57.60684492752428
TM,hf50_lfx10,270,MF-DeepONet,0.02800969034433365,0.04338704906126489,0.015377358716931244,54.9001382303467
TM,hf50_lfx10,230,HF-only,0.029320482164621353,0.06831394881010056,0.0389934666454792,132.99053687640054
TM,hf50_lfx10,230,AR1/co-kriging,0.029320482164621353,0.038017719984054565,0.008697237819433212,29.662669838108812
TM,hf50_lfx10,230,FPCA-NARGP,0.029320482164621353,0.04398413002490997,0.01466364786028862,50.011619106257584
TM,hf50_lfx10,230,MF-DeepONet,0.029320482164621353,0.034748490003699124,0.005428007839077771,18.512682733530582
