job_id,kind,dataset,setting,method,seed,status,repository_relative_report_paths,valid_reports,issues
original_tm_hf50_lfx05_seed_200,original_bundle,TM,hf50_lfx05,HF-only+AR1/co-kriging+Neural-GP MF,200,COMPLETE,result_out/final_runs/original/tm/hf50_lfx05/seed_200/bl0r200/report.json,True,
original_tm_hf50_lfx05_seed_210,original_bundle,TM,hf50_lfx05,HF-only+AR1/co-kriging+Neural-GP MF,210,COMPLETE,result_out/final_runs/original/tm/hf50_lfx05/seed_210/bl0r210/report.json,True,
original_tm_hf50_lfx05_seed_220,original_bundle,TM,hf50_lfx05,HF-only+AR1/co-kriging+Neural-GP MF,220,COMPLETE,result_out/final_runs/original/tm/hf50_lfx05/seed_220/bl0r220/report.json,True,
original_tm_hf50_lfx05_seed_230,original_bundle,TM,hf50_lfx05,HF-only+AR1/co-kriging+Neural-GP MF,230,COMPLETE,result_out/final_runs/original/tm/hf50_lfx05/seed_230/bl0r230/report.json,True,
original_tm_hf50_lfx05_seed_240,original_bundle,TM,hf50_lfx05,HF-only+AR1/co-kriging+Neural-GP MF,240,COMPLETE,result_out/final_runs/original/tm/hf50_lfx05/seed_240/bl0r240/report.json,True,
original_tm_hf50_lfx05_seed_250,original_bundle,TM,hf50_lfx05,HF-only+AR1/co-kriging+Neural-GP MF,250,COMPLETE,result_out/final_runs/original/tm/hf50_lfx05/seed_250/bl0r250/report.json,True,
original_tm_hf50_lfx05_seed_260,original_bundle,TM,hf50_lfx05,HF-only+AR1/co-kriging+Neural-GP MF,260,COMPLETE,result_out/final_runs/original/tm/hf50_lfx05/seed_260/bl0r260/report.json,True,
original_tm_hf50_lfx05_seed_270,original_bundle,TM,hf50_lfx05,HF-only+AR1/co-kriging+Neural-GP MF,270,COMPLETE,result_out/final_runs/original/tm/hf50_lfx05/seed_270/bl0r270/report.json,True,
original_tm_hf50_lfx05_seed_280,original_bundle,TM,hf50_lfx05,HF-only+AR1/co-kriging+Neural-GP MF,280,COMPLETE,result_out/final_runs/original/tm/hf50_lfx05/seed_280/bl0r280/report.json,True,
original_tm_hf50_lfx05_seed_290,original_bundle,TM,hf50_lfx05,HF-only+AR1/co-kriging+Neural-GP MF,290,SUCCEEDED,result_out/final_runs/original/tm/hf50_lfx05/seed_290/bl0r290/report.json,True,
original_tm_hf50_lfx05_seed_300,original_bundle,TM,hf50_lfx05,HF-only+AR1/co-kriging+Neural-GP MF,300,SUCCEEDED,result_out/final_runs/original/tm/hf50_lfx05/seed_300/bl0r300/report.json,True,
original_tm_hf50_lfx05_seed_311,original_bundle,TM,hf50_lfx05,HF-only+AR1/co-kriging+Neural-GP MF,311,SUCCEEDED,result_out/final_runs/original/tm/hf50_lfx05/seed_311/bl0r311/report.json,True,
original_tm_hf50_lfx05_seed_322,original_bundle,TM,hf50_lfx05,HF-only+AR1/co-kriging+Neural-GP MF,322,SUCCEEDED,result_out/final_runs/original/tm/hf50_lfx05/seed_322/bl0r322/report.json,True,
original_tm_hf50_lfx05_seed_333,original_bundle,TM,hf50_lfx05,HF-only+AR1/co-kriging+Neural-GP MF,333,SUCCEEDED,result_out/final_runs/original/tm/hf50_lfx05/seed_333/bl0r333/report.json,True,
original_tm_hf50_lfx05_seed_344,original_bundle,TM,hf50_lfx05,HF-only+AR1/co-kriging+Neural-GP MF,344,SUCCEEDED,result_out/final_runs/original/tm/hf50_lfx05/seed_344/bl0r344/report.json,True,
original_tm_hf50_lfx05_seed_355,original_bundle,TM,hf50_lfx05,HF-only+AR1/co-kriging+Neural-GP MF,355,SUCCEEDED,result_out/final_runs/original/tm/hf50_lfx05/seed_355/bl0r355/report.json,True,
original_tm_hf50_lfx05_seed_366,original_bundle,TM,hf50_lfx05,HF-only+AR1/co-kriging+Neural-GP MF,366,SUCCEEDED,result_out/final_runs/original/tm/hf50_lfx05/seed_366/bl0r366/report.json,True,
original_tm_hf50_lfx05_seed_377,original_bundle,TM,hf50_lfx05,HF-only+AR1/co-kriging+Neural-GP MF,377,SUCCEEDED,result_out/final_runs/original/tm/hf50_lfx05/seed_377/bl0r377/report.json,True,
original_tm_hf50_lfx05_seed_388,original_bundle,TM,hf50_lfx05,HF-only+AR1/co-kriging+Neural-GP MF,388,SUCCEEDED,result_out/final_runs/original/tm/hf50_lfx05/seed_388/bl0r388/report.json,True,
original_tm_hf50_lfx05_seed_399,original_bundle,TM,hf50_lfx05,HF-only+AR1/co-kriging+Neural-GP MF,399,SUCCEEDED,result_out/final_runs/original/tm/hf50_lfx05/seed_399/bl0r399/report.json,True,
original_tm_hf50_lfx10_seed_200,original_bundle,TM,hf50_lfx10,HF-only+AR1/co-kriging+Neural-GP MF,200,SUCCEEDED,result_out/final_runs/original/tm/hf50_lfx10/seed_200/bl0r200/report.json,True,
original_tm_hf50_lfx10_seed_210,original_bundle,TM,hf50_lfx10,HF-only+AR1/co-kriging+Neural-GP MF,210,SUCCEEDED,result_out/final_runs/original/tm/hf50_lfx10/seed_210/bl0r210/report.json,True,
original_tm_hf50_lfx10_seed_220,original_bundle,TM,hf50_lfx10,HF-only+AR1/co-kriging+Neural-GP MF,220,SUCCEEDED,result_out/final_runs/original/tm/hf50_lfx10/seed_220/bl0r220/report.json,True,
original_tm_hf50_lfx10_seed_230,original_bundle,TM,hf50_lfx10,HF-only+AR1/co-kriging+Neural-GP MF,230,SUCCEEDED,result_out/final_runs/original/tm/hf50_lfx10/seed_230/bl0r230/report.json,True,
original_tm_hf50_lfx10_seed_240,original_bundle,TM,hf50_lfx10,HF-only+AR1/co-kriging+Neural-GP MF,240,SUCCEEDED,result_out/final_runs/original/tm/hf50_lfx10/seed_240/bl0r240/report.json,True,
original_tm_hf50_lfx10_seed_250,original_bundle,TM,hf50_lfx10,HF-only+AR1/co-kriging+Neural-GP MF,250,SUCCEEDED,result_out/final_runs/original/tm/hf50_lfx10/seed_250/bl0r250/report.json,True,
original_tm_hf50_lfx10_seed_260,original_bundle,TM,hf50_lfx10,HF-only+AR1/co-kriging+Neural-GP MF,260,SUCCEEDED,result_out/final_runs/original/tm/hf50_lfx10/seed_260/bl0r260/report.json,True,
original_tm_hf50_lfx10_seed_270,original_bundle,TM,hf50_lfx10,HF-only+AR1/co-kriging+Neural-GP MF,270,SUCCEEDED,result_out/final_runs/original/tm/hf50_lfx10/seed_270/bl0r270/report.json,True,
original_tm_hf50_lfx10_seed_280,original_bundle,TM,hf50_lfx10,HF-only+AR1/co-kriging+Neural-GP MF,280,SUCCEEDED,result_out/final_runs/original/tm/hf50_lfx10/seed_280/bl0r280/report.json,True,
original_tm_hf50_lfx10_seed_290,original_bundle,TM,hf50_lfx10,HF-only+AR1/co-kriging+Neural-GP MF,290,SUCCEEDED,result_out/final_runs/original/tm/hf50_lfx10/seed_290/bl0r290/report.json,True,
original_tm_hf50_lfx10_seed_300,original_bundle,TM,hf50_lfx10,HF-only+AR1/co-kriging+Neural-GP MF,300,SUCCEEDED,result_out/final_runs/original/tm/hf50_lfx10/seed_300/bl0r300/report.json,True,
original_tm_hf50_lfx10_seed_311,original_bundle,TM,hf50_lfx10,HF-only+AR1/co-kriging+Neural-GP MF,311,SUCCEEDED,result_out/final_runs/original/tm/hf50_lfx10/seed_311/bl0r311/report.json,True,
original_tm_hf50_lfx10_seed_322,original_bundle,TM,hf50_lfx10,HF-only+AR1/co-kriging+Neural-GP MF,322,SUCCEEDED,result_out/final_runs/original/tm/hf50_lfx10/seed_322/bl0r322/report.json,True,
original_tm_hf50_lfx10_seed_333,original_bundle,TM,hf50_lfx10,HF-only+AR1/co-kriging+Neural-GP MF,333,SUCCEEDED,result_out/final_runs/original/tm/hf50_lfx10/seed_333/bl0r333/report.json,True,
original_tm_hf50_lfx10_seed_344,original_bundle,TM,hf50_lfx10,HF-only+AR1/co-kriging+Neural-GP MF,344,SUCCEEDED,result_out/final_runs/original/tm/hf50_lfx10/seed_344/bl0r344/report.json,True,
original_tm_hf50_lfx10_seed_355,original_bundle,TM,hf50_lfx10,HF-only+AR1/co-kriging+Neural-GP MF,355,SUCCEEDED,result_out/final_runs/original/tm/hf50_lfx10/seed_355/bl0r355/report.json,True,
original_tm_hf50_lfx10_seed_366,original_bundle,TM,hf50_lfx10,HF-only+AR1/co-kriging+Neural-GP MF,366,SUCCEEDED,result_out/final_runs/original/tm/hf50_lfx10/seed_366/bl0r366/report.json,True,
original_tm_hf50_lfx10_seed_377,original_bundle,TM,hf50_lfx10,HF-only+AR1/co-kriging+Neural-GP MF,377,SUCCEEDED,result_out/final_runs/original/tm/hf50_lfx10/seed_377/bl0r377/report.json,True,
original_tm_hf50_lfx10_seed_388,original_bundle,TM,hf50_lfx10,HF-only+AR1/co-kriging+Neural-GP MF,388,SUCCEEDED,result_out/final_runs/original/tm/hf50_lfx10/seed_388/bl0r388/report.json,True,
original_tm_hf50_lfx10_seed_399,original_bundle,TM,hf50_lfx10,HF-only+AR1/co-kriging+Neural-GP MF,399,SUCCEEDED,result_out/final_runs/original/tm/hf50_lfx10/seed_399/bl0r399/report.json,True,
original_tm_hf50_lfx15_seed_200,original_bundle,TM,hf50_lfx15,HF-only+AR1/co-kriging+Neural-GP MF,200,SUCCEEDED,result_out/final_runs/original/tm/hf50_lfx15/seed_200/bl0r200/report.json,True,
original_tm_hf50_lfx15_seed_210,original_bundle,TM,hf50_lfx15,HF-only+AR1/co-kriging+Neural-GP MF,210,SUCCEEDED,result_out/final_runs/original/tm/hf50_lfx15/seed_210/bl0r210/report.json,True,
original_tm_hf50_lfx15_seed_220,original_bundle,TM,hf50_lfx15,HF-only+AR1/co-kriging+Neural-GP MF,220,SUCCEEDED,result_out/final_runs/original/tm/hf50_lfx15/seed_220/bl0r220/report.json,True,
original_tm_hf50_lfx15_seed_230,original_bundle,TM,hf50_lfx15,HF-only+AR1/co-kriging+Neural-GP MF,230,SUCCEEDED,result_out/final_runs/original/tm/hf50_lfx15/seed_230/bl0r230/report.json,True,
original_tm_hf50_lfx15_seed_240,original_bundle,TM,hf50_lfx15,HF-only+AR1/co-kriging+Neural-GP MF,240,SUCCEEDED,result_out/final_runs/original/tm/hf50_lfx15/seed_240/bl0r240/report.json,True,
original_tm_hf50_lfx15_seed_250,original_bundle,TM,hf50_lfx15,HF-only+AR1/co-kriging+Neural-GP MF,250,SUCCEEDED,result_out/final_runs/original/tm/hf50_lfx15/seed_250/bl0r250/report.json,True,
original_tm_hf50_lfx15_seed_260,original_bundle,TM,hf50_lfx15,HF-only+AR1/co-kriging+Neural-GP MF,260,SUCCEEDED,result_out/final_runs/original/tm/hf50_lfx15/seed_260/bl0r260/report.json,True,
original_tm_hf50_lfx15_seed_270,original_bundle,TM,hf50_lfx15,HF-only+AR1/co-kriging+Neural-GP MF,270,SUCCEEDED,result_out/final_runs/original/tm/hf50_lfx15/seed_270/bl0r270/report.json,True,
original_tm_hf50_lfx15_seed_280,original_bundle,TM,hf50_lfx15,HF-only+AR1/co-kriging+Neural-GP MF,280,SUCCEEDED,result_out/final_runs/original/tm/hf50_lfx15/seed_280/bl0r280/report.json,True,
original_tm_hf50_lfx15_seed_290,original_bundle,TM,hf50_lfx15,HF-only+AR1/co-kriging+Neural-GP MF,290,SUCCEEDED,result_out/final_runs/original/tm/hf50_lfx15/seed_290/bl0r290/report.json,True,
original_tm_hf50_lfx15_seed_300,original_bundle,TM,hf50_lfx15,HF-only+AR1/co-kriging+Neural-GP MF,300,SUCCEEDED,result_out/final_runs/original/tm/hf50_lfx15/seed_300/bl0r300/report.json,True,
original_tm_hf50_lfx15_seed_311,original_bundle,TM,hf50_lfx15,HF-only+AR1/co-kriging+Neural-GP MF,311,SUCCEEDED,result_out/final_runs/original/tm/hf50_lfx15/seed_311/bl0r311/report.json,True,
original_tm_hf50_lfx15_seed_322,original_bundle,TM,hf50_lfx15,HF-only+AR1/co-kriging+Neural-GP MF,322,SUCCEEDED,result_out/final_runs/original/tm/hf50_lfx15/seed_322/bl0r322/report.json,True,
original_tm_hf50_lfx15_seed_333,original_bundle,TM,hf50_lfx15,HF-only+AR1/co-kriging+Neural-GP MF,333,SUCCEEDED,result_out/final_runs/original/tm/hf50_lfx15/seed_333/bl0r333/report.json,True,
original_tm_hf50_lfx15_seed_344,original_bundle,TM,hf50_lfx15,HF-only+AR1/co-kriging+Neural-GP MF,344,SUCCEEDED,result_out/final_runs/original/tm/hf50_lfx15/seed_344/bl0r344/report.json,True,
original_tm_hf50_lfx15_seed_355,original_bundle,TM,hf50_lfx15,HF-only+AR1/co-kriging+Neural-GP MF,355,SUCCEEDED,result_out/final_runs/original/tm/hf50_lfx15/seed_355/bl0r355/report.json,True,
original_tm_hf50_lfx15_seed_366,original_bundle,TM,hf50_lfx15,HF-only+AR1/co-kriging+Neural-GP MF,366,SUCCEEDED,result_out/final_runs/original/tm/hf50_lfx15/seed_366/bl0r366/report.json,True,
original_tm_hf50_lfx15_seed_377,original_bundle,TM,hf50_lfx15,HF-only+AR1/co-kriging+Neural-GP MF,377,SUCCEEDED,result_out/final_runs/original/tm/hf50_lfx15/seed_377/bl0r377/report.json,True,
original_tm_hf50_lfx15_seed_388,original_bundle,TM,hf50_lfx15,HF-only+AR1/co-kriging+Neural-GP MF,388,SUCCEEDED,result_out/final_runs/original/tm/hf50_lfx15/seed_388/bl0r388/report.json,True,
original_tm_hf50_lfx15_seed_399,original_bundle,TM,hf50_lfx15,HF-only+AR1/co-kriging+Neural-GP MF,399,SUCCEEDED,result_out/final_runs/original/tm/hf50_lfx15/seed_399/bl0r399/report.json,True,
original_tm_hf100_lfx05_seed_200,original_bundle,TM,hf100_lfx05,HF-only+AR1/co-kriging+Neural-GP MF,200,SUCCEEDED,result_out/final_runs/original/tm/hf100_lfx05/seed_200/bl0r200/report.json,True,
original_tm_hf100_lfx05_seed_210,original_bundle,TM,hf100_lfx05,HF-only+AR1/co-kriging+Neural-GP MF,210,SUCCEEDED,result_out/final_runs/original/tm/hf100_lfx05/seed_210/bl0r210/report.json,True,
original_tm_hf100_lfx05_seed_220,original_bundle,TM,hf100_lfx05,HF-only+AR1/co-kriging+Neural-GP MF,220,SUCCEEDED,result_out/final_runs/original/tm/hf100_lfx05/seed_220/bl0r220/report.json,True,
original_tm_hf100_lfx05_seed_230,original_bundle,TM,hf100_lfx05,HF-only+AR1/co-kriging+Neural-GP MF,230,SUCCEEDED,result_out/final_runs/original/tm/hf100_lfx05/seed_230/bl0r230/report.json,True,
original_tm_hf100_lfx05_seed_240,original_bundle,TM,hf100_lfx05,HF-only+AR1/co-kriging+Neural-GP MF,240,SUCCEEDED,result_out/final_runs/original/tm/hf100_lfx05/seed_240/bl0r240/report.json,True,
original_tm_hf100_lfx05_seed_250,original_bundle,TM,hf100_lfx05,HF-only+AR1/co-kriging+Neural-GP MF,250,SUCCEEDED,result_out/final_runs/original/tm/hf100_lfx05/seed_250/bl0r250/report.json,True,
original_tm_hf100_lfx05_seed_260,original_bundle,TM,hf100_lfx05,HF-only+AR1/co-kriging+Neural-GP MF,260,SUCCEEDED,result_out/final_runs/original/tm/hf100_lfx05/seed_260/bl0r260/report.json,True,
original_tm_hf100_lfx05_seed_270,original_bundle,TM,hf100_lfx05,HF-only+AR1/co-kriging+Neural-GP MF,270,SUCCEEDED,result_out/final_runs/original/tm/hf100_lfx05/seed_270/bl0r270/report.json,True,
original_tm_hf100_lfx05_seed_280,original_bundle,TM,hf100_lfx05,HF-only+AR1/co-kriging+Neural-GP MF,280,SUCCEEDED,result_out/final_runs/original/tm/hf100_lfx05/seed_280/bl0r280/report.json,True,
original_tm_hf100_lfx05_seed_290,original_bundle,TM,hf100_lfx05,HF-only+AR1/co-kriging+Neural-GP MF,290,SUCCEEDED,result_out/final_runs/original/tm/hf100_lfx05/seed_290/bl0r290/report.json,True,
original_tm_hf100_lfx05_seed_300,original_bundle,TM,hf100_lfx05,HF-only+AR1/co-kriging+Neural-GP MF,300,SUCCEEDED,result_out/final_runs/original/tm/hf100_lfx05/seed_300/bl0r300/report.json,True,
original_tm_hf100_lfx05_seed_311,original_bundle,TM,hf100_lfx05,HF-only+AR1/co-kriging+Neural-GP MF,311,SUCCEEDED,result_out/final_runs/original/tm/hf100_lfx05/seed_311/bl0r311/report.json,True,
original_tm_hf100_lfx05_seed_322,original_bundle,TM,hf100_lfx05,HF-only+AR1/co-kriging+Neural-GP MF,322,SUCCEEDED,result_out/final_runs/original/tm/hf100_lfx05/seed_322/bl0r322/report.json,True,
original_tm_hf100_lfx05_seed_333,original_bundle,TM,hf100_lfx05,HF-only+AR1/co-kriging+Neural-GP MF,333,SUCCEEDED,result_out/final_runs/original/tm/hf100_lfx05/seed_333/bl0r333/report.json,True,
original_tm_hf100_lfx05_seed_344,original_bundle,TM,hf100_lfx05,HF-only+AR1/co-kriging+Neural-GP MF,344,SUCCEEDED,result_out/final_runs/original/tm/hf100_lfx05/seed_344/bl0r344/report.json,True,
original_tm_hf100_lfx05_seed_355,original_bundle,TM,hf100_lfx05,HF-only+AR1/co-kriging+Neural-GP MF,355,SUCCEEDED,result_out/final_runs/original/tm/hf100_lfx05/seed_355/bl0r355/report.json,True,
original_tm_hf100_lfx05_seed_366,original_bundle,TM,hf100_lfx05,HF-only+AR1/co-kriging+Neural-GP MF,366,SUCCEEDED,result_out/final_runs/original/tm/hf100_lfx05/seed_366/bl0r366/report.json,True,
original_tm_hf100_lfx05_seed_377,original_bundle,TM,hf100_lfx05,HF-only+AR1/co-kriging+Neural-GP MF,377,SUCCEEDED,result_out/final_runs/original/tm/hf100_lfx05/seed_377/bl0r377/report.json,True,
original_tm_hf100_lfx05_seed_388,original_bundle,TM,hf100_lfx05,HF-only+AR1/co-kriging+Neural-GP MF,388,SUCCEEDED,result_out/final_runs/original/tm/hf100_lfx05/seed_388/bl0r388/report.json,True,
original_tm_hf100_lfx05_seed_399,original_bundle,TM,hf100_lfx05,HF-only+AR1/co-kriging+Neural-GP MF,399,SUCCEEDED,result_out/final_runs/original/tm/hf100_lfx05/seed_399/bl0r399/report.json,True,
original_tm_hf100_lfx10_seed_200,original_bundle,TM,hf100_lfx10,HF-only+AR1/co-kriging+Neural-GP MF,200,SUCCEEDED,result_out/final_runs/original/tm/hf100_lfx10/seed_200/bl0r200/report.json,True,
original_tm_hf100_lfx10_seed_210,original_bundle,TM,hf100_lfx10,HF-only+AR1/co-kriging+Neural-GP MF,210,SUCCEEDED,result_out/final_runs/original/tm/hf100_lfx10/seed_210/bl0r210/report.json,True,
original_tm_hf100_lfx10_seed_220,original_bundle,TM,hf100_lfx10,HF-only+AR1/co-kriging+Neural-GP MF,220,SUCCEEDED,result_out/final_runs/original/tm/hf100_lfx10/seed_220/bl0r220/report.json,True,
original_tm_hf100_lfx10_seed_230,original_bundle,TM,hf100_lfx10,HF-only+AR1/co-kriging+Neural-GP MF,230,SUCCEEDED,result_out/final_runs/original/tm/hf100_lfx10/seed_230/bl0r230/report.json,True,
original_tm_hf100_lfx10_seed_240,original_bundle,TM,hf100_lfx10,HF-only+AR1/co-kriging+Neural-GP MF,240,SUCCEEDED,result_out/final_runs/original/tm/hf100_lfx10/seed_240/bl0r240/report.json,True,
original_tm_hf100_lfx10_seed_250,original_bundle,TM,hf100_lfx10,HF-only+AR1/co-kriging+Neural-GP MF,250,SUCCEEDED,result_out/final_runs/original/tm/hf100_lfx10/seed_250/bl0r250/report.json,True,
original_tm_hf100_lfx10_seed_260,original_bundle,TM,hf100_lfx10,HF-only+AR1/co-kriging+Neural-GP MF,260,SUCCEEDED,result_out/final_runs/original/tm/hf100_lfx10/seed_260/bl0r260/report.json,True,
original_tm_hf100_lfx10_seed_270,original_bundle,TM,hf100_lfx10,HF-only+AR1/co-kriging+Neural-GP MF,270,SUCCEEDED,result_out/final_runs/original/tm/hf100_lfx10/seed_270/bl0r270/report.json,True,
original_tm_hf100_lfx10_seed_280,original_bundle,TM,hf100_lfx10,HF-only+AR1/co-kriging+Neural-GP MF,280,SUCCEEDED,result_out/final_runs/original/tm/hf100_lfx10/seed_280/bl0r280/report.json,True,
original_tm_hf100_lfx10_seed_290,original_bundle,TM,hf100_lfx10,HF-only+AR1/co-kriging+Neural-GP MF,290,SUCCEEDED,result_out/final_runs/original/tm/hf100_lfx10/seed_290/bl0r290/report.json,True,
original_tm_hf100_lfx10_seed_300,original_bundle,TM,hf100_lfx10,HF-only+AR1/co-kriging+Neural-GP MF,300,SUCCEEDED,result_out/final_runs/original/tm/hf100_lfx10/seed_300/bl0r300/report.json,True,
original_tm_hf100_lfx10_seed_311,original_bundle,TM,hf100_lfx10,HF-only+AR1/co-kriging+Neural-GP MF,311,SUCCEEDED,result_out/final_runs/original/tm/hf100_lfx10/seed_311/bl0r311/report.json,True,
original_tm_hf100_lfx10_seed_322,original_bundle,TM,hf100_lfx10,HF-only+AR1/co-kriging+Neural-GP MF,322,SUCCEEDED,result_out/final_runs/original/tm/hf100_lfx10/seed_322/bl0r322/report.json,True,
original_tm_hf100_lfx10_seed_333,original_bundle,TM,hf100_lfx10,HF-only+AR1/co-kriging+Neural-GP MF,333,SUCCEEDED,result_out/final_runs/original/tm/hf100_lfx10/seed_333/bl0r333/report.json,True,
original_tm_hf100_lfx10_seed_344,original_bundle,TM,hf100_lfx10,HF-only+AR1/co-kriging+Neural-GP MF,344,SUCCEEDED,result_out/final_runs/original/tm/hf100_lfx10/seed_344/bl0r344/report.json,True,
original_tm_hf100_lfx10_seed_355,original_bundle,TM,hf100_lfx10,HF-only+AR1/co-kriging+Neural-GP MF,355,SUCCEEDED,result_out/final_runs/original/tm/hf100_lfx10/seed_355/bl0r355/report.json,True,
original_tm_hf100_lfx10_seed_366,original_bundle,TM,hf100_lfx10,HF-only+AR1/co-kriging+Neural-GP MF,366,SUCCEEDED,result_out/final_runs/original/tm/hf100_lfx10/seed_366/bl0r366/report.json,True,
original_tm_hf100_lfx10_seed_377,original_bundle,TM,hf100_lfx10,HF-only+AR1/co-kriging+Neural-GP MF,377,SUCCEEDED,result_out/final_runs/original/tm/hf100_lfx10/seed_377/bl0r377/report.json,True,
original_tm_hf100_lfx10_seed_388,original_bundle,TM,hf100_lfx10,HF-only+AR1/co-kriging+Neural-GP MF,388,SUCCEEDED,result_out/final_runs/original/tm/hf100_lfx10/seed_388/bl0r388/report.json,True,
original_tm_hf100_lfx10_seed_399,original_bundle,TM,hf100_lfx10,HF-only+AR1/co-kriging+Neural-GP MF,399,SUCCEEDED,result_out/final_runs/original/tm/hf100_lfx10/seed_399/bl0r399/report.json,True,
original_tm_hf100_lfx15_seed_200,original_bundle,TM,hf100_lfx15,HF-only+AR1/co-kriging+Neural-GP MF,200,SUCCEEDED,result_out/final_runs/original/tm/hf100_lfx15/seed_200/bl0r200/report.json,True,
original_tm_hf100_lfx15_seed_210,original_bundle,TM,hf100_lfx15,HF-only+AR1/co-kriging+Neural-GP MF,210,SUCCEEDED,result_out/final_runs/original/tm/hf100_lfx15/seed_210/bl0r210/report.json,True,
original_tm_hf100_lfx15_seed_220,original_bundle,TM,hf100_lfx15,HF-only+AR1/co-kriging+Neural-GP MF,220,SUCCEEDED,result_out/final_runs/original/tm/hf100_lfx15/seed_220/bl0r220/report.json,True,
original_tm_hf100_lfx15_seed_230,original_bundle,TM,hf100_lfx15,HF-only+AR1/co-kriging+Neural-GP MF,230,SUCCEEDED,result_out/final_runs/original/tm/hf100_lfx15/seed_230/bl0r230/report.json,True,
original_tm_hf100_lfx15_seed_240,original_bundle,TM,hf100_lfx15,HF-only+AR1/co-kriging+Neural-GP MF,240,SUCCEEDED,result_out/final_runs/original/tm/hf100_lfx15/seed_240/bl0r240/report.json,True,
original_tm_hf100_lfx15_seed_250,original_bundle,TM,hf100_lfx15,HF-only+AR1/co-kriging+Neural-GP MF,250,SUCCEEDED,result_out/final_runs/original/tm/hf100_lfx15/seed_250/bl0r250/report.json,True,
original_tm_hf100_lfx15_seed_260,original_bundle,TM,hf100_lfx15,HF-only+AR1/co-kriging+Neural-GP MF,260,SUCCEEDED,result_out/final_runs/original/tm/hf100_lfx15/seed_260/bl0r260/report.json,True,
original_tm_hf100_lfx15_seed_270,original_bundle,TM,hf100_lfx15,HF-only+AR1/co-kriging+Neural-GP MF,270,SUCCEEDED,result_out/final_runs/original/tm/hf100_lfx15/seed_270/bl0r270/report.json,True,
original_tm_hf100_lfx15_seed_280,original_bundle,TM,hf100_lfx15,HF-only+AR1/co-kriging+Neural-GP MF,280,SUCCEEDED,result_out/final_runs/original/tm/hf100_lfx15/seed_280/bl0r280/report.json,True,
original_tm_hf100_lfx15_seed_290,original_bundle,TM,hf100_lfx15,HF-only+AR1/co-kriging+Neural-GP MF,290,SUCCEEDED,result_out/final_runs/original/tm/hf100_lfx15/seed_290/bl0r290/report.json,True,
original_tm_hf100_lfx15_seed_300,original_bundle,TM,hf100_lfx15,HF-only+AR1/co-kriging+Neural-GP MF,300,SUCCEEDED,result_out/final_runs/original/tm/hf100_lfx15/seed_300/bl0r300/report.json,True,
original_tm_hf100_lfx15_seed_311,original_bundle,TM,hf100_lfx15,HF-only+AR1/co-kriging+Neural-GP MF,311,SUCCEEDED,result_out/final_runs/original/tm/hf100_lfx15/seed_311/bl0r311/report.json,True,
original_tm_hf100_lfx15_seed_322,original_bundle,TM,hf100_lfx15,HF-only+AR1/co-kriging+Neural-GP MF,322,SUCCEEDED,result_out/final_runs/original/tm/hf100_lfx15/seed_322/bl0r322/report.json,True,
original_tm_hf100_lfx15_seed_333,original_bundle,TM,hf100_lfx15,HF-only+AR1/co-kriging+Neural-GP MF,333,SUCCEEDED,result_out/final_runs/original/tm/hf100_lfx15/seed_333/bl0r333/report.json,True,
original_tm_hf100_lfx15_seed_344,original_bundle,TM,hf100_lfx15,HF-only+AR1/co-kriging+Neural-GP MF,344,SUCCEEDED,result_out/final_runs/original/tm/hf100_lfx15/seed_344/bl0r344/report.json,True,
original_tm_hf100_lfx15_seed_355,original_bundle,TM,hf100_lfx15,HF-only+AR1/co-kriging+Neural-GP MF,355,SUCCEEDED,result_out/final_runs/original/tm/hf100_lfx15/seed_355/bl0r355/report.json,True,
original_tm_hf100_lfx15_seed_366,original_bundle,TM,hf100_lfx15,HF-only+AR1/co-kriging+Neural-GP MF,366,SUCCEEDED,result_out/final_runs/original/tm/hf100_lfx15/seed_366/bl0r366/report.json,True,
original_tm_hf100_lfx15_seed_377,original_bundle,TM,hf100_lfx15,HF-only+AR1/co-kriging+Neural-GP MF,377,SUCCEEDED,result_out/final_runs/original/tm/hf100_lfx15/seed_377/bl0r377/report.json,True,
original_tm_hf100_lfx15_seed_388,original_bundle,TM,hf100_lfx15,HF-only+AR1/co-kriging+Neural-GP MF,388,SUCCEEDED,result_out/final_runs/original/tm/hf100_lfx15/seed_388/bl0r388/report.json,True,
original_tm_hf100_lfx15_seed_399,original_bundle,TM,hf100_lfx15,HF-only+AR1/co-kriging+Neural-GP MF,399,SUCCEEDED,result_out/final_runs/original/tm/hf100_lfx15/seed_399/bl0r399/report.json,True,
original_tm_hf200_lfx05_seed_200,original_bundle,TM,hf200_lfx05,HF-only+AR1/co-kriging+Neural-GP MF,200,SUCCEEDED,result_out/final_runs/original/tm/hf200_lfx05/seed_200/bl0r200/report.json,True,
original_tm_hf200_lfx05_seed_210,original_bundle,TM,hf200_lfx05,HF-only+AR1/co-kriging+Neural-GP MF,210,SUCCEEDED,result_out/final_runs/original/tm/hf200_lfx05/seed_210/bl0r210/report.json,True,
original_tm_hf200_lfx05_seed_220,original_bundle,TM,hf200_lfx05,HF-only+AR1/co-kriging+Neural-GP MF,220,SUCCEEDED,result_out/final_runs/original/tm/hf200_lfx05/seed_220/bl0r220/report.json,True,
original_tm_hf200_lfx05_seed_230,original_bundle,TM,hf200_lfx05,HF-only+AR1/co-kriging+Neural-GP MF,230,SUCCEEDED,result_out/final_runs/original/tm/hf200_lfx05/seed_230/bl0r230/report.json,True,
original_tm_hf200_lfx05_seed_240,original_bundle,TM,hf200_lfx05,HF-only+AR1/co-kriging+Neural-GP MF,240,SUCCEEDED,result_out/final_runs/original/tm/hf200_lfx05/seed_240/bl0r240/report.json,True,
original_tm_hf200_lfx05_seed_250,original_bundle,TM,hf200_lfx05,HF-only+AR1/co-kriging+Neural-GP MF,250,SUCCEEDED,result_out/final_runs/original/tm/hf200_lfx05/seed_250/bl0r250/report.json,True,
original_tm_hf200_lfx05_seed_260,original_bundle,TM,hf200_lfx05,HF-only+AR1/co-kriging+Neural-GP MF,260,SUCCEEDED,result_out/final_runs/original/tm/hf200_lfx05/seed_260/bl0r260/report.json,True,
original_tm_hf200_lfx05_seed_270,original_bundle,TM,hf200_lfx05,HF-only+AR1/co-kriging+Neural-GP MF,270,SUCCEEDED,result_out/final_runs/original/tm/hf200_lfx05/seed_270/bl0r270/report.json,True,
original_tm_hf200_lfx05_seed_280,original_bundle,TM,hf200_lfx05,HF-only+AR1/co-kriging+Neural-GP MF,280,SUCCEEDED,result_out/final_runs/original/tm/hf200_lfx05/seed_280/bl0r280/report.json,True,
original_tm_hf200_lfx05_seed_290,original_bundle,TM,hf200_lfx05,HF-only+AR1/co-kriging+Neural-GP MF,290,SUCCEEDED,result_out/final_runs/original/tm/hf200_lfx05/seed_290/bl0r290/report.json,True,
original_tm_hf200_lfx05_seed_300,original_bundle,TM,hf200_lfx05,HF-only+AR1/co-kriging+Neural-GP MF,300,SUCCEEDED,result_out/final_runs/original/tm/hf200_lfx05/seed_300/bl0r300/report.json,True,
original_tm_hf200_lfx05_seed_311,original_bundle,TM,hf200_lfx05,HF-only+AR1/co-kriging+Neural-GP MF,311,SUCCEEDED,result_out/final_runs/original/tm/hf200_lfx05/seed_311/bl0r311/report.json,True,
original_tm_hf200_lfx05_seed_322,original_bundle,TM,hf200_lfx05,HF-only+AR1/co-kriging+Neural-GP MF,322,SUCCEEDED,result_out/final_runs/original/tm/hf200_lfx05/seed_322/bl0r322/report.json,True,
original_tm_hf200_lfx05_seed_333,original_bundle,TM,hf200_lfx05,HF-only+AR1/co-kriging+Neural-GP MF,333,SUCCEEDED,result_out/final_runs/original/tm/hf200_lfx05/seed_333/bl0r333/report.json,True,
original_tm_hf200_lfx05_seed_344,original_bundle,TM,hf200_lfx05,HF-only+AR1/co-kriging+Neural-GP MF,344,SUCCEEDED,result_out/final_runs/original/tm/hf200_lfx05/seed_344/bl0r344/report.json,True,
original_tm_hf200_lfx05_seed_355,original_bundle,TM,hf200_lfx05,HF-only+AR1/co-kriging+Neural-GP MF,355,SUCCEEDED,result_out/final_runs/original/tm/hf200_lfx05/seed_355/bl0r355/report.json,True,
original_tm_hf200_lfx05_seed_366,original_bundle,TM,hf200_lfx05,HF-only+AR1/co-kriging+Neural-GP MF,366,SUCCEEDED,result_out/final_runs/original/tm/hf200_lfx05/seed_366/bl0r366/report.json,True,
original_tm_hf200_lfx05_seed_377,original_bundle,TM,hf200_lfx05,HF-only+AR1/co-kriging+Neural-GP MF,377,SUCCEEDED,result_out/final_runs/original/tm/hf200_lfx05/seed_377/bl0r377/report.json,True,
original_tm_hf200_lfx05_seed_388,original_bundle,TM,hf200_lfx05,HF-only+AR1/co-kriging+Neural-GP MF,388,SUCCEEDED,result_out/final_runs/original/tm/hf200_lfx05/seed_388/bl0r388/report.json,True,
original_tm_hf200_lfx05_seed_399,original_bundle,TM,hf200_lfx05,HF-only+AR1/co-kriging+Neural-GP MF,399,SUCCEEDED,result_out/final_runs/original/tm/hf200_lfx05/seed_399/bl0r399/report.json,True,
original_tm_hf200_lfx10_seed_200,original_bundle,TM,hf200_lfx10,HF-only+AR1/co-kriging+Neural-GP MF,200,SUCCEEDED,result_out/final_runs/original/tm/hf200_lfx10/seed_200/bl0r200/report.json,True,
original_tm_hf200_lfx10_seed_210,original_bundle,TM,hf200_lfx10,HF-only+AR1/co-kriging+Neural-GP MF,210,SUCCEEDED,result_out/final_runs/original/tm/hf200_lfx10/seed_210/bl0r210/report.json,True,
original_tm_hf200_lfx10_seed_220,original_bundle,TM,hf200_lfx10,HF-only+AR1/co-kriging+Neural-GP MF,220,SUCCEEDED,result_out/final_runs/original/tm/hf200_lfx10/seed_220/bl0r220/report.json,True,
original_tm_hf200_lfx10_seed_230,original_bundle,TM,hf200_lfx10,HF-only+AR1/co-kriging+Neural-GP MF,230,SUCCEEDED,result_out/final_runs/original/tm/hf200_lfx10/seed_230/bl0r230/report.json,True,
original_tm_hf200_lfx10_seed_240,original_bundle,TM,hf200_lfx10,HF-only+AR1/co-kriging+Neural-GP MF,240,SUCCEEDED,result_out/final_runs/original/tm/hf200_lfx10/seed_240/bl0r240/report.json,True,
original_tm_hf200_lfx10_seed_250,original_bundle,TM,hf200_lfx10,HF-only+AR1/co-kriging+Neural-GP MF,250,SUCCEEDED,result_out/final_runs/original/tm/hf200_lfx10/seed_250/bl0r250/report.json,True,
original_tm_hf200_lfx10_seed_260,original_bundle,TM,hf200_lfx10,HF-only+AR1/co-kriging+Neural-GP MF,260,SUCCEEDED,result_out/final_runs/original/tm/hf200_lfx10/seed_260/bl0r260/report.json,True,
original_tm_hf200_lfx10_seed_270,original_bundle,TM,hf200_lfx10,HF-only+AR1/co-kriging+Neural-GP MF,270,SUCCEEDED,result_out/final_runs/original/tm/hf200_lfx10/seed_270/bl0r270/report.json,True,
original_tm_hf200_lfx10_seed_280,original_bundle,TM,hf200_lfx10,HF-only+AR1/co-kriging+Neural-GP MF,280,SUCCEEDED,result_out/final_runs/original/tm/hf200_lfx10/seed_280/bl0r280/report.json,True,
original_tm_hf200_lfx10_seed_290,original_bundle,TM,hf200_lfx10,HF-only+AR1/co-kriging+Neural-GP MF,290,SUCCEEDED,result_out/final_runs/original/tm/hf200_lfx10/seed_290/bl0r290/report.json,True,
original_tm_hf200_lfx10_seed_300,original_bundle,TM,hf200_lfx10,HF-only+AR1/co-kriging+Neural-GP MF,300,SUCCEEDED,result_out/final_runs/original/tm/hf200_lfx10/seed_300/bl0r300/report.json,True,
original_tm_hf200_lfx10_seed_311,original_bundle,TM,hf200_lfx10,HF-only+AR1/co-kriging+Neural-GP MF,311,SUCCEEDED,result_out/final_runs/original/tm/hf200_lfx10/seed_311/bl0r311/report.json,True,
original_tm_hf200_lfx10_seed_322,original_bundle,TM,hf200_lfx10,HF-only+AR1/co-kriging+Neural-GP MF,322,SUCCEEDED,result_out/final_runs/original/tm/hf200_lfx10/seed_322/bl0r322/report.json,True,
original_tm_hf200_lfx10_seed_333,original_bundle,TM,hf200_lfx10,HF-only+AR1/co-kriging+Neural-GP MF,333,SUCCEEDED,result_out/final_runs/original/tm/hf200_lfx10/seed_333/bl0r333/report.json,True,
original_tm_hf200_lfx10_seed_344,original_bundle,TM,hf200_lfx10,HF-only+AR1/co-kriging+Neural-GP MF,344,SUCCEEDED,result_out/final_runs/original/tm/hf200_lfx10/seed_344/bl0r344/report.json,True,
original_tm_hf200_lfx10_seed_355,original_bundle,TM,hf200_lfx10,HF-only+AR1/co-kriging+Neural-GP MF,355,SUCCEEDED,result_out/final_runs/original/tm/hf200_lfx10/seed_355/bl0r355/report.json,True,
original_tm_hf200_lfx10_seed_366,original_bundle,TM,hf200_lfx10,HF-only+AR1/co-kriging+Neural-GP MF,366,SUCCEEDED,result_out/final_runs/original/tm/hf200_lfx10/seed_366/bl0r366/report.json,True,
original_tm_hf200_lfx10_seed_377,original_bundle,TM,hf200_lfx10,HF-only+AR1/co-kriging+Neural-GP MF,377,SUCCEEDED,result_out/final_runs/original/tm/hf200_lfx10/seed_377/bl0r377/report.json,True,
original_tm_hf200_lfx10_seed_388,original_bundle,TM,hf200_lfx10,HF-only+AR1/co-kriging+Neural-GP MF,388,SUCCEEDED,result_out/final_runs/original/tm/hf200_lfx10/seed_388/bl0r388/report.json,True,
original_tm_hf200_lfx10_seed_399,original_bundle,TM,hf200_lfx10,HF-only+AR1/co-kriging+Neural-GP MF,399,SUCCEEDED,result_out/final_runs/original/tm/hf200_lfx10/seed_399/bl0r399/report.json,True,
original_tm_hf200_lfx15_seed_200,original_bundle,TM,hf200_lfx15,HF-only+AR1/co-kriging+Neural-GP MF,200,SUCCEEDED,result_out/final_runs/original/tm/hf200_lfx15/seed_200/bl0r200/report.json,True,
original_tm_hf200_lfx15_seed_210,original_bundle,TM,hf200_lfx15,HF-only+AR1/co-kriging+Neural-GP MF,210,SUCCEEDED,result_out/final_runs/original/tm/hf200_lfx15/seed_210/bl0r210/report.json,True,
original_tm_hf200_lfx15_seed_220,original_bundle,TM,hf200_lfx15,HF-only+AR1/co-kriging+Neural-GP MF,220,SUCCEEDED,result_out/final_runs/original/tm/hf200_lfx15/seed_220/bl0r220/report.json,True,
original_tm_hf200_lfx15_seed_230,original_bundle,TM,hf200_lfx15,HF-only+AR1/co-kriging+Neural-GP MF,230,SUCCEEDED,result_out/final_runs/original/tm/hf200_lfx15/seed_230/bl0r230/report.json,True,
original_tm_hf200_lfx15_seed_240,original_bundle,TM,hf200_lfx15,HF-only+AR1/co-kriging+Neural-GP MF,240,SUCCEEDED,result_out/final_runs/original/tm/hf200_lfx15/seed_240/bl0r240/report.json,True,
original_tm_hf200_lfx15_seed_250,original_bundle,TM,hf200_lfx15,HF-only+AR1/co-kriging+Neural-GP MF,250,SUCCEEDED,result_out/final_runs/original/tm/hf200_lfx15/seed_250/bl0r250/report.json,True,
original_tm_hf200_lfx15_seed_260,original_bundle,TM,hf200_lfx15,HF-only+AR1/co-kriging+Neural-GP MF,260,SUCCEEDED,result_out/final_runs/original/tm/hf200_lfx15/seed_260/bl0r260/report.json,True,
original_tm_hf200_lfx15_seed_270,original_bundle,TM,hf200_lfx15,HF-only+AR1/co-kriging+Neural-GP MF,270,SUCCEEDED,result_out/final_runs/original/tm/hf200_lfx15/seed_270/bl0r270/report.json,True,
original_tm_hf200_lfx15_seed_280,original_bundle,TM,hf200_lfx15,HF-only+AR1/co-kriging+Neural-GP MF,280,SUCCEEDED,result_out/final_runs/original/tm/hf200_lfx15/seed_280/bl0r280/report.json,True,
original_tm_hf200_lfx15_seed_290,original_bundle,TM,hf200_lfx15,HF-only+AR1/co-kriging+Neural-GP MF,290,SUCCEEDED,result_out/final_runs/original/tm/hf200_lfx15/seed_290/bl0r290/report.json,True,
original_tm_hf200_lfx15_seed_300,original_bundle,TM,hf200_lfx15,HF-only+AR1/co-kriging+Neural-GP MF,300,SUCCEEDED,result_out/final_runs/original/tm/hf200_lfx15/seed_300/bl0r300/report.json,True,
original_tm_hf200_lfx15_seed_311,original_bundle,TM,hf200_lfx15,HF-only+AR1/co-kriging+Neural-GP MF,311,SUCCEEDED,result_out/final_runs/original/tm/hf200_lfx15/seed_311/bl0r311/report.json,True,
original_tm_hf200_lfx15_seed_322,original_bundle,TM,hf200_lfx15,HF-only+AR1/co-kriging+Neural-GP MF,322,SUCCEEDED,result_out/final_runs/original/tm/hf200_lfx15/seed_322/bl0r322/report.json,True,
original_tm_hf200_lfx15_seed_333,original_bundle,TM,hf200_lfx15,HF-only+AR1/co-kriging+Neural-GP MF,333,SUCCEEDED,result_out/final_runs/original/tm/hf200_lfx15/seed_333/bl0r333/report.json,True,
original_tm_hf200_lfx15_seed_344,original_bundle,TM,hf200_lfx15,HF-only+AR1/co-kriging+Neural-GP MF,344,SUCCEEDED,result_out/final_runs/original/tm/hf200_lfx15/seed_344/bl0r344/report.json,True,
original_tm_hf200_lfx15_seed_355,original_bundle,TM,hf200_lfx15,HF-only+AR1/co-kriging+Neural-GP MF,355,SUCCEEDED,result_out/final_runs/original/tm/hf200_lfx15/seed_355/bl0r355/report.json,True,
original_tm_hf200_lfx15_seed_366,original_bundle,TM,hf200_lfx15,HF-only+AR1/co-kriging+Neural-GP MF,366,SUCCEEDED,result_out/final_runs/original/tm/hf200_lfx15/seed_366/bl0r366/report.json,True,
original_tm_hf200_lfx15_seed_377,original_bundle,TM,hf200_lfx15,HF-only+AR1/co-kriging+Neural-GP MF,377,SUCCEEDED,result_out/final_runs/original/tm/hf200_lfx15/seed_377/bl0r377/report.json,True,
original_tm_hf200_lfx15_seed_388,original_bundle,TM,hf200_lfx15,HF-only+AR1/co-kriging+Neural-GP MF,388,SUCCEEDED,result_out/final_runs/original/tm/hf200_lfx15/seed_388/bl0r388/report.json,True,
original_tm_hf200_lfx15_seed_399,original_bundle,TM,hf200_lfx15,HF-only+AR1/co-kriging+Neural-GP MF,399,SUCCEEDED,result_out/final_runs/original/tm/hf200_lfx15/seed_399/bl0r399/report.json,True,
original_tm_hf300_lfx05_seed_200,original_bundle,TM,hf300_lfx05,HF-only+AR1/co-kriging+Neural-GP MF,200,SUCCEEDED,result_out/final_runs/original/tm/hf300_lfx05/seed_200/bl0r200/report.json,True,
original_tm_hf300_lfx05_seed_210,original_bundle,TM,hf300_lfx05,HF-only+AR1/co-kriging+Neural-GP MF,210,SUCCEEDED,result_out/final_runs/original/tm/hf300_lfx05/seed_210/bl0r210/report.json,True,
original_tm_hf300_lfx05_seed_220,original_bundle,TM,hf300_lfx05,HF-only+AR1/co-kriging+Neural-GP MF,220,SUCCEEDED,result_out/final_runs/original/tm/hf300_lfx05/seed_220/bl0r220/report.json,True,
original_tm_hf300_lfx05_seed_230,original_bundle,TM,hf300_lfx05,HF-only+AR1/co-kriging+Neural-GP MF,230,SUCCEEDED,result_out/final_runs/original/tm/hf300_lfx05/seed_230/bl0r230/report.json,True,
original_tm_hf300_lfx05_seed_240,original_bundle,TM,hf300_lfx05,HF-only+AR1/co-kriging+Neural-GP MF,240,SUCCEEDED,result_out/final_runs/original/tm/hf300_lfx05/seed_240/bl0r240/report.json,True,
original_tm_hf300_lfx05_seed_250,original_bundle,TM,hf300_lfx05,HF-only+AR1/co-kriging+Neural-GP MF,250,SUCCEEDED,result_out/final_runs/original/tm/hf300_lfx05/seed_250/bl0r250/report.json,True,
original_tm_hf300_lfx05_seed_260,original_bundle,TM,hf300_lfx05,HF-only+AR1/co-kriging+Neural-GP MF,260,SUCCEEDED,result_out/final_runs/original/tm/hf300_lfx05/seed_260/bl0r260/report.json,True,
original_tm_hf300_lfx05_seed_270,original_bundle,TM,hf300_lfx05,HF-only+AR1/co-kriging+Neural-GP MF,270,SUCCEEDED,result_out/final_runs/original/tm/hf300_lfx05/seed_270/bl0r270/report.json,True,
original_tm_hf300_lfx05_seed_280,original_bundle,TM,hf300_lfx05,HF-only+AR1/co-kriging+Neural-GP MF,280,SUCCEEDED,result_out/final_runs/original/tm/hf300_lfx05/seed_280/bl0r280/report.json,True,
original_tm_hf300_lfx05_seed_290,original_bundle,TM,hf300_lfx05,HF-only+AR1/co-kriging+Neural-GP MF,290,SUCCEEDED,result_out/final_runs/original/tm/hf300_lfx05/seed_290/bl0r290/report.json,True,
original_tm_hf300_lfx05_seed_300,original_bundle,TM,hf300_lfx05,HF-only+AR1/co-kriging+Neural-GP MF,300,SUCCEEDED,result_out/final_runs/original/tm/hf300_lfx05/seed_300/bl0r300/report.json,True,
original_tm_hf300_lfx05_seed_311,original_bundle,TM,hf300_lfx05,HF-only+AR1/co-kriging+Neural-GP MF,311,SUCCEEDED,result_out/final_runs/original/tm/hf300_lfx05/seed_311/bl0r311/report.json,True,
original_tm_hf300_lfx05_seed_322,original_bundle,TM,hf300_lfx05,HF-only+AR1/co-kriging+Neural-GP MF,322,SUCCEEDED,result_out/final_runs/original/tm/hf300_lfx05/seed_322/bl0r322/report.json,True,
original_tm_hf300_lfx05_seed_333,original_bundle,TM,hf300_lfx05,HF-only+AR1/co-kriging+Neural-GP MF,333,SUCCEEDED,result_out/final_runs/original/tm/hf300_lfx05/seed_333/bl0r333/report.json,True,
original_tm_hf300_lfx05_seed_344,original_bundle,TM,hf300_lfx05,HF-only+AR1/co-kriging+Neural-GP MF,344,SUCCEEDED,result_out/final_runs/original/tm/hf300_lfx05/seed_344/bl0r344/report.json,True,
original_tm_hf300_lfx05_seed_355,original_bundle,TM,hf300_lfx05,HF-only+AR1/co-kriging+Neural-GP MF,355,SUCCEEDED,result_out/final_runs/original/tm/hf300_lfx05/seed_355/bl0r355/report.json,True,
original_tm_hf300_lfx05_seed_366,original_bundle,TM,hf300_lfx05,HF-only+AR1/co-kriging+Neural-GP MF,366,SUCCEEDED,result_out/final_runs/original/tm/hf300_lfx05/seed_366/bl0r366/report.json,True,
original_tm_hf300_lfx05_seed_377,original_bundle,TM,hf300_lfx05,HF-only+AR1/co-kriging+Neural-GP MF,377,SUCCEEDED,result_out/final_runs/original/tm/hf300_lfx05/seed_377/bl0r377/report.json,True,
original_tm_hf300_lfx05_seed_388,original_bundle,TM,hf300_lfx05,HF-only+AR1/co-kriging+Neural-GP MF,388,SUCCEEDED,result_out/final_runs/original/tm/hf300_lfx05/seed_388/bl0r388/report.json,True,
original_tm_hf300_lfx05_seed_399,original_bundle,TM,hf300_lfx05,HF-only+AR1/co-kriging+Neural-GP MF,399,SUCCEEDED,result_out/final_runs/original/tm/hf300_lfx05/seed_399/bl0r399/report.json,True,
original_tm_hf300_lfx10_seed_200,original_bundle,TM,hf300_lfx10,HF-only+AR1/co-kriging+Neural-GP MF,200,SUCCEEDED,result_out/final_runs/original/tm/hf300_lfx10/seed_200/bl0r200/report.json,True,
original_tm_hf300_lfx10_seed_210,original_bundle,TM,hf300_lfx10,HF-only+AR1/co-kriging+Neural-GP MF,210,SUCCEEDED,result_out/final_runs/original/tm/hf300_lfx10/seed_210/bl0r210/report.json,True,
original_tm_hf300_lfx10_seed_220,original_bundle,TM,hf300_lfx10,HF-only+AR1/co-kriging+Neural-GP MF,220,SUCCEEDED,result_out/final_runs/original/tm/hf300_lfx10/seed_220/bl0r220/report.json,True,
original_tm_hf300_lfx10_seed_230,original_bundle,TM,hf300_lfx10,HF-only+AR1/co-kriging+Neural-GP MF,230,SUCCEEDED,result_out/final_runs/original/tm/hf300_lfx10/seed_230/bl0r230/report.json,True,
original_tm_hf300_lfx10_seed_240,original_bundle,TM,hf300_lfx10,HF-only+AR1/co-kriging+Neural-GP MF,240,SUCCEEDED,result_out/final_runs/original/tm/hf300_lfx10/seed_240/bl0r240/report.json,True,
original_tm_hf300_lfx10_seed_250,original_bundle,TM,hf300_lfx10,HF-only+AR1/co-kriging+Neural-GP MF,250,SUCCEEDED,result_out/final_runs/original/tm/hf300_lfx10/seed_250/bl0r250/report.json,True,
original_tm_hf300_lfx10_seed_260,original_bundle,TM,hf300_lfx10,HF-only+AR1/co-kriging+Neural-GP MF,260,SUCCEEDED,result_out/final_runs/original/tm/hf300_lfx10/seed_260/bl0r260/report.json,True,
original_tm_hf300_lfx10_seed_270,original_bundle,TM,hf300_lfx10,HF-only+AR1/co-kriging+Neural-GP MF,270,SUCCEEDED,result_out/final_runs/original/tm/hf300_lfx10/seed_270/bl0r270/report.json,True,
original_tm_hf300_lfx10_seed_280,original_bundle,TM,hf300_lfx10,HF-only+AR1/co-kriging+Neural-GP MF,280,SUCCEEDED,result_out/final_runs/original/tm/hf300_lfx10/seed_280/bl0r280/report.json,True,
original_tm_hf300_lfx10_seed_290,original_bundle,TM,hf300_lfx10,HF-only+AR1/co-kriging+Neural-GP MF,290,SUCCEEDED,result_out/final_runs/original/tm/hf300_lfx10/seed_290/bl0r290/report.json,True,
original_tm_hf300_lfx10_seed_300,original_bundle,TM,hf300_lfx10,HF-only+AR1/co-kriging+Neural-GP MF,300,SUCCEEDED,result_out/final_runs/original/tm/hf300_lfx10/seed_300/bl0r300/report.json,True,
original_tm_hf300_lfx10_seed_311,original_bundle,TM,hf300_lfx10,HF-only+AR1/co-kriging+Neural-GP MF,311,SUCCEEDED,result_out/final_runs/original/tm/hf300_lfx10/seed_311/bl0r311/report.json,True,
original_tm_hf300_lfx10_seed_322,original_bundle,TM,hf300_lfx10,HF-only+AR1/co-kriging+Neural-GP MF,322,SUCCEEDED,result_out/final_runs/original/tm/hf300_lfx10/seed_322/bl0r322/report.json,True,
original_tm_hf300_lfx10_seed_333,original_bundle,TM,hf300_lfx10,HF-only+AR1/co-kriging+Neural-GP MF,333,SUCCEEDED,result_out/final_runs/original/tm/hf300_lfx10/seed_333/bl0r333/report.json,True,
original_tm_hf300_lfx10_seed_344,original_bundle,TM,hf300_lfx10,HF-only+AR1/co-kriging+Neural-GP MF,344,SUCCEEDED,result_out/final_runs/original/tm/hf300_lfx10/seed_344/bl0r344/report.json,True,
original_tm_hf300_lfx10_seed_355,original_bundle,TM,hf300_lfx10,HF-only+AR1/co-kriging+Neural-GP MF,355,SUCCEEDED,result_out/final_runs/original/tm/hf300_lfx10/seed_355/bl0r355/report.json,True,
original_tm_hf300_lfx10_seed_366,original_bundle,TM,hf300_lfx10,HF-only+AR1/co-kriging+Neural-GP MF,366,SUCCEEDED,result_out/final_runs/original/tm/hf300_lfx10/seed_366/bl0r366/report.json,True,
original_tm_hf300_lfx10_seed_377,original_bundle,TM,hf300_lfx10,HF-only+AR1/co-kriging+Neural-GP MF,377,SUCCEEDED,result_out/final_runs/original/tm/hf300_lfx10/seed_377/bl0r377/report.json,True,
original_tm_hf300_lfx10_seed_388,original_bundle,TM,hf300_lfx10,HF-only+AR1/co-kriging+Neural-GP MF,388,SUCCEEDED,result_out/final_runs/original/tm/hf300_lfx10/seed_388/bl0r388/report.json,True,
original_tm_hf300_lfx10_seed_399,original_bundle,TM,hf300_lfx10,HF-only+AR1/co-kriging+Neural-GP MF,399,SUCCEEDED,result_out/final_runs/original/tm/hf300_lfx10/seed_399/bl0r399/report.json,True,
original_tm_hf300_lfx15_seed_200,original_bundle,TM,hf300_lfx15,HF-only+AR1/co-kriging+Neural-GP MF,200,SUCCEEDED,result_out/final_runs/original/tm/hf300_lfx15/seed_200/bl0r200/report.json,True,
original_tm_hf300_lfx15_seed_210,original_bundle,TM,hf300_lfx15,HF-only+AR1/co-kriging+Neural-GP MF,210,SUCCEEDED,result_out/final_runs/original/tm/hf300_lfx15/seed_210/bl0r210/report.json,True,
original_tm_hf300_lfx15_seed_220,original_bundle,TM,hf300_lfx15,HF-only+AR1/co-kriging+Neural-GP MF,220,SUCCEEDED,result_out/final_runs/original/tm/hf300_lfx15/seed_220/bl0r220/report.json,True,
original_tm_hf300_lfx15_seed_230,original_bundle,TM,hf300_lfx15,HF-only+AR1/co-kriging+Neural-GP MF,230,SUCCEEDED,result_out/final_runs/original/tm/hf300_lfx15/seed_230/bl0r230/report.json,True,
original_tm_hf300_lfx15_seed_240,original_bundle,TM,hf300_lfx15,HF-only+AR1/co-kriging+Neural-GP MF,240,SUCCEEDED,result_out/final_runs/original/tm/hf300_lfx15/seed_240/bl0r240/report.json,True,
original_tm_hf300_lfx15_seed_250,original_bundle,TM,hf300_lfx15,HF-only+AR1/co-kriging+Neural-GP MF,250,SUCCEEDED,result_out/final_runs/original/tm/hf300_lfx15/seed_250/bl0r250/report.json,True,
original_tm_hf300_lfx15_seed_260,original_bundle,TM,hf300_lfx15,HF-only+AR1/co-kriging+Neural-GP MF,260,SUCCEEDED,result_out/final_runs/original/tm/hf300_lfx15/seed_260/bl0r260/report.json,True,
original_tm_hf300_lfx15_seed_270,original_bundle,TM,hf300_lfx15,HF-only+AR1/co-kriging+Neural-GP MF,270,SUCCEEDED,result_out/final_runs/original/tm/hf300_lfx15/seed_270/bl0r270/report.json,True,
original_tm_hf300_lfx15_seed_280,original_bundle,TM,hf300_lfx15,HF-only+AR1/co-kriging+Neural-GP MF,280,SUCCEEDED,result_out/final_runs/original/tm/hf300_lfx15/seed_280/bl0r280/report.json,True,
original_tm_hf300_lfx15_seed_290,original_bundle,TM,hf300_lfx15,HF-only+AR1/co-kriging+Neural-GP MF,290,SUCCEEDED,result_out/final_runs/original/tm/hf300_lfx15/seed_290/bl0r290/report.json,True,
original_tm_hf300_lfx15_seed_300,original_bundle,TM,hf300_lfx15,HF-only+AR1/co-kriging+Neural-GP MF,300,SUCCEEDED,result_out/final_runs/original/tm/hf300_lfx15/seed_300/bl0r300/report.json,True,
original_tm_hf300_lfx15_seed_311,original_bundle,TM,hf300_lfx15,HF-only+AR1/co-kriging+Neural-GP MF,311,SUCCEEDED,result_out/final_runs/original/tm/hf300_lfx15/seed_311/bl0r311/report.json,True,
original_tm_hf300_lfx15_seed_322,original_bundle,TM,hf300_lfx15,HF-only+AR1/co-kriging+Neural-GP MF,322,SUCCEEDED,result_out/final_runs/original/tm/hf300_lfx15/seed_322/bl0r322/report.json,True,
original_tm_hf300_lfx15_seed_333,original_bundle,TM,hf300_lfx15,HF-only+AR1/co-kriging+Neural-GP MF,333,SUCCEEDED,result_out/final_runs/original/tm/hf300_lfx15/seed_333/bl0r333/report.json,True,
original_tm_hf300_lfx15_seed_344,original_bundle,TM,hf300_lfx15,HF-only+AR1/co-kriging+Neural-GP MF,344,SUCCEEDED,result_out/final_runs/original/tm/hf300_lfx15/seed_344/bl0r344/report.json,True,
original_tm_hf300_lfx15_seed_355,original_bundle,TM,hf300_lfx15,HF-only+AR1/co-kriging+Neural-GP MF,355,SUCCEEDED,result_out/final_runs/original/tm/hf300_lfx15/seed_355/bl0r355/report.json,True,
original_tm_hf300_lfx15_seed_366,original_bundle,TM,hf300_lfx15,HF-only+AR1/co-kriging+Neural-GP MF,366,SUCCEEDED,result_out/final_runs/original/tm/hf300_lfx15/seed_366/bl0r366/report.json,True,
original_tm_hf300_lfx15_seed_377,original_bundle,TM,hf300_lfx15,HF-only+AR1/co-kriging+Neural-GP MF,377,SUCCEEDED,result_out/final_runs/original/tm/hf300_lfx15/seed_377/bl0r377/report.json,True,
original_tm_hf300_lfx15_seed_388,original_bundle,TM,hf300_lfx15,HF-only+AR1/co-kriging+Neural-GP MF,388,SUCCEEDED,result_out/final_runs/original/tm/hf300_lfx15/seed_388/bl0r388/report.json,True,
original_tm_hf300_lfx15_seed_399,original_bundle,TM,hf300_lfx15,HF-only+AR1/co-kriging+Neural-GP MF,399,SUCCEEDED,result_out/final_runs/original/tm/hf300_lfx15/seed_399/bl0r399/report.json,True,
original_tm_hf400_lfx05_seed_200,original_bundle,TM,hf400_lfx05,HF-only+AR1/co-kriging+Neural-GP MF,200,SUCCEEDED,result_out/final_runs/original/tm/hf400_lfx05/seed_200/bl0r200/report.json,True,
original_tm_hf400_lfx05_seed_210,original_bundle,TM,hf400_lfx05,HF-only+AR1/co-kriging+Neural-GP MF,210,SUCCEEDED,result_out/final_runs/original/tm/hf400_lfx05/seed_210/bl0r210/report.json,True,
original_tm_hf400_lfx05_seed_220,original_bundle,TM,hf400_lfx05,HF-only+AR1/co-kriging+Neural-GP MF,220,SUCCEEDED,result_out/final_runs/original/tm/hf400_lfx05/seed_220/bl0r220/report.json,True,
original_tm_hf400_lfx05_seed_230,original_bundle,TM,hf400_lfx05,HF-only+AR1/co-kriging+Neural-GP MF,230,SUCCEEDED,result_out/final_runs/original/tm/hf400_lfx05/seed_230/bl0r230/report.json,True,
original_tm_hf400_lfx05_seed_240,original_bundle,TM,hf400_lfx05,HF-only+AR1/co-kriging+Neural-GP MF,240,SUCCEEDED,result_out/final_runs/original/tm/hf400_lfx05/seed_240/bl0r240/report.json,True,
original_tm_hf400_lfx05_seed_250,original_bundle,TM,hf400_lfx05,HF-only+AR1/co-kriging+Neural-GP MF,250,SUCCEEDED,result_out/final_runs/original/tm/hf400_lfx05/seed_250/bl0r250/report.json,True,
original_tm_hf400_lfx05_seed_260,original_bundle,TM,hf400_lfx05,HF-only+AR1/co-kriging+Neural-GP MF,260,SUCCEEDED,result_out/final_runs/original/tm/hf400_lfx05/seed_260/bl0r260/report.json,True,
original_tm_hf400_lfx05_seed_270,original_bundle,TM,hf400_lfx05,HF-only+AR1/co-kriging+Neural-GP MF,270,SUCCEEDED,result_out/final_runs/original/tm/hf400_lfx05/seed_270/bl0r270/report.json,True,
original_tm_hf400_lfx05_seed_280,original_bundle,TM,hf400_lfx05,HF-only+AR1/co-kriging+Neural-GP MF,280,SUCCEEDED,result_out/final_runs/original/tm/hf400_lfx05/seed_280/bl0r280/report.json,True,
original_tm_hf400_lfx05_seed_290,original_bundle,TM,hf400_lfx05,HF-only+AR1/co-kriging+Neural-GP MF,290,SUCCEEDED,result_out/final_runs/original/tm/hf400_lfx05/seed_290/bl0r290/report.json,True,
original_tm_hf400_lfx05_seed_300,original_bundle,TM,hf400_lfx05,HF-only+AR1/co-kriging+Neural-GP MF,300,SUCCEEDED,result_out/final_runs/original/tm/hf400_lfx05/seed_300/bl0r300/report.json,True,
original_tm_hf400_lfx05_seed_311,original_bundle,TM,hf400_lfx05,HF-only+AR1/co-kriging+Neural-GP MF,311,SUCCEEDED,result_out/final_runs/original/tm/hf400_lfx05/seed_311/bl0r311/report.json,True,
original_tm_hf400_lfx05_seed_322,original_bundle,TM,hf400_lfx05,HF-only+AR1/co-kriging+Neural-GP MF,322,SUCCEEDED,result_out/final_runs/original/tm/hf400_lfx05/seed_322/bl0r322/report.json,True,
original_tm_hf400_lfx05_seed_333,original_bundle,TM,hf400_lfx05,HF-only+AR1/co-kriging+Neural-GP MF,333,SUCCEEDED,result_out/final_runs/original/tm/hf400_lfx05/seed_333/bl0r333/report.json,True,
original_tm_hf400_lfx05_seed_344,original_bundle,TM,hf400_lfx05,HF-only+AR1/co-kriging+Neural-GP MF,344,SUCCEEDED,result_out/final_runs/original/tm/hf400_lfx05/seed_344/bl0r344/report.json,True,
original_tm_hf400_lfx05_seed_355,original_bundle,TM,hf400_lfx05,HF-only+AR1/co-kriging+Neural-GP MF,355,SUCCEEDED,result_out/final_runs/original/tm/hf400_lfx05/seed_355/bl0r355/report.json,True,
original_tm_hf400_lfx05_seed_366,original_bundle,TM,hf400_lfx05,HF-only+AR1/co-kriging+Neural-GP MF,366,SUCCEEDED,result_out/final_runs/original/tm/hf400_lfx05/seed_366/bl0r366/report.json,True,
original_tm_hf400_lfx05_seed_377,original_bundle,TM,hf400_lfx05,HF-only+AR1/co-kriging+Neural-GP MF,377,SUCCEEDED,result_out/final_runs/original/tm/hf400_lfx05/seed_377/bl0r377/report.json,True,
original_tm_hf400_lfx05_seed_388,original_bundle,TM,hf400_lfx05,HF-only+AR1/co-kriging+Neural-GP MF,388,SUCCEEDED,result_out/final_runs/original/tm/hf400_lfx05/seed_388/bl0r388/report.json,True,
original_tm_hf400_lfx05_seed_399,original_bundle,TM,hf400_lfx05,HF-only+AR1/co-kriging+Neural-GP MF,399,SUCCEEDED,result_out/final_runs/original/tm/hf400_lfx05/seed_399/bl0r399/report.json,True,
original_tm_hf400_lfx10_seed_200,original_bundle,TM,hf400_lfx10,HF-only+AR1/co-kriging+Neural-GP MF,200,SUCCEEDED,result_out/final_runs/original/tm/hf400_lfx10/seed_200/bl0r200/report.json,True,
original_tm_hf400_lfx10_seed_210,original_bundle,TM,hf400_lfx10,HF-only+AR1/co-kriging+Neural-GP MF,210,SUCCEEDED,result_out/final_runs/original/tm/hf400_lfx10/seed_210/bl0r210/report.json,True,
original_tm_hf400_lfx10_seed_220,original_bundle,TM,hf400_lfx10,HF-only+AR1/co-kriging+Neural-GP MF,220,SUCCEEDED,result_out/final_runs/original/tm/hf400_lfx10/seed_220/bl0r220/report.json,True,
original_tm_hf400_lfx10_seed_230,original_bundle,TM,hf400_lfx10,HF-only+AR1/co-kriging+Neural-GP MF,230,SUCCEEDED,result_out/final_runs/original/tm/hf400_lfx10/seed_230/bl0r230/report.json,True,
original_tm_hf400_lfx10_seed_240,original_bundle,TM,hf400_lfx10,HF-only+AR1/co-kriging+Neural-GP MF,240,SUCCEEDED,result_out/final_runs/original/tm/hf400_lfx10/seed_240/bl0r240/report.json,True,
original_tm_hf400_lfx10_seed_250,original_bundle,TM,hf400_lfx10,HF-only+AR1/co-kriging+Neural-GP MF,250,SUCCEEDED,result_out/final_runs/original/tm/hf400_lfx10/seed_250/bl0r250/report.json,True,
original_tm_hf400_lfx10_seed_260,original_bundle,TM,hf400_lfx10,HF-only+AR1/co-kriging+Neural-GP MF,260,SUCCEEDED,result_out/final_runs/original/tm/hf400_lfx10/seed_260/bl0r260/report.json,True,
original_tm_hf400_lfx10_seed_270,original_bundle,TM,hf400_lfx10,HF-only+AR1/co-kriging+Neural-GP MF,270,SUCCEEDED,result_out/final_runs/original/tm/hf400_lfx10/seed_270/bl0r270/report.json,True,
original_tm_hf400_lfx10_seed_280,original_bundle,TM,hf400_lfx10,HF-only+AR1/co-kriging+Neural-GP MF,280,SUCCEEDED,result_out/final_runs/original/tm/hf400_lfx10/seed_280/bl0r280/report.json,True,
original_tm_hf400_lfx10_seed_290,original_bundle,TM,hf400_lfx10,HF-only+AR1/co-kriging+Neural-GP MF,290,SUCCEEDED,result_out/final_runs/original/tm/hf400_lfx10/seed_290/bl0r290/report.json,True,
original_tm_hf400_lfx10_seed_300,original_bundle,TM,hf400_lfx10,HF-only+AR1/co-kriging+Neural-GP MF,300,SUCCEEDED,result_out/final_runs/original/tm/hf400_lfx10/seed_300/bl0r300/report.json,True,
original_tm_hf400_lfx10_seed_311,original_bundle,TM,hf400_lfx10,HF-only+AR1/co-kriging+Neural-GP MF,311,SUCCEEDED,result_out/final_runs/original/tm/hf400_lfx10/seed_311/bl0r311/report.json,True,
original_tm_hf400_lfx10_seed_322,original_bundle,TM,hf400_lfx10,HF-only+AR1/co-kriging+Neural-GP MF,322,SUCCEEDED,result_out/final_runs/original/tm/hf400_lfx10/seed_322/bl0r322/report.json,True,
original_tm_hf400_lfx10_seed_333,original_bundle,TM,hf400_lfx10,HF-only+AR1/co-kriging+Neural-GP MF,333,SUCCEEDED,result_out/final_runs/original/tm/hf400_lfx10/seed_333/bl0r333/report.json,True,
original_tm_hf400_lfx10_seed_344,original_bundle,TM,hf400_lfx10,HF-only+AR1/co-kriging+Neural-GP MF,344,SUCCEEDED,result_out/final_runs/original/tm/hf400_lfx10/seed_344/bl0r344/report.json,True,
original_tm_hf400_lfx10_seed_355,original_bundle,TM,hf400_lfx10,HF-only+AR1/co-kriging+Neural-GP MF,355,SUCCEEDED,result_out/final_runs/original/tm/hf400_lfx10/seed_355/bl0r355/report.json,True,
original_tm_hf400_lfx10_seed_366,original_bundle,TM,hf400_lfx10,HF-only+AR1/co-kriging+Neural-GP MF,366,SUCCEEDED,result_out/final_runs/original/tm/hf400_lfx10/seed_366/bl0r366/report.json,True,
original_tm_hf400_lfx10_seed_377,original_bundle,TM,hf400_lfx10,HF-only+AR1/co-kriging+Neural-GP MF,377,SUCCEEDED,result_out/final_runs/original/tm/hf400_lfx10/seed_377/bl0r377/report.json,True,
original_tm_hf400_lfx10_seed_388,original_bundle,TM,hf400_lfx10,HF-only+AR1/co-kriging+Neural-GP MF,388,SUCCEEDED,result_out/final_runs/original/tm/hf400_lfx10/seed_388/bl0r388/report.json,True,
original_tm_hf400_lfx10_seed_399,original_bundle,TM,hf400_lfx10,HF-only+AR1/co-kriging+Neural-GP MF,399,SUCCEEDED,result_out/final_runs/original/tm/hf400_lfx10/seed_399/bl0r399/report.json,True,
original_tm_hf400_lfx15_seed_200,original_bundle,TM,hf400_lfx15,HF-only+AR1/co-kriging+Neural-GP MF,200,SUCCEEDED,result_out/final_runs/original/tm/hf400_lfx15/seed_200/bl0r200/report.json,True,
original_tm_hf400_lfx15_seed_210,original_bundle,TM,hf400_lfx15,HF-only+AR1/co-kriging+Neural-GP MF,210,SUCCEEDED,result_out/final_runs/original/tm/hf400_lfx15/seed_210/bl0r210/report.json,True,
original_tm_hf400_lfx15_seed_220,original_bundle,TM,hf400_lfx15,HF-only+AR1/co-kriging+Neural-GP MF,220,SUCCEEDED,result_out/final_runs/original/tm/hf400_lfx15/seed_220/bl0r220/report.json,True,
original_tm_hf400_lfx15_seed_230,original_bundle,TM,hf400_lfx15,HF-only+AR1/co-kriging+Neural-GP MF,230,SUCCEEDED,result_out/final_runs/original/tm/hf400_lfx15/seed_230/bl0r230/report.json,True,
original_tm_hf400_lfx15_seed_240,original_bundle,TM,hf400_lfx15,HF-only+AR1/co-kriging+Neural-GP MF,240,SUCCEEDED,result_out/final_runs/original/tm/hf400_lfx15/seed_240/bl0r240/report.json,True,
original_tm_hf400_lfx15_seed_250,original_bundle,TM,hf400_lfx15,HF-only+AR1/co-kriging+Neural-GP MF,250,SUCCEEDED,result_out/final_runs/original/tm/hf400_lfx15/seed_250/bl0r250/report.json,True,
original_tm_hf400_lfx15_seed_260,original_bundle,TM,hf400_lfx15,HF-only+AR1/co-kriging+Neural-GP MF,260,SUCCEEDED,result_out/final_runs/original/tm/hf400_lfx15/seed_260/bl0r260/report.json,True,
original_tm_hf400_lfx15_seed_270,original_bundle,TM,hf400_lfx15,HF-only+AR1/co-kriging+Neural-GP MF,270,SUCCEEDED,result_out/final_runs/original/tm/hf400_lfx15/seed_270/bl0r270/report.json,True,
original_tm_hf400_lfx15_seed_280,original_bundle,TM,hf400_lfx15,HF-only+AR1/co-kriging+Neural-GP MF,280,SUCCEEDED,result_out/final_runs/original/tm/hf400_lfx15/seed_280/bl0r280/report.json,True,
original_tm_hf400_lfx15_seed_290,original_bundle,TM,hf400_lfx15,HF-only+AR1/co-kriging+Neural-GP MF,290,SUCCEEDED,result_out/final_runs/original/tm/hf400_lfx15/seed_290/bl0r290/report.json,True,
original_tm_hf400_lfx15_seed_300,original_bundle,TM,hf400_lfx15,HF-only+AR1/co-kriging+Neural-GP MF,300,SUCCEEDED,result_out/final_runs/original/tm/hf400_lfx15/seed_300/bl0r300/report.json,True,
original_tm_hf400_lfx15_seed_311,original_bundle,TM,hf400_lfx15,HF-only+AR1/co-kriging+Neural-GP MF,311,SUCCEEDED,result_out/final_runs/original/tm/hf400_lfx15/seed_311/bl0r311/report.json,True,
original_tm_hf400_lfx15_seed_322,original_bundle,TM,hf400_lfx15,HF-only+AR1/co-kriging+Neural-GP MF,322,SUCCEEDED,result_out/final_runs/original/tm/hf400_lfx15/seed_322/bl0r322/report.json,True,
original_tm_hf400_lfx15_seed_333,original_bundle,TM,hf400_lfx15,HF-only+AR1/co-kriging+Neural-GP MF,333,SUCCEEDED,result_out/final_runs/original/tm/hf400_lfx15/seed_333/bl0r333/report.json,True,
original_tm_hf400_lfx15_seed_344,original_bundle,TM,hf400_lfx15,HF-only+AR1/co-kriging+Neural-GP MF,344,SUCCEEDED,result_out/final_runs/original/tm/hf400_lfx15/seed_344/bl0r344/report.json,True,
original_tm_hf400_lfx15_seed_355,original_bundle,TM,hf400_lfx15,HF-only+AR1/co-kriging+Neural-GP MF,355,SUCCEEDED,result_out/final_runs/original/tm/hf400_lfx15/seed_355/bl0r355/report.json,True,
original_tm_hf400_lfx15_seed_366,original_bundle,TM,hf400_lfx15,HF-only+AR1/co-kriging+Neural-GP MF,366,SUCCEEDED,result_out/final_runs/original/tm/hf400_lfx15/seed_366/bl0r366/report.json,True,
original_tm_hf400_lfx15_seed_377,original_bundle,TM,hf400_lfx15,HF-only+AR1/co-kriging+Neural-GP MF,377,SUCCEEDED,result_out/final_runs/original/tm/hf400_lfx15/seed_377/bl0r377/report.json,True,
original_tm_hf400_lfx15_seed_388,original_bundle,TM,hf400_lfx15,HF-only+AR1/co-kriging+Neural-GP MF,388,SUCCEEDED,result_out/final_runs/original/tm/hf400_lfx15/seed_388/bl0r388/report.json,True,
original_tm_hf400_lfx15_seed_399,original_bundle,TM,hf400_lfx15,HF-only+AR1/co-kriging+Neural-GP MF,399,SUCCEEDED,result_out/final_runs/original/tm/hf400_lfx15/seed_399/bl0r399/report.json,True,
original_tm_hf500_lfx05_seed_200,original_bundle,TM,hf500_lfx05,HF-only+AR1/co-kriging+Neural-GP MF,200,SUCCEEDED,result_out/final_runs/original/tm/hf500_lfx05/seed_200/bl0r200/report.json,True,
original_tm_hf500_lfx05_seed_210,original_bundle,TM,hf500_lfx05,HF-only+AR1/co-kriging+Neural-GP MF,210,SUCCEEDED,result_out/final_runs/original/tm/hf500_lfx05/seed_210/bl0r210/report.json,True,
original_tm_hf500_lfx05_seed_220,original_bundle,TM,hf500_lfx05,HF-only+AR1/co-kriging+Neural-GP MF,220,SUCCEEDED,result_out/final_runs/original/tm/hf500_lfx05/seed_220/bl0r220/report.json,True,
original_tm_hf500_lfx05_seed_230,original_bundle,TM,hf500_lfx05,HF-only+AR1/co-kriging+Neural-GP MF,230,SUCCEEDED,result_out/final_runs/original/tm/hf500_lfx05/seed_230/bl0r230/report.json,True,
original_tm_hf500_lfx05_seed_240,original_bundle,TM,hf500_lfx05,HF-only+AR1/co-kriging+Neural-GP MF,240,SUCCEEDED,result_out/final_runs/original/tm/hf500_lfx05/seed_240/bl0r240/report.json,True,
original_tm_hf500_lfx05_seed_250,original_bundle,TM,hf500_lfx05,HF-only+AR1/co-kriging+Neural-GP MF,250,SUCCEEDED,result_out/final_runs/original/tm/hf500_lfx05/seed_250/bl0r250/report.json,True,
original_tm_hf500_lfx05_seed_260,original_bundle,TM,hf500_lfx05,HF-only+AR1/co-kriging+Neural-GP MF,260,SUCCEEDED,result_out/final_runs/original/tm/hf500_lfx05/seed_260/bl0r260/report.json,True,
original_tm_hf500_lfx05_seed_270,original_bundle,TM,hf500_lfx05,HF-only+AR1/co-kriging+Neural-GP MF,270,SUCCEEDED,result_out/final_runs/original/tm/hf500_lfx05/seed_270/bl0r270/report.json,True,
original_tm_hf500_lfx05_seed_280,original_bundle,TM,hf500_lfx05,HF-only+AR1/co-kriging+Neural-GP MF,280,SUCCEEDED,result_out/final_runs/original/tm/hf500_lfx05/seed_280/bl0r280/report.json,True,
original_tm_hf500_lfx05_seed_290,original_bundle,TM,hf500_lfx05,HF-only+AR1/co-kriging+Neural-GP MF,290,SUCCEEDED,result_out/final_runs/original/tm/hf500_lfx05/seed_290/bl0r290/report.json,True,
original_tm_hf500_lfx05_seed_300,original_bundle,TM,hf500_lfx05,HF-only+AR1/co-kriging+Neural-GP MF,300,SUCCEEDED,result_out/final_runs/original/tm/hf500_lfx05/seed_300/bl0r300/report.json,True,
original_tm_hf500_lfx05_seed_311,original_bundle,TM,hf500_lfx05,HF-only+AR1/co-kriging+Neural-GP MF,311,SUCCEEDED,result_out/final_runs/original/tm/hf500_lfx05/seed_311/bl0r311/report.json,True,
original_tm_hf500_lfx05_seed_322,original_bundle,TM,hf500_lfx05,HF-only+AR1/co-kriging+Neural-GP MF,322,SUCCEEDED,result_out/final_runs/original/tm/hf500_lfx05/seed_322/bl0r322/report.json,True,
original_tm_hf500_lfx05_seed_333,original_bundle,TM,hf500_lfx05,HF-only+AR1/co-kriging+Neural-GP MF,333,SUCCEEDED,result_out/final_runs/original/tm/hf500_lfx05/seed_333/bl0r333/report.json,True,
original_tm_hf500_lfx05_seed_344,original_bundle,TM,hf500_lfx05,HF-only+AR1/co-kriging+Neural-GP MF,344,SUCCEEDED,result_out/final_runs/original/tm/hf500_lfx05/seed_344/bl0r344/report.json,True,
original_tm_hf500_lfx05_seed_355,original_bundle,TM,hf500_lfx05,HF-only+AR1/co-kriging+Neural-GP MF,355,SUCCEEDED,result_out/final_runs/original/tm/hf500_lfx05/seed_355/bl0r355/report.json,True,
original_tm_hf500_lfx05_seed_366,original_bundle,TM,hf500_lfx05,HF-only+AR1/co-kriging+Neural-GP MF,366,SUCCEEDED,result_out/final_runs/original/tm/hf500_lfx05/seed_366/bl0r366/report.json,True,
original_tm_hf500_lfx05_seed_377,original_bundle,TM,hf500_lfx05,HF-only+AR1/co-kriging+Neural-GP MF,377,SUCCEEDED,result_out/final_runs/original/tm/hf500_lfx05/seed_377/bl0r377/report.json,True,
original_tm_hf500_lfx05_seed_388,original_bundle,TM,hf500_lfx05,HF-only+AR1/co-kriging+Neural-GP MF,388,SUCCEEDED,result_out/final_runs/original/tm/hf500_lfx05/seed_388/bl0r388/report.json,True,
original_tm_hf500_lfx05_seed_399,original_bundle,TM,hf500_lfx05,HF-only+AR1/co-kriging+Neural-GP MF,399,SUCCEEDED,result_out/final_runs/original/tm/hf500_lfx05/seed_399/bl0r399/report.json,True,
original_tm_hf500_lfx10_seed_200,original_bundle,TM,hf500_lfx10,HF-only+AR1/co-kriging+Neural-GP MF,200,SUCCEEDED,result_out/final_runs/original/tm/hf500_lfx10/seed_200/bl0r200/report.json,True,
original_tm_hf500_lfx10_seed_210,original_bundle,TM,hf500_lfx10,HF-only+AR1/co-kriging+Neural-GP MF,210,SUCCEEDED,result_out/final_runs/original/tm/hf500_lfx10/seed_210/bl0r210/report.json,True,
original_tm_hf500_lfx10_seed_220,original_bundle,TM,hf500_lfx10,HF-only+AR1/co-kriging+Neural-GP MF,220,SUCCEEDED,result_out/final_runs/original/tm/hf500_lfx10/seed_220/bl0r220/report.json,True,
original_tm_hf500_lfx10_seed_230,original_bundle,TM,hf500_lfx10,HF-only+AR1/co-kriging+Neural-GP MF,230,SUCCEEDED,result_out/final_runs/original/tm/hf500_lfx10/seed_230/bl0r230/report.json,True,
original_tm_hf500_lfx10_seed_240,original_bundle,TM,hf500_lfx10,HF-only+AR1/co-kriging+Neural-GP MF,240,SUCCEEDED,result_out/final_runs/original/tm/hf500_lfx10/seed_240/bl0r240/report.json,True,
original_tm_hf500_lfx10_seed_250,original_bundle,TM,hf500_lfx10,HF-only+AR1/co-kriging+Neural-GP MF,250,SUCCEEDED,result_out/final_runs/original/tm/hf500_lfx10/seed_250/bl0r250/report.json,True,
original_tm_hf500_lfx10_seed_260,original_bundle,TM,hf500_lfx10,HF-only+AR1/co-kriging+Neural-GP MF,260,SUCCEEDED,result_out/final_runs/original/tm/hf500_lfx10/seed_260/bl0r260/report.json,True,
original_tm_hf500_lfx10_seed_270,original_bundle,TM,hf500_lfx10,HF-only+AR1/co-kriging+Neural-GP MF,270,SUCCEEDED,result_out/final_runs/original/tm/hf500_lfx10/seed_270/bl0r270/report.json,True,
original_tm_hf500_lfx10_seed_280,original_bundle,TM,hf500_lfx10,HF-only+AR1/co-kriging+Neural-GP MF,280,SUCCEEDED,result_out/final_runs/original/tm/hf500_lfx10/seed_280/bl0r280/report.json,True,
original_tm_hf500_lfx10_seed_290,original_bundle,TM,hf500_lfx10,HF-only+AR1/co-kriging+Neural-GP MF,290,SUCCEEDED,result_out/final_runs/original/tm/hf500_lfx10/seed_290/bl0r290/report.json,True,
original_tm_hf500_lfx10_seed_300,original_bundle,TM,hf500_lfx10,HF-only+AR1/co-kriging+Neural-GP MF,300,SUCCEEDED,result_out/final_runs/original/tm/hf500_lfx10/seed_300/bl0r300/report.json,True,
original_tm_hf500_lfx10_seed_311,original_bundle,TM,hf500_lfx10,HF-only+AR1/co-kriging+Neural-GP MF,311,SUCCEEDED,result_out/final_runs/original/tm/hf500_lfx10/seed_311/bl0r311/report.json,True,
original_tm_hf500_lfx10_seed_322,original_bundle,TM,hf500_lfx10,HF-only+AR1/co-kriging+Neural-GP MF,322,SUCCEEDED,result_out/final_runs/original/tm/hf500_lfx10/seed_322/bl0r322/report.json,True,
original_tm_hf500_lfx10_seed_333,original_bundle,TM,hf500_lfx10,HF-only+AR1/co-kriging+Neural-GP MF,333,SUCCEEDED,result_out/final_runs/original/tm/hf500_lfx10/seed_333/bl0r333/report.json,True,
original_tm_hf500_lfx10_seed_344,original_bundle,TM,hf500_lfx10,HF-only+AR1/co-kriging+Neural-GP MF,344,SUCCEEDED,result_out/final_runs/original/tm/hf500_lfx10/seed_344/bl0r344/report.json,True,
original_tm_hf500_lfx10_seed_355,original_bundle,TM,hf500_lfx10,HF-only+AR1/co-kriging+Neural-GP MF,355,SUCCEEDED,result_out/final_runs/original/tm/hf500_lfx10/seed_355/bl0r355/report.json,True,
original_tm_hf500_lfx10_seed_366,original_bundle,TM,hf500_lfx10,HF-only+AR1/co-kriging+Neural-GP MF,366,SUCCEEDED,result_out/final_runs/original/tm/hf500_lfx10/seed_366/bl0r366/report.json,True,
original_tm_hf500_lfx10_seed_377,original_bundle,TM,hf500_lfx10,HF-only+AR1/co-kriging+Neural-GP MF,377,SUCCEEDED,result_out/final_runs/original/tm/hf500_lfx10/seed_377/bl0r377/report.json,True,
original_tm_hf500_lfx10_seed_388,original_bundle,TM,hf500_lfx10,HF-only+AR1/co-kriging+Neural-GP MF,388,SUCCEEDED,result_out/final_runs/original/tm/hf500_lfx10/seed_388/bl0r388/report.json,True,
original_tm_hf500_lfx10_seed_399,original_bundle,TM,hf500_lfx10,HF-only+AR1/co-kriging+Neural-GP MF,399,SUCCEEDED,result_out/final_runs/original/tm/hf500_lfx10/seed_399/bl0r399/report.json,True,
original_tm_hf500_lfx15_seed_200,original_bundle,TM,hf500_lfx15,HF-only+AR1/co-kriging+Neural-GP MF,200,SUCCEEDED,result_out/final_runs/original/tm/hf500_lfx15/seed_200/bl0r200/report.json,True,
original_tm_hf500_lfx15_seed_210,original_bundle,TM,hf500_lfx15,HF-only+AR1/co-kriging+Neural-GP MF,210,SUCCEEDED,result_out/final_runs/original/tm/hf500_lfx15/seed_210/bl0r210/report.json,True,
original_tm_hf500_lfx15_seed_220,original_bundle,TM,hf500_lfx15,HF-only+AR1/co-kriging+Neural-GP MF,220,SUCCEEDED,result_out/final_runs/original/tm/hf500_lfx15/seed_220/bl0r220/report.json,True,
original_tm_hf500_lfx15_seed_230,original_bundle,TM,hf500_lfx15,HF-only+AR1/co-kriging+Neural-GP MF,230,SUCCEEDED,result_out/final_runs/original/tm/hf500_lfx15/seed_230/bl0r230/report.json,True,
original_tm_hf500_lfx15_seed_240,original_bundle,TM,hf500_lfx15,HF-only+AR1/co-kriging+Neural-GP MF,240,SUCCEEDED,result_out/final_runs/original/tm/hf500_lfx15/seed_240/bl0r240/report.json,True,
original_tm_hf500_lfx15_seed_250,original_bundle,TM,hf500_lfx15,HF-only+AR1/co-kriging+Neural-GP MF,250,SUCCEEDED,result_out/final_runs/original/tm/hf500_lfx15/seed_250/bl0r250/report.json,True,
original_tm_hf500_lfx15_seed_260,original_bundle,TM,hf500_lfx15,HF-only+AR1/co-kriging+Neural-GP MF,260,SUCCEEDED,result_out/final_runs/original/tm/hf500_lfx15/seed_260/bl0r260/report.json,True,
original_tm_hf500_lfx15_seed_270,original_bundle,TM,hf500_lfx15,HF-only+AR1/co-kriging+Neural-GP MF,270,SUCCEEDED,result_out/final_runs/original/tm/hf500_lfx15/seed_270/bl0r270/report.json,True,
original_tm_hf500_lfx15_seed_280,original_bundle,TM,hf500_lfx15,HF-only+AR1/co-kriging+Neural-GP MF,280,SUCCEEDED,result_out/final_runs/original/tm/hf500_lfx15/seed_280/bl0r280/report.json,True,
original_tm_hf500_lfx15_seed_290,original_bundle,TM,hf500_lfx15,HF-only+AR1/co-kriging+Neural-GP MF,290,SUCCEEDED,result_out/final_runs/original/tm/hf500_lfx15/seed_290/bl0r290/report.json,True,
original_tm_hf500_lfx15_seed_300,original_bundle,TM,hf500_lfx15,HF-only+AR1/co-kriging+Neural-GP MF,300,SUCCEEDED,result_out/final_runs/original/tm/hf500_lfx15/seed_300/bl0r300/report.json,True,
original_tm_hf500_lfx15_seed_311,original_bundle,TM,hf500_lfx15,HF-only+AR1/co-kriging+Neural-GP MF,311,SUCCEEDED,result_out/final_runs/original/tm/hf500_lfx15/seed_311/bl0r311/report.json,True,
original_tm_hf500_lfx15_seed_322,original_bundle,TM,hf500_lfx15,HF-only+AR1/co-kriging+Neural-GP MF,322,SUCCEEDED,result_out/final_runs/original/tm/hf500_lfx15/seed_322/bl0r322/report.json,True,
original_tm_hf500_lfx15_seed_333,original_bundle,TM,hf500_lfx15,HF-only+AR1/co-kriging+Neural-GP MF,333,SUCCEEDED,result_out/final_runs/original/tm/hf500_lfx15/seed_333/bl0r333/report.json,True,
original_tm_hf500_lfx15_seed_344,original_bundle,TM,hf500_lfx15,HF-only+AR1/co-kriging+Neural-GP MF,344,SUCCEEDED,result_out/final_runs/original/tm/hf500_lfx15/seed_344/bl0r344/report.json,True,
original_tm_hf500_lfx15_seed_355,original_bundle,TM,hf500_lfx15,HF-only+AR1/co-kriging+Neural-GP MF,355,SUCCEEDED,result_out/final_runs/original/tm/hf500_lfx15/seed_355/bl0r355/report.json,True,
original_tm_hf500_lfx15_seed_366,original_bundle,TM,hf500_lfx15,HF-only+AR1/co-kriging+Neural-GP MF,366,SUCCEEDED,result_out/final_runs/original/tm/hf500_lfx15/seed_366/bl0r366/report.json,True,
original_tm_hf500_lfx15_seed_377,original_bundle,TM,hf500_lfx15,HF-only+AR1/co-kriging+Neural-GP MF,377,SUCCEEDED,result_out/final_runs/original/tm/hf500_lfx15/seed_377/bl0r377/report.json,True,
original_tm_hf500_lfx15_seed_388,original_bundle,TM,hf500_lfx15,HF-only+AR1/co-kriging+Neural-GP MF,388,SUCCEEDED,result_out/final_runs/original/tm/hf500_lfx15/seed_388/bl0r388/report.json,True,
original_tm_hf500_lfx15_seed_399,original_bundle,TM,hf500_lfx15,HF-only+AR1/co-kriging+Neural-GP MF,399,SUCCEEDED,result_out/final_runs/original/tm/hf500_lfx15/seed_399/bl0r399/report.json,True,
original_ab_hf50_lfx05_seed_200,original_bundle,AB,hf50_lfx05,HF-only+AR1/co-kriging+Neural-GP MF,200,SUCCEEDED,result_out/final_runs/original/ab/hf50_lfx05/seed_200/ba0r200/report.json,True,
original_ab_hf50_lfx05_seed_210,original_bundle,AB,hf50_lfx05,HF-only+AR1/co-kriging+Neural-GP MF,210,SUCCEEDED,result_out/final_runs/original/ab/hf50_lfx05/seed_210/ba0r210/report.json,True,
original_ab_hf50_lfx05_seed_220,original_bundle,AB,hf50_lfx05,HF-only+AR1/co-kriging+Neural-GP MF,220,SUCCEEDED,result_out/final_runs/original/ab/hf50_lfx05/seed_220/ba0r220/report.json,True,
original_ab_hf50_lfx05_seed_230,original_bundle,AB,hf50_lfx05,HF-only+AR1/co-kriging+Neural-GP MF,230,SUCCEEDED,result_out/final_runs/original/ab/hf50_lfx05/seed_230/ba0r230/report.json,True,
original_ab_hf50_lfx05_seed_240,original_bundle,AB,hf50_lfx05,HF-only+AR1/co-kriging+Neural-GP MF,240,SUCCEEDED,result_out/final_runs/original/ab/hf50_lfx05/seed_240/ba0r240/report.json,True,
original_ab_hf50_lfx05_seed_250,original_bundle,AB,hf50_lfx05,HF-only+AR1/co-kriging+Neural-GP MF,250,SUCCEEDED,result_out/final_runs/original/ab/hf50_lfx05/seed_250/ba0r250/report.json,True,
original_ab_hf50_lfx05_seed_260,original_bundle,AB,hf50_lfx05,HF-only+AR1/co-kriging+Neural-GP MF,260,SUCCEEDED,result_out/final_runs/original/ab/hf50_lfx05/seed_260/ba0r260/report.json,True,
original_ab_hf50_lfx05_seed_270,original_bundle,AB,hf50_lfx05,HF-only+AR1/co-kriging+Neural-GP MF,270,SUCCEEDED,result_out/final_runs/original/ab/hf50_lfx05/seed_270/ba0r270/report.json,True,
original_ab_hf50_lfx05_seed_280,original_bundle,AB,hf50_lfx05,HF-only+AR1/co-kriging+Neural-GP MF,280,SUCCEEDED,result_out/final_runs/original/ab/hf50_lfx05/seed_280/ba0r280/report.json,True,
original_ab_hf50_lfx05_seed_290,original_bundle,AB,hf50_lfx05,HF-only+AR1/co-kriging+Neural-GP MF,290,SUCCEEDED,result_out/final_runs/original/ab/hf50_lfx05/seed_290/ba0r290/report.json,True,
original_ab_hf50_lfx05_seed_300,original_bundle,AB,hf50_lfx05,HF-only+AR1/co-kriging+Neural-GP MF,300,SUCCEEDED,result_out/final_runs/original/ab/hf50_lfx05/seed_300/ba0r300/report.json,True,
original_ab_hf50_lfx05_seed_311,original_bundle,AB,hf50_lfx05,HF-only+AR1/co-kriging+Neural-GP MF,311,SUCCEEDED,result_out/final_runs/original/ab/hf50_lfx05/seed_311/ba0r311/report.json,True,
original_ab_hf50_lfx05_seed_322,original_bundle,AB,hf50_lfx05,HF-only+AR1/co-kriging+Neural-GP MF,322,SUCCEEDED,result_out/final_runs/original/ab/hf50_lfx05/seed_322/ba0r322/report.json,True,
original_ab_hf50_lfx05_seed_333,original_bundle,AB,hf50_lfx05,HF-only+AR1/co-kriging+Neural-GP MF,333,SUCCEEDED,result_out/final_runs/original/ab/hf50_lfx05/seed_333/ba0r333/report.json,True,
original_ab_hf50_lfx05_seed_344,original_bundle,AB,hf50_lfx05,HF-only+AR1/co-kriging+Neural-GP MF,344,SUCCEEDED,result_out/final_runs/original/ab/hf50_lfx05/seed_344/ba0r344/report.json,True,
original_ab_hf50_lfx05_seed_355,original_bundle,AB,hf50_lfx05,HF-only+AR1/co-kriging+Neural-GP MF,355,SUCCEEDED,result_out/final_runs/original/ab/hf50_lfx05/seed_355/ba0r355/report.json,True,
original_ab_hf50_lfx05_seed_366,original_bundle,AB,hf50_lfx05,HF-only+AR1/co-kriging+Neural-GP MF,366,SUCCEEDED,result_out/final_runs/original/ab/hf50_lfx05/seed_366/ba0r366/report.json,True,
original_ab_hf50_lfx05_seed_377,original_bundle,AB,hf50_lfx05,HF-only+AR1/co-kriging+Neural-GP MF,377,SUCCEEDED,result_out/final_runs/original/ab/hf50_lfx05/seed_377/ba0r377/report.json,True,
original_ab_hf50_lfx05_seed_388,original_bundle,AB,hf50_lfx05,HF-only+AR1/co-kriging+Neural-GP MF,388,SUCCEEDED,result_out/final_runs/original/ab/hf50_lfx05/seed_388/ba0r388/report.json,True,
original_ab_hf50_lfx05_seed_399,original_bundle,AB,hf50_lfx05,HF-only+AR1/co-kriging+Neural-GP MF,399,SUCCEEDED,result_out/final_runs/original/ab/hf50_lfx05/seed_399/ba0r399/report.json,True,
original_ab_hf50_lfx10_seed_200,original_bundle,AB,hf50_lfx10,HF-only+AR1/co-kriging+Neural-GP MF,200,SUCCEEDED,result_out/final_runs/original/ab/hf50_lfx10/seed_200/ba0r200/report.json,True,
original_ab_hf50_lfx10_seed_210,original_bundle,AB,hf50_lfx10,HF-only+AR1/co-kriging+Neural-GP MF,210,SUCCEEDED,result_out/final_runs/original/ab/hf50_lfx10/seed_210/ba0r210/report.json,True,
original_ab_hf50_lfx10_seed_220,original_bundle,AB,hf50_lfx10,HF-only+AR1/co-kriging+Neural-GP MF,220,SUCCEEDED,result_out/final_runs/original/ab/hf50_lfx10/seed_220/ba0r220/report.json,True,
original_ab_hf50_lfx10_seed_230,original_bundle,AB,hf50_lfx10,HF-only+AR1/co-kriging+Neural-GP MF,230,SUCCEEDED,result_out/final_runs/original/ab/hf50_lfx10/seed_230/ba0r230/report.json,True,
original_ab_hf50_lfx10_seed_240,original_bundle,AB,hf50_lfx10,HF-only+AR1/co-kriging+Neural-GP MF,240,SUCCEEDED,result_out/final_runs/original/ab/hf50_lfx10/seed_240/ba0r240/report.json,True,
original_ab_hf50_lfx10_seed_250,original_bundle,AB,hf50_lfx10,HF-only+AR1/co-kriging+Neural-GP MF,250,SUCCEEDED,result_out/final_runs/original/ab/hf50_lfx10/seed_250/ba0r250/report.json,True,
original_ab_hf50_lfx10_seed_260,original_bundle,AB,hf50_lfx10,HF-only+AR1/co-kriging+Neural-GP MF,260,SUCCEEDED,result_out/final_runs/original/ab/hf50_lfx10/seed_260/ba0r260/report.json,True,
original_ab_hf50_lfx10_seed_270,original_bundle,AB,hf50_lfx10,HF-only+AR1/co-kriging+Neural-GP MF,270,SUCCEEDED,result_out/final_runs/original/ab/hf50_lfx10/seed_270/ba0r270/report.json,True,
original_ab_hf50_lfx10_seed_280,original_bundle,AB,hf50_lfx10,HF-only+AR1/co-kriging+Neural-GP MF,280,SUCCEEDED,result_out/final_runs/original/ab/hf50_lfx10/seed_280/ba0r280/report.json,True,
original_ab_hf50_lfx10_seed_290,original_bundle,AB,hf50_lfx10,HF-only+AR1/co-kriging+Neural-GP MF,290,SUCCEEDED,result_out/final_runs/original/ab/hf50_lfx10/seed_290/ba0r290/report.json,True,
original_ab_hf50_lfx10_seed_300,original_bundle,AB,hf50_lfx10,HF-only+AR1/co-kriging+Neural-GP MF,300,SUCCEEDED,result_out/final_runs/original/ab/hf50_lfx10/seed_300/ba0r300/report.json,True,
original_ab_hf50_lfx10_seed_311,original_bundle,AB,hf50_lfx10,HF-only+AR1/co-kriging+Neural-GP MF,311,SUCCEEDED,result_out/final_runs/original/ab/hf50_lfx10/seed_311/ba0r311/report.json,True,
original_ab_hf50_lfx10_seed_322,original_bundle,AB,hf50_lfx10,HF-only+AR1/co-kriging+Neural-GP MF,322,SUCCEEDED,result_out/final_runs/original/ab/hf50_lfx10/seed_322/ba0r322/report.json,True,
original_ab_hf50_lfx10_seed_333,original_bundle,AB,hf50_lfx10,HF-only+AR1/co-kriging+Neural-GP MF,333,SUCCEEDED,result_out/final_runs/original/ab/hf50_lfx10/seed_333/ba0r333/report.json,True,
original_ab_hf50_lfx10_seed_344,original_bundle,AB,hf50_lfx10,HF-only+AR1/co-kriging+Neural-GP MF,344,SUCCEEDED,result_out/final_runs/original/ab/hf50_lfx10/seed_344/ba0r344/report.json,True,
original_ab_hf50_lfx10_seed_355,original_bundle,AB,hf50_lfx10,HF-only+AR1/co-kriging+Neural-GP MF,355,SUCCEEDED,result_out/final_runs/original/ab/hf50_lfx10/seed_355/ba0r355/report.json,True,
original_ab_hf50_lfx10_seed_366,original_bundle,AB,hf50_lfx10,HF-only+AR1/co-kriging+Neural-GP MF,366,SUCCEEDED,result_out/final_runs/original/ab/hf50_lfx10/seed_366/ba0r366/report.json,True,
original_ab_hf50_lfx10_seed_377,original_bundle,AB,hf50_lfx10,HF-only+AR1/co-kriging+Neural-GP MF,377,SUCCEEDED,result_out/final_runs/original/ab/hf50_lfx10/seed_377/ba0r377/report.json,True,
original_ab_hf50_lfx10_seed_388,original_bundle,AB,hf50_lfx10,HF-only+AR1/co-kriging+Neural-GP MF,388,SUCCEEDED,result_out/final_runs/original/ab/hf50_lfx10/seed_388/ba0r388/report.json,True,
original_ab_hf50_lfx10_seed_399,original_bundle,AB,hf50_lfx10,HF-only+AR1/co-kriging+Neural-GP MF,399,SUCCEEDED,result_out/final_runs/original/ab/hf50_lfx10/seed_399/ba0r399/report.json,True,
original_ab_hf50_lfx15_seed_200,original_bundle,AB,hf50_lfx15,HF-only+AR1/co-kriging+Neural-GP MF,200,SUCCEEDED,result_out/final_runs/original/ab/hf50_lfx15/seed_200/ba0r200/report.json,True,
original_ab_hf50_lfx15_seed_210,original_bundle,AB,hf50_lfx15,HF-only+AR1/co-kriging+Neural-GP MF,210,SUCCEEDED,result_out/final_runs/original/ab/hf50_lfx15/seed_210/ba0r210/report.json,True,
original_ab_hf50_lfx15_seed_220,original_bundle,AB,hf50_lfx15,HF-only+AR1/co-kriging+Neural-GP MF,220,SUCCEEDED,result_out/final_runs/original/ab/hf50_lfx15/seed_220/ba0r220/report.json,True,
original_ab_hf50_lfx15_seed_230,original_bundle,AB,hf50_lfx15,HF-only+AR1/co-kriging+Neural-GP MF,230,SUCCEEDED,result_out/final_runs/original/ab/hf50_lfx15/seed_230/ba0r230/report.json,True,
original_ab_hf50_lfx15_seed_240,original_bundle,AB,hf50_lfx15,HF-only+AR1/co-kriging+Neural-GP MF,240,SUCCEEDED,result_out/final_runs/original/ab/hf50_lfx15/seed_240/ba0r240/report.json,True,
original_ab_hf50_lfx15_seed_250,original_bundle,AB,hf50_lfx15,HF-only+AR1/co-kriging+Neural-GP MF,250,SUCCEEDED,result_out/final_runs/original/ab/hf50_lfx15/seed_250/ba0r250/report.json,True,
original_ab_hf50_lfx15_seed_260,original_bundle,AB,hf50_lfx15,HF-only+AR1/co-kriging+Neural-GP MF,260,SUCCEEDED,result_out/final_runs/original/ab/hf50_lfx15/seed_260/ba0r260/report.json,True,
original_ab_hf50_lfx15_seed_270,original_bundle,AB,hf50_lfx15,HF-only+AR1/co-kriging+Neural-GP MF,270,SUCCEEDED,result_out/final_runs/original/ab/hf50_lfx15/seed_270/ba0r270/report.json,True,
original_ab_hf50_lfx15_seed_280,original_bundle,AB,hf50_lfx15,HF-only+AR1/co-kriging+Neural-GP MF,280,SUCCEEDED,result_out/final_runs/original/ab/hf50_lfx15/seed_280/ba0r280/report.json,True,
original_ab_hf50_lfx15_seed_290,original_bundle,AB,hf50_lfx15,HF-only+AR1/co-kriging+Neural-GP MF,290,SUCCEEDED,result_out/final_runs/original/ab/hf50_lfx15/seed_290/ba0r290/report.json,True,
original_ab_hf50_lfx15_seed_300,original_bundle,AB,hf50_lfx15,HF-only+AR1/co-kriging+Neural-GP MF,300,SUCCEEDED,result_out/final_runs/original/ab/hf50_lfx15/seed_300/ba0r300/report.json,True,
original_ab_hf50_lfx15_seed_311,original_bundle,AB,hf50_lfx15,HF-only+AR1/co-kriging+Neural-GP MF,311,SUCCEEDED,result_out/final_runs/original/ab/hf50_lfx15/seed_311/ba0r311/report.json,True,
original_ab_hf50_lfx15_seed_322,original_bundle,AB,hf50_lfx15,HF-only+AR1/co-kriging+Neural-GP MF,322,SUCCEEDED,result_out/final_runs/original/ab/hf50_lfx15/seed_322/ba0r322/report.json,True,
original_ab_hf50_lfx15_seed_333,original_bundle,AB,hf50_lfx15,HF-only+AR1/co-kriging+Neural-GP MF,333,SUCCEEDED,result_out/final_runs/original/ab/hf50_lfx15/seed_333/ba0r333/report.json,True,
original_ab_hf50_lfx15_seed_344,original_bundle,AB,hf50_lfx15,HF-only+AR1/co-kriging+Neural-GP MF,344,SUCCEEDED,result_out/final_runs/original/ab/hf50_lfx15/seed_344/ba0r344/report.json,True,
original_ab_hf50_lfx15_seed_355,original_bundle,AB,hf50_lfx15,HF-only+AR1/co-kriging+Neural-GP MF,355,SUCCEEDED,result_out/final_runs/original/ab/hf50_lfx15/seed_355/ba0r355/report.json,True,
original_ab_hf50_lfx15_seed_366,original_bundle,AB,hf50_lfx15,HF-only+AR1/co-kriging+Neural-GP MF,366,SUCCEEDED,result_out/final_runs/original/ab/hf50_lfx15/seed_366/ba0r366/report.json,True,
original_ab_hf50_lfx15_seed_377,original_bundle,AB,hf50_lfx15,HF-only+AR1/co-kriging+Neural-GP MF,377,SUCCEEDED,result_out/final_runs/original/ab/hf50_lfx15/seed_377/ba0r377/report.json,True,
original_ab_hf50_lfx15_seed_388,original_bundle,AB,hf50_lfx15,HF-only+AR1/co-kriging+Neural-GP MF,388,SUCCEEDED,result_out/final_runs/original/ab/hf50_lfx15/seed_388/ba0r388/report.json,True,
original_ab_hf50_lfx15_seed_399,original_bundle,AB,hf50_lfx15,HF-only+AR1/co-kriging+Neural-GP MF,399,SUCCEEDED,result_out/final_runs/original/ab/hf50_lfx15/seed_399/ba0r399/report.json,True,
original_ab_hf100_lfx05_seed_200,original_bundle,AB,hf100_lfx05,HF-only+AR1/co-kriging+Neural-GP MF,200,SUCCEEDED,result_out/final_runs/original/ab/hf100_lfx05/seed_200/ba0r200/report.json,True,
original_ab_hf100_lfx05_seed_210,original_bundle,AB,hf100_lfx05,HF-only+AR1/co-kriging+Neural-GP MF,210,SUCCEEDED,result_out/final_runs/original/ab/hf100_lfx05/seed_210/ba0r210/report.json,True,
original_ab_hf100_lfx05_seed_220,original_bundle,AB,hf100_lfx05,HF-only+AR1/co-kriging+Neural-GP MF,220,SUCCEEDED,result_out/final_runs/original/ab/hf100_lfx05/seed_220/ba0r220/report.json,True,
original_ab_hf100_lfx05_seed_230,original_bundle,AB,hf100_lfx05,HF-only+AR1/co-kriging+Neural-GP MF,230,SUCCEEDED,result_out/final_runs/original/ab/hf100_lfx05/seed_230/ba0r230/report.json,True,
original_ab_hf100_lfx05_seed_240,original_bundle,AB,hf100_lfx05,HF-only+AR1/co-kriging+Neural-GP MF,240,SUCCEEDED,result_out/final_runs/original/ab/hf100_lfx05/seed_240/ba0r240/report.json,True,
original_ab_hf100_lfx05_seed_250,original_bundle,AB,hf100_lfx05,HF-only+AR1/co-kriging+Neural-GP MF,250,SUCCEEDED,result_out/final_runs/original/ab/hf100_lfx05/seed_250/ba0r250/report.json,True,
original_ab_hf100_lfx05_seed_260,original_bundle,AB,hf100_lfx05,HF-only+AR1/co-kriging+Neural-GP MF,260,SUCCEEDED,result_out/final_runs/original/ab/hf100_lfx05/seed_260/ba0r260/report.json,True,
original_ab_hf100_lfx05_seed_270,original_bundle,AB,hf100_lfx05,HF-only+AR1/co-kriging+Neural-GP MF,270,SUCCEEDED,result_out/final_runs/original/ab/hf100_lfx05/seed_270/ba0r270/report.json,True,
original_ab_hf100_lfx05_seed_280,original_bundle,AB,hf100_lfx05,HF-only+AR1/co-kriging+Neural-GP MF,280,SUCCEEDED,result_out/final_runs/original/ab/hf100_lfx05/seed_280/ba0r280/report.json,True,
original_ab_hf100_lfx05_seed_290,original_bundle,AB,hf100_lfx05,HF-only+AR1/co-kriging+Neural-GP MF,290,SUCCEEDED,result_out/final_runs/original/ab/hf100_lfx05/seed_290/ba0r290/report.json,True,
original_ab_hf100_lfx05_seed_300,original_bundle,AB,hf100_lfx05,HF-only+AR1/co-kriging+Neural-GP MF,300,SUCCEEDED,result_out/final_runs/original/ab/hf100_lfx05/seed_300/ba0r300/report.json,True,
original_ab_hf100_lfx05_seed_311,original_bundle,AB,hf100_lfx05,HF-only+AR1/co-kriging+Neural-GP MF,311,SUCCEEDED,result_out/final_runs/original/ab/hf100_lfx05/seed_311/ba0r311/report.json,True,
original_ab_hf100_lfx05_seed_322,original_bundle,AB,hf100_lfx05,HF-only+AR1/co-kriging+Neural-GP MF,322,SUCCEEDED,result_out/final_runs/original/ab/hf100_lfx05/seed_322/ba0r322/report.json,True,
original_ab_hf100_lfx05_seed_333,original_bundle,AB,hf100_lfx05,HF-only+AR1/co-kriging+Neural-GP MF,333,SUCCEEDED,result_out/final_runs/original/ab/hf100_lfx05/seed_333/ba0r333/report.json,True,
original_ab_hf100_lfx05_seed_344,original_bundle,AB,hf100_lfx05,HF-only+AR1/co-kriging+Neural-GP MF,344,SUCCEEDED,result_out/final_runs/original/ab/hf100_lfx05/seed_344/ba0r344/report.json,True,
original_ab_hf100_lfx05_seed_355,original_bundle,AB,hf100_lfx05,HF-only+AR1/co-kriging+Neural-GP MF,355,SUCCEEDED,result_out/final_runs/original/ab/hf100_lfx05/seed_355/ba0r355/report.json,True,
original_ab_hf100_lfx05_seed_366,original_bundle,AB,hf100_lfx05,HF-only+AR1/co-kriging+Neural-GP MF,366,SUCCEEDED,result_out/final_runs/original/ab/hf100_lfx05/seed_366/ba0r366/report.json,True,
original_ab_hf100_lfx05_seed_377,original_bundle,AB,hf100_lfx05,HF-only+AR1/co-kriging+Neural-GP MF,377,SUCCEEDED,result_out/final_runs/original/ab/hf100_lfx05/seed_377/ba0r377/report.json,True,
original_ab_hf100_lfx05_seed_388,original_bundle,AB,hf100_lfx05,HF-only+AR1/co-kriging+Neural-GP MF,388,SUCCEEDED,result_out/final_runs/original/ab/hf100_lfx05/seed_388/ba0r388/report.json,True,
original_ab_hf100_lfx05_seed_399,original_bundle,AB,hf100_lfx05,HF-only+AR1/co-kriging+Neural-GP MF,399,SUCCEEDED,result_out/final_runs/original/ab/hf100_lfx05/seed_399/ba0r399/report.json,True,
original_ab_hf100_lfx10_seed_200,original_bundle,AB,hf100_lfx10,HF-only+AR1/co-kriging+Neural-GP MF,200,SUCCEEDED,result_out/final_runs/original/ab/hf100_lfx10/seed_200/ba0r200/report.json,True,
original_ab_hf100_lfx10_seed_210,original_bundle,AB,hf100_lfx10,HF-only+AR1/co-kriging+Neural-GP MF,210,SUCCEEDED,result_out/final_runs/original/ab/hf100_lfx10/seed_210/ba0r210/report.json,True,
original_ab_hf100_lfx10_seed_220,original_bundle,AB,hf100_lfx10,HF-only+AR1/co-kriging+Neural-GP MF,220,SUCCEEDED,result_out/final_runs/original/ab/hf100_lfx10/seed_220/ba0r220/report.json,True,
original_ab_hf100_lfx10_seed_230,original_bundle,AB,hf100_lfx10,HF-only+AR1/co-kriging+Neural-GP MF,230,SUCCEEDED,result_out/final_runs/original/ab/hf100_lfx10/seed_230/ba0r230/report.json,True,
original_ab_hf100_lfx10_seed_240,original_bundle,AB,hf100_lfx10,HF-only+AR1/co-kriging+Neural-GP MF,240,SUCCEEDED,result_out/final_runs/original/ab/hf100_lfx10/seed_240/ba0r240/report.json,True,
original_ab_hf100_lfx10_seed_250,original_bundle,AB,hf100_lfx10,HF-only+AR1/co-kriging+Neural-GP MF,250,SUCCEEDED,result_out/final_runs/original/ab/hf100_lfx10/seed_250/ba0r250/report.json,True,
original_ab_hf100_lfx10_seed_260,original_bundle,AB,hf100_lfx10,HF-only+AR1/co-kriging+Neural-GP MF,260,SUCCEEDED,result_out/final_runs/original/ab/hf100_lfx10/seed_260/ba0r260/report.json,True,
original_ab_hf100_lfx10_seed_270,original_bundle,AB,hf100_lfx10,HF-only+AR1/co-kriging+Neural-GP MF,270,SUCCEEDED,result_out/final_runs/original/ab/hf100_lfx10/seed_270/ba0r270/report.json,True,
original_ab_hf100_lfx10_seed_280,original_bundle,AB,hf100_lfx10,HF-only+AR1/co-kriging+Neural-GP MF,280,SUCCEEDED,result_out/final_runs/original/ab/hf100_lfx10/seed_280/ba0r280/report.json,True,
original_ab_hf100_lfx10_seed_290,original_bundle,AB,hf100_lfx10,HF-only+AR1/co-kriging+Neural-GP MF,290,SUCCEEDED,result_out/final_runs/original/ab/hf100_lfx10/seed_290/ba0r290/report.json,True,
original_ab_hf100_lfx10_seed_300,original_bundle,AB,hf100_lfx10,HF-only+AR1/co-kriging+Neural-GP MF,300,SUCCEEDED,result_out/final_runs/original/ab/hf100_lfx10/seed_300/ba0r300/report.json,True,
original_ab_hf100_lfx10_seed_311,original_bundle,AB,hf100_lfx10,HF-only+AR1/co-kriging+Neural-GP MF,311,SUCCEEDED,result_out/final_runs/original/ab/hf100_lfx10/seed_311/ba0r311/report.json,True,
original_ab_hf100_lfx10_seed_322,original_bundle,AB,hf100_lfx10,HF-only+AR1/co-kriging+Neural-GP MF,322,SUCCEEDED,result_out/final_runs/original/ab/hf100_lfx10/seed_322/ba0r322/report.json,True,
original_ab_hf100_lfx10_seed_333,original_bundle,AB,hf100_lfx10,HF-only+AR1/co-kriging+Neural-GP MF,333,SUCCEEDED,result_out/final_runs/original/ab/hf100_lfx10/seed_333/ba0r333/report.json,True,
original_ab_hf100_lfx10_seed_344,original_bundle,AB,hf100_lfx10,HF-only+AR1/co-kriging+Neural-GP MF,344,SUCCEEDED,result_out/final_runs/original/ab/hf100_lfx10/seed_344/ba0r344/report.json,True,
original_ab_hf100_lfx10_seed_355,original_bundle,AB,hf100_lfx10,HF-only+AR1/co-kriging+Neural-GP MF,355,SUCCEEDED,result_out/final_runs/original/ab/hf100_lfx10/seed_355/ba0r355/report.json,True,
original_ab_hf100_lfx10_seed_366,original_bundle,AB,hf100_lfx10,HF-only+AR1/co-kriging+Neural-GP MF,366,SUCCEEDED,result_out/final_runs/original/ab/hf100_lfx10/seed_366/ba0r366/report.json,True,
original_ab_hf100_lfx10_seed_377,original_bundle,AB,hf100_lfx10,HF-only+AR1/co-kriging+Neural-GP MF,377,SUCCEEDED,result_out/final_runs/original/ab/hf100_lfx10/seed_377/ba0r377/report.json,True,
original_ab_hf100_lfx10_seed_388,original_bundle,AB,hf100_lfx10,HF-only+AR1/co-kriging+Neural-GP MF,388,SUCCEEDED,result_out/final_runs/original/ab/hf100_lfx10/seed_388/ba0r388/report.json,True,
original_ab_hf100_lfx10_seed_399,original_bundle,AB,hf100_lfx10,HF-only+AR1/co-kriging+Neural-GP MF,399,SUCCEEDED,result_out/final_runs/original/ab/hf100_lfx10/seed_399/ba0r399/report.json,True,
original_ab_hf100_lfx15_seed_200,original_bundle,AB,hf100_lfx15,HF-only+AR1/co-kriging+Neural-GP MF,200,SUCCEEDED,result_out/final_runs/original/ab/hf100_lfx15/seed_200/ba0r200/report.json,True,
original_ab_hf100_lfx15_seed_210,original_bundle,AB,hf100_lfx15,HF-only+AR1/co-kriging+Neural-GP MF,210,SUCCEEDED,result_out/final_runs/original/ab/hf100_lfx15/seed_210/ba0r210/report.json,True,
original_ab_hf100_lfx15_seed_220,original_bundle,AB,hf100_lfx15,HF-only+AR1/co-kriging+Neural-GP MF,220,SUCCEEDED,result_out/final_runs/original/ab/hf100_lfx15/seed_220/ba0r220/report.json,True,
original_ab_hf100_lfx15_seed_230,original_bundle,AB,hf100_lfx15,HF-only+AR1/co-kriging+Neural-GP MF,230,SUCCEEDED,result_out/final_runs/original/ab/hf100_lfx15/seed_230/ba0r230/report.json,True,
original_ab_hf100_lfx15_seed_240,original_bundle,AB,hf100_lfx15,HF-only+AR1/co-kriging+Neural-GP MF,240,SUCCEEDED,result_out/final_runs/original/ab/hf100_lfx15/seed_240/ba0r240/report.json,True,
original_ab_hf100_lfx15_seed_250,original_bundle,AB,hf100_lfx15,HF-only+AR1/co-kriging+Neural-GP MF,250,SUCCEEDED,result_out/final_runs/original/ab/hf100_lfx15/seed_250/ba0r250/report.json,True,
original_ab_hf100_lfx15_seed_260,original_bundle,AB,hf100_lfx15,HF-only+AR1/co-kriging+Neural-GP MF,260,SUCCEEDED,result_out/final_runs/original/ab/hf100_lfx15/seed_260/ba0r260/report.json,True,
original_ab_hf100_lfx15_seed_270,original_bundle,AB,hf100_lfx15,HF-only+AR1/co-kriging+Neural-GP MF,270,SUCCEEDED,result_out/final_runs/original/ab/hf100_lfx15/seed_270/ba0r270/report.json,True,
original_ab_hf100_lfx15_seed_280,original_bundle,AB,hf100_lfx15,HF-only+AR1/co-kriging+Neural-GP MF,280,SUCCEEDED,result_out/final_runs/original/ab/hf100_lfx15/seed_280/ba0r280/report.json,True,
original_ab_hf100_lfx15_seed_290,original_bundle,AB,hf100_lfx15,HF-only+AR1/co-kriging+Neural-GP MF,290,SUCCEEDED,result_out/final_runs/original/ab/hf100_lfx15/seed_290/ba0r290/report.json,True,
original_ab_hf100_lfx15_seed_300,original_bundle,AB,hf100_lfx15,HF-only+AR1/co-kriging+Neural-GP MF,300,SUCCEEDED,result_out/final_runs/original/ab/hf100_lfx15/seed_300/ba0r300/report.json,True,
original_ab_hf100_lfx15_seed_311,original_bundle,AB,hf100_lfx15,HF-only+AR1/co-kriging+Neural-GP MF,311,SUCCEEDED,result_out/final_runs/original/ab/hf100_lfx15/seed_311/ba0r311/report.json,True,
original_ab_hf100_lfx15_seed_322,original_bundle,AB,hf100_lfx15,HF-only+AR1/co-kriging+Neural-GP MF,322,SUCCEEDED,result_out/final_runs/original/ab/hf100_lfx15/seed_322/ba0r322/report.json,True,
original_ab_hf100_lfx15_seed_333,original_bundle,AB,hf100_lfx15,HF-only+AR1/co-kriging+Neural-GP MF,333,SUCCEEDED,result_out/final_runs/original/ab/hf100_lfx15/seed_333/ba0r333/report.json,True,
original_ab_hf100_lfx15_seed_344,original_bundle,AB,hf100_lfx15,HF-only+AR1/co-kriging+Neural-GP MF,344,SUCCEEDED,result_out/final_runs/original/ab/hf100_lfx15/seed_344/ba0r344/report.json,True,
original_ab_hf100_lfx15_seed_355,original_bundle,AB,hf100_lfx15,HF-only+AR1/co-kriging+Neural-GP MF,355,SUCCEEDED,result_out/final_runs/original/ab/hf100_lfx15/seed_355/ba0r355/report.json,True,
original_ab_hf100_lfx15_seed_366,original_bundle,AB,hf100_lfx15,HF-only+AR1/co-kriging+Neural-GP MF,366,SUCCEEDED,result_out/final_runs/original/ab/hf100_lfx15/seed_366/ba0r366/report.json,True,
original_ab_hf100_lfx15_seed_377,original_bundle,AB,hf100_lfx15,HF-only+AR1/co-kriging+Neural-GP MF,377,SUCCEEDED,result_out/final_runs/original/ab/hf100_lfx15/seed_377/ba0r377/report.json,True,
original_ab_hf100_lfx15_seed_388,original_bundle,AB,hf100_lfx15,HF-only+AR1/co-kriging+Neural-GP MF,388,SUCCEEDED,result_out/final_runs/original/ab/hf100_lfx15/seed_388/ba0r388/report.json,True,
original_ab_hf100_lfx15_seed_399,original_bundle,AB,hf100_lfx15,HF-only+AR1/co-kriging+Neural-GP MF,399,SUCCEEDED,result_out/final_runs/original/ab/hf100_lfx15/seed_399/ba0r399/report.json,True,
original_ab_hf200_lfx05_seed_200,original_bundle,AB,hf200_lfx05,HF-only+AR1/co-kriging+Neural-GP MF,200,SUCCEEDED,result_out/final_runs/original/ab/hf200_lfx05/seed_200/ba0r200/report.json,True,
original_ab_hf200_lfx05_seed_210,original_bundle,AB,hf200_lfx05,HF-only+AR1/co-kriging+Neural-GP MF,210,SUCCEEDED,result_out/final_runs/original/ab/hf200_lfx05/seed_210/ba0r210/report.json,True,
original_ab_hf200_lfx05_seed_220,original_bundle,AB,hf200_lfx05,HF-only+AR1/co-kriging+Neural-GP MF,220,SUCCEEDED,result_out/final_runs/original/ab/hf200_lfx05/seed_220/ba0r220/report.json,True,
original_ab_hf200_lfx05_seed_230,original_bundle,AB,hf200_lfx05,HF-only+AR1/co-kriging+Neural-GP MF,230,SUCCEEDED,result_out/final_runs/original/ab/hf200_lfx05/seed_230/ba0r230/report.json,True,
original_ab_hf200_lfx05_seed_240,original_bundle,AB,hf200_lfx05,HF-only+AR1/co-kriging+Neural-GP MF,240,SUCCEEDED,result_out/final_runs/original/ab/hf200_lfx05/seed_240/ba0r240/report.json,True,
original_ab_hf200_lfx05_seed_250,original_bundle,AB,hf200_lfx05,HF-only+AR1/co-kriging+Neural-GP MF,250,SUCCEEDED,result_out/final_runs/original/ab/hf200_lfx05/seed_250/ba0r250/report.json,True,
original_ab_hf200_lfx05_seed_260,original_bundle,AB,hf200_lfx05,HF-only+AR1/co-kriging+Neural-GP MF,260,SUCCEEDED,result_out/final_runs/original/ab/hf200_lfx05/seed_260/ba0r260/report.json,True,
original_ab_hf200_lfx05_seed_270,original_bundle,AB,hf200_lfx05,HF-only+AR1/co-kriging+Neural-GP MF,270,SUCCEEDED,result_out/final_runs/original/ab/hf200_lfx05/seed_270/ba0r270/report.json,True,
original_ab_hf200_lfx05_seed_280,original_bundle,AB,hf200_lfx05,HF-only+AR1/co-kriging+Neural-GP MF,280,SUCCEEDED,result_out/final_runs/original/ab/hf200_lfx05/seed_280/ba0r280/report.json,True,
original_ab_hf200_lfx05_seed_290,original_bundle,AB,hf200_lfx05,HF-only+AR1/co-kriging+Neural-GP MF,290,SUCCEEDED,result_out/final_runs/original/ab/hf200_lfx05/seed_290/ba0r290/report.json,True,
original_ab_hf200_lfx05_seed_300,original_bundle,AB,hf200_lfx05,HF-only+AR1/co-kriging+Neural-GP MF,300,SUCCEEDED,result_out/final_runs/original/ab/hf200_lfx05/seed_300/ba0r300/report.json,True,
original_ab_hf200_lfx05_seed_311,original_bundle,AB,hf200_lfx05,HF-only+AR1/co-kriging+Neural-GP MF,311,SUCCEEDED,result_out/final_runs/original/ab/hf200_lfx05/seed_311/ba0r311/report.json,True,
original_ab_hf200_lfx05_seed_322,original_bundle,AB,hf200_lfx05,HF-only+AR1/co-kriging+Neural-GP MF,322,SUCCEEDED,result_out/final_runs/original/ab/hf200_lfx05/seed_322/ba0r322/report.json,True,
original_ab_hf200_lfx05_seed_333,original_bundle,AB,hf200_lfx05,HF-only+AR1/co-kriging+Neural-GP MF,333,SUCCEEDED,result_out/final_runs/original/ab/hf200_lfx05/seed_333/ba0r333/report.json,True,
original_ab_hf200_lfx05_seed_344,original_bundle,AB,hf200_lfx05,HF-only+AR1/co-kriging+Neural-GP MF,344,SUCCEEDED,result_out/final_runs/original/ab/hf200_lfx05/seed_344/ba0r344/report.json,True,
original_ab_hf200_lfx05_seed_355,original_bundle,AB,hf200_lfx05,HF-only+AR1/co-kriging+Neural-GP MF,355,SUCCEEDED,result_out/final_runs/original/ab/hf200_lfx05/seed_355/ba0r355/report.json,True,
original_ab_hf200_lfx05_seed_366,original_bundle,AB,hf200_lfx05,HF-only+AR1/co-kriging+Neural-GP MF,366,SUCCEEDED,result_out/final_runs/original/ab/hf200_lfx05/seed_366/ba0r366/report.json,True,
original_ab_hf200_lfx05_seed_377,original_bundle,AB,hf200_lfx05,HF-only+AR1/co-kriging+Neural-GP MF,377,SUCCEEDED,result_out/final_runs/original/ab/hf200_lfx05/seed_377/ba0r377/report.json,True,
original_ab_hf200_lfx05_seed_388,original_bundle,AB,hf200_lfx05,HF-only+AR1/co-kriging+Neural-GP MF,388,SUCCEEDED,result_out/final_runs/original/ab/hf200_lfx05/seed_388/ba0r388/report.json,True,
original_ab_hf200_lfx05_seed_399,original_bundle,AB,hf200_lfx05,HF-only+AR1/co-kriging+Neural-GP MF,399,SUCCEEDED,result_out/final_runs/original/ab/hf200_lfx05/seed_399/ba0r399/report.json,True,
original_ab_hf200_lfx10_seed_200,original_bundle,AB,hf200_lfx10,HF-only+AR1/co-kriging+Neural-GP MF,200,SUCCEEDED,result_out/final_runs/original/ab/hf200_lfx10/seed_200/ba0r200/report.json,True,
original_ab_hf200_lfx10_seed_210,original_bundle,AB,hf200_lfx10,HF-only+AR1/co-kriging+Neural-GP MF,210,SUCCEEDED,result_out/final_runs/original/ab/hf200_lfx10/seed_210/ba0r210/report.json,True,
original_ab_hf200_lfx10_seed_220,original_bundle,AB,hf200_lfx10,HF-only+AR1/co-kriging+Neural-GP MF,220,SUCCEEDED,result_out/final_runs/original/ab/hf200_lfx10/seed_220/ba0r220/report.json,True,
original_ab_hf200_lfx10_seed_230,original_bundle,AB,hf200_lfx10,HF-only+AR1/co-kriging+Neural-GP MF,230,SUCCEEDED,result_out/final_runs/original/ab/hf200_lfx10/seed_230/ba0r230/report.json,True,
original_ab_hf200_lfx10_seed_240,original_bundle,AB,hf200_lfx10,HF-only+AR1/co-kriging+Neural-GP MF,240,SUCCEEDED,result_out/final_runs/original/ab/hf200_lfx10/seed_240/ba0r240/report.json,True,
original_ab_hf200_lfx10_seed_250,original_bundle,AB,hf200_lfx10,HF-only+AR1/co-kriging+Neural-GP MF,250,SUCCEEDED,result_out/final_runs/original/ab/hf200_lfx10/seed_250/ba0r250/report.json,True,
original_ab_hf200_lfx10_seed_260,original_bundle,AB,hf200_lfx10,HF-only+AR1/co-kriging+Neural-GP MF,260,SUCCEEDED,result_out/final_runs/original/ab/hf200_lfx10/seed_260/ba0r260/report.json,True,
original_ab_hf200_lfx10_seed_270,original_bundle,AB,hf200_lfx10,HF-only+AR1/co-kriging+Neural-GP MF,270,SUCCEEDED,result_out/final_runs/original/ab/hf200_lfx10/seed_270/ba0r270/report.json,True,
original_ab_hf200_lfx10_seed_280,original_bundle,AB,hf200_lfx10,HF-only+AR1/co-kriging+Neural-GP MF,280,SUCCEEDED,result_out/final_runs/original/ab/hf200_lfx10/seed_280/ba0r280/report.json,True,
original_ab_hf200_lfx10_seed_290,original_bundle,AB,hf200_lfx10,HF-only+AR1/co-kriging+Neural-GP MF,290,SUCCEEDED,result_out/final_runs/original/ab/hf200_lfx10/seed_290/ba0r290/report.json,True,
original_ab_hf200_lfx10_seed_300,original_bundle,AB,hf200_lfx10,HF-only+AR1/co-kriging+Neural-GP MF,300,SUCCEEDED,result_out/final_runs/original/ab/hf200_lfx10/seed_300/ba0r300/report.json,True,
original_ab_hf200_lfx10_seed_311,original_bundle,AB,hf200_lfx10,HF-only+AR1/co-kriging+Neural-GP MF,311,SUCCEEDED,result_out/final_runs/original/ab/hf200_lfx10/seed_311/ba0r311/report.json,True,
original_ab_hf200_lfx10_seed_322,original_bundle,AB,hf200_lfx10,HF-only+AR1/co-kriging+Neural-GP MF,322,SUCCEEDED,result_out/final_runs/original/ab/hf200_lfx10/seed_322/ba0r322/report.json,True,
original_ab_hf200_lfx10_seed_333,original_bundle,AB,hf200_lfx10,HF-only+AR1/co-kriging+Neural-GP MF,333,SUCCEEDED,result_out/final_runs/original/ab/hf200_lfx10/seed_333/ba0r333/report.json,True,
original_ab_hf200_lfx10_seed_344,original_bundle,AB,hf200_lfx10,HF-only+AR1/co-kriging+Neural-GP MF,344,SUCCEEDED,result_out/final_runs/original/ab/hf200_lfx10/seed_344/ba0r344/report.json,True,
original_ab_hf200_lfx10_seed_355,original_bundle,AB,hf200_lfx10,HF-only+AR1/co-kriging+Neural-GP MF,355,SUCCEEDED,result_out/final_runs/original/ab/hf200_lfx10/seed_355/ba0r355/report.json,True,
original_ab_hf200_lfx10_seed_366,original_bundle,AB,hf200_lfx10,HF-only+AR1/co-kriging+Neural-GP MF,366,SUCCEEDED,result_out/final_runs/original/ab/hf200_lfx10/seed_366/ba0r366/report.json,True,
original_ab_hf200_lfx10_seed_377,original_bundle,AB,hf200_lfx10,HF-only+AR1/co-kriging+Neural-GP MF,377,SUCCEEDED,result_out/final_runs/original/ab/hf200_lfx10/seed_377/ba0r377/report.json,True,
original_ab_hf200_lfx10_seed_388,original_bundle,AB,hf200_lfx10,HF-only+AR1/co-kriging+Neural-GP MF,388,SUCCEEDED,result_out/final_runs/original/ab/hf200_lfx10/seed_388/ba0r388/report.json,True,
original_ab_hf200_lfx10_seed_399,original_bundle,AB,hf200_lfx10,HF-only+AR1/co-kriging+Neural-GP MF,399,SUCCEEDED,result_out/final_runs/original/ab/hf200_lfx10/seed_399/ba0r399/report.json,True,
original_ab_hf200_lfx15_seed_200,original_bundle,AB,hf200_lfx15,HF-only+AR1/co-kriging+Neural-GP MF,200,SUCCEEDED,result_out/final_runs/original/ab/hf200_lfx15/seed_200/ba0r200/report.json,True,
original_ab_hf200_lfx15_seed_210,original_bundle,AB,hf200_lfx15,HF-only+AR1/co-kriging+Neural-GP MF,210,SUCCEEDED,result_out/final_runs/original/ab/hf200_lfx15/seed_210/ba0r210/report.json,True,
original_ab_hf200_lfx15_seed_220,original_bundle,AB,hf200_lfx15,HF-only+AR1/co-kriging+Neural-GP MF,220,SUCCEEDED,result_out/final_runs/original/ab/hf200_lfx15/seed_220/ba0r220/report.json,True,
original_ab_hf200_lfx15_seed_230,original_bundle,AB,hf200_lfx15,HF-only+AR1/co-kriging+Neural-GP MF,230,SUCCEEDED,result_out/final_runs/original/ab/hf200_lfx15/seed_230/ba0r230/report.json,True,
original_ab_hf200_lfx15_seed_240,original_bundle,AB,hf200_lfx15,HF-only+AR1/co-kriging+Neural-GP MF,240,SUCCEEDED,result_out/final_runs/original/ab/hf200_lfx15/seed_240/ba0r240/report.json,True,
original_ab_hf200_lfx15_seed_250,original_bundle,AB,hf200_lfx15,HF-only+AR1/co-kriging+Neural-GP MF,250,SUCCEEDED,result_out/final_runs/original/ab/hf200_lfx15/seed_250/ba0r250/report.json,True,
original_ab_hf200_lfx15_seed_260,original_bundle,AB,hf200_lfx15,HF-only+AR1/co-kriging+Neural-GP MF,260,SUCCEEDED,result_out/final_runs/original/ab/hf200_lfx15/seed_260/ba0r260/report.json,True,
original_ab_hf200_lfx15_seed_270,original_bundle,AB,hf200_lfx15,HF-only+AR1/co-kriging+Neural-GP MF,270,SUCCEEDED,result_out/final_runs/original/ab/hf200_lfx15/seed_270/ba0r270/report.json,True,
original_ab_hf200_lfx15_seed_280,original_bundle,AB,hf200_lfx15,HF-only+AR1/co-kriging+Neural-GP MF,280,SUCCEEDED,result_out/final_runs/original/ab/hf200_lfx15/seed_280/ba0r280/report.json,True,
original_ab_hf200_lfx15_seed_290,original_bundle,AB,hf200_lfx15,HF-only+AR1/co-kriging+Neural-GP MF,290,SUCCEEDED,result_out/final_runs/original/ab/hf200_lfx15/seed_290/ba0r290/report.json,True,
original_ab_hf200_lfx15_seed_300,original_bundle,AB,hf200_lfx15,HF-only+AR1/co-kriging+Neural-GP MF,300,SUCCEEDED,result_out/final_runs/original/ab/hf200_lfx15/seed_300/ba0r300/report.json,True,
original_ab_hf200_lfx15_seed_311,original_bundle,AB,hf200_lfx15,HF-only+AR1/co-kriging+Neural-GP MF,311,SUCCEEDED,result_out/final_runs/original/ab/hf200_lfx15/seed_311/ba0r311/report.json,True,
original_ab_hf200_lfx15_seed_322,original_bundle,AB,hf200_lfx15,HF-only+AR1/co-kriging+Neural-GP MF,322,SUCCEEDED,result_out/final_runs/original/ab/hf200_lfx15/seed_322/ba0r322/report.json,True,
original_ab_hf200_lfx15_seed_333,original_bundle,AB,hf200_lfx15,HF-only+AR1/co-kriging+Neural-GP MF,333,SUCCEEDED,result_out/final_runs/original/ab/hf200_lfx15/seed_333/ba0r333/report.json,True,
original_ab_hf200_lfx15_seed_344,original_bundle,AB,hf200_lfx15,HF-only+AR1/co-kriging+Neural-GP MF,344,SUCCEEDED,result_out/final_runs/original/ab/hf200_lfx15/seed_344/ba0r344/report.json,True,
original_ab_hf200_lfx15_seed_355,original_bundle,AB,hf200_lfx15,HF-only+AR1/co-kriging+Neural-GP MF,355,SUCCEEDED,result_out/final_runs/original/ab/hf200_lfx15/seed_355/ba0r355/report.json,True,
original_ab_hf200_lfx15_seed_366,original_bundle,AB,hf200_lfx15,HF-only+AR1/co-kriging+Neural-GP MF,366,SUCCEEDED,result_out/final_runs/original/ab/hf200_lfx15/seed_366/ba0r366/report.json,True,
original_ab_hf200_lfx15_seed_377,original_bundle,AB,hf200_lfx15,HF-only+AR1/co-kriging+Neural-GP MF,377,SUCCEEDED,result_out/final_runs/original/ab/hf200_lfx15/seed_377/ba0r377/report.json,True,
original_ab_hf200_lfx15_seed_388,original_bundle,AB,hf200_lfx15,HF-only+AR1/co-kriging+Neural-GP MF,388,SUCCEEDED,result_out/final_runs/original/ab/hf200_lfx15/seed_388/ba0r388/report.json,True,
original_ab_hf200_lfx15_seed_399,original_bundle,AB,hf200_lfx15,HF-only+AR1/co-kriging+Neural-GP MF,399,SUCCEEDED,result_out/final_runs/original/ab/hf200_lfx15/seed_399/ba0r399/report.json,True,
original_ab_hf300_lfx05_seed_200,original_bundle,AB,hf300_lfx05,HF-only+AR1/co-kriging+Neural-GP MF,200,SUCCEEDED,result_out/final_runs/original/ab/hf300_lfx05/seed_200/ba0r200/report.json,True,
original_ab_hf300_lfx05_seed_210,original_bundle,AB,hf300_lfx05,HF-only+AR1/co-kriging+Neural-GP MF,210,SUCCEEDED,result_out/final_runs/original/ab/hf300_lfx05/seed_210/ba0r210/report.json,True,
original_ab_hf300_lfx05_seed_220,original_bundle,AB,hf300_lfx05,HF-only+AR1/co-kriging+Neural-GP MF,220,SUCCEEDED,result_out/final_runs/original/ab/hf300_lfx05/seed_220/ba0r220/report.json,True,
original_ab_hf300_lfx05_seed_230,original_bundle,AB,hf300_lfx05,HF-only+AR1/co-kriging+Neural-GP MF,230,SUCCEEDED,result_out/final_runs/original/ab/hf300_lfx05/seed_230/ba0r230/report.json,True,
original_ab_hf300_lfx05_seed_240,original_bundle,AB,hf300_lfx05,HF-only+AR1/co-kriging+Neural-GP MF,240,SUCCEEDED,result_out/final_runs/original/ab/hf300_lfx05/seed_240/ba0r240/report.json,True,
original_ab_hf300_lfx05_seed_250,original_bundle,AB,hf300_lfx05,HF-only+AR1/co-kriging+Neural-GP MF,250,SUCCEEDED,result_out/final_runs/original/ab/hf300_lfx05/seed_250/ba0r250/report.json,True,
original_ab_hf300_lfx05_seed_260,original_bundle,AB,hf300_lfx05,HF-only+AR1/co-kriging+Neural-GP MF,260,SUCCEEDED,result_out/final_runs/original/ab/hf300_lfx05/seed_260/ba0r260/report.json,True,
original_ab_hf300_lfx05_seed_270,original_bundle,AB,hf300_lfx05,HF-only+AR1/co-kriging+Neural-GP MF,270,SUCCEEDED,result_out/final_runs/original/ab/hf300_lfx05/seed_270/ba0r270/report.json,True,
original_ab_hf300_lfx05_seed_280,original_bundle,AB,hf300_lfx05,HF-only+AR1/co-kriging+Neural-GP MF,280,SUCCEEDED,result_out/final_runs/original/ab/hf300_lfx05/seed_280/ba0r280/report.json,True,
original_ab_hf300_lfx05_seed_290,original_bundle,AB,hf300_lfx05,HF-only+AR1/co-kriging+Neural-GP MF,290,SUCCEEDED,result_out/final_runs/original/ab/hf300_lfx05/seed_290/ba0r290/report.json,True,
original_ab_hf300_lfx05_seed_300,original_bundle,AB,hf300_lfx05,HF-only+AR1/co-kriging+Neural-GP MF,300,SUCCEEDED,result_out/final_runs/original/ab/hf300_lfx05/seed_300/ba0r300/report.json,True,
original_ab_hf300_lfx05_seed_311,original_bundle,AB,hf300_lfx05,HF-only+AR1/co-kriging+Neural-GP MF,311,SUCCEEDED,result_out/final_runs/original/ab/hf300_lfx05/seed_311/ba0r311/report.json,True,
original_ab_hf300_lfx05_seed_322,original_bundle,AB,hf300_lfx05,HF-only+AR1/co-kriging+Neural-GP MF,322,SUCCEEDED,result_out/final_runs/original/ab/hf300_lfx05/seed_322/ba0r322/report.json,True,
original_ab_hf300_lfx05_seed_333,original_bundle,AB,hf300_lfx05,HF-only+AR1/co-kriging+Neural-GP MF,333,SUCCEEDED,result_out/final_runs/original/ab/hf300_lfx05/seed_333/ba0r333/report.json,True,
original_ab_hf300_lfx05_seed_344,original_bundle,AB,hf300_lfx05,HF-only+AR1/co-kriging+Neural-GP MF,344,SUCCEEDED,result_out/final_runs/original/ab/hf300_lfx05/seed_344/ba0r344/report.json,True,
original_ab_hf300_lfx05_seed_355,original_bundle,AB,hf300_lfx05,HF-only+AR1/co-kriging+Neural-GP MF,355,SUCCEEDED,result_out/final_runs/original/ab/hf300_lfx05/seed_355/ba0r355/report.json,True,
original_ab_hf300_lfx05_seed_366,original_bundle,AB,hf300_lfx05,HF-only+AR1/co-kriging+Neural-GP MF,366,SUCCEEDED,result_out/final_runs/original/ab/hf300_lfx05/seed_366/ba0r366/report.json,True,
original_ab_hf300_lfx05_seed_377,original_bundle,AB,hf300_lfx05,HF-only+AR1/co-kriging+Neural-GP MF,377,SUCCEEDED,result_out/final_runs/original/ab/hf300_lfx05/seed_377/ba0r377/report.json,True,
original_ab_hf300_lfx05_seed_388,original_bundle,AB,hf300_lfx05,HF-only+AR1/co-kriging+Neural-GP MF,388,SUCCEEDED,result_out/final_runs/original/ab/hf300_lfx05/seed_388/ba0r388/report.json,True,
original_ab_hf300_lfx05_seed_399,original_bundle,AB,hf300_lfx05,HF-only+AR1/co-kriging+Neural-GP MF,399,SUCCEEDED,result_out/final_runs/original/ab/hf300_lfx05/seed_399/ba0r399/report.json,True,
original_ab_hf300_lfx10_seed_200,original_bundle,AB,hf300_lfx10,HF-only+AR1/co-kriging+Neural-GP MF,200,SUCCEEDED,result_out/final_runs/original/ab/hf300_lfx10/seed_200/ba0r200/report.json,True,
original_ab_hf300_lfx10_seed_210,original_bundle,AB,hf300_lfx10,HF-only+AR1/co-kriging+Neural-GP MF,210,SUCCEEDED,result_out/final_runs/original/ab/hf300_lfx10/seed_210/ba0r210/report.json,True,
original_ab_hf300_lfx10_seed_220,original_bundle,AB,hf300_lfx10,HF-only+AR1/co-kriging+Neural-GP MF,220,SUCCEEDED,result_out/final_runs/original/ab/hf300_lfx10/seed_220/ba0r220/report.json,True,
original_ab_hf300_lfx10_seed_230,original_bundle,AB,hf300_lfx10,HF-only+AR1/co-kriging+Neural-GP MF,230,SUCCEEDED,result_out/final_runs/original/ab/hf300_lfx10/seed_230/ba0r230/report.json,True,
original_ab_hf300_lfx10_seed_240,original_bundle,AB,hf300_lfx10,HF-only+AR1/co-kriging+Neural-GP MF,240,SUCCEEDED,result_out/final_runs/original/ab/hf300_lfx10/seed_240/ba0r240/report.json,True,
original_ab_hf300_lfx10_seed_250,original_bundle,AB,hf300_lfx10,HF-only+AR1/co-kriging+Neural-GP MF,250,SUCCEEDED,result_out/final_runs/original/ab/hf300_lfx10/seed_250/ba0r250/report.json,True,
original_ab_hf300_lfx10_seed_260,original_bundle,AB,hf300_lfx10,HF-only+AR1/co-kriging+Neural-GP MF,260,SUCCEEDED,result_out/final_runs/original/ab/hf300_lfx10/seed_260/ba0r260/report.json,True,
original_ab_hf300_lfx10_seed_270,original_bundle,AB,hf300_lfx10,HF-only+AR1/co-kriging+Neural-GP MF,270,SUCCEEDED,result_out/final_runs/original/ab/hf300_lfx10/seed_270/ba0r270/report.json,True,
original_ab_hf300_lfx10_seed_280,original_bundle,AB,hf300_lfx10,HF-only+AR1/co-kriging+Neural-GP MF,280,SUCCEEDED,result_out/final_runs/original/ab/hf300_lfx10/seed_280/ba0r280/report.json,True,
original_ab_hf300_lfx10_seed_290,original_bundle,AB,hf300_lfx10,HF-only+AR1/co-kriging+Neural-GP MF,290,SUCCEEDED,result_out/final_runs/original/ab/hf300_lfx10/seed_290/ba0r290/report.json,True,
original_ab_hf300_lfx10_seed_300,original_bundle,AB,hf300_lfx10,HF-only+AR1/co-kriging+Neural-GP MF,300,SUCCEEDED,result_out/final_runs/original/ab/hf300_lfx10/seed_300/ba0r300/report.json,True,
original_ab_hf300_lfx10_seed_311,original_bundle,AB,hf300_lfx10,HF-only+AR1/co-kriging+Neural-GP MF,311,SUCCEEDED,result_out/final_runs/original/ab/hf300_lfx10/seed_311/ba0r311/report.json,True,
original_ab_hf300_lfx10_seed_322,original_bundle,AB,hf300_lfx10,HF-only+AR1/co-kriging+Neural-GP MF,322,SUCCEEDED,result_out/final_runs/original/ab/hf300_lfx10/seed_322/ba0r322/report.json,True,
original_ab_hf300_lfx10_seed_333,original_bundle,AB,hf300_lfx10,HF-only+AR1/co-kriging+Neural-GP MF,333,SUCCEEDED,result_out/final_runs/original/ab/hf300_lfx10/seed_333/ba0r333/report.json,True,
original_ab_hf300_lfx10_seed_344,original_bundle,AB,hf300_lfx10,HF-only+AR1/co-kriging+Neural-GP MF,344,SUCCEEDED,result_out/final_runs/original/ab/hf300_lfx10/seed_344/ba0r344/report.json,True,
original_ab_hf300_lfx10_seed_355,original_bundle,AB,hf300_lfx10,HF-only+AR1/co-kriging+Neural-GP MF,355,SUCCEEDED,result_out/final_runs/original/ab/hf300_lfx10/seed_355/ba0r355/report.json,True,
original_ab_hf300_lfx10_seed_366,original_bundle,AB,hf300_lfx10,HF-only+AR1/co-kriging+Neural-GP MF,366,SUCCEEDED,result_out/final_runs/original/ab/hf300_lfx10/seed_366/ba0r366/report.json,True,
original_ab_hf300_lfx10_seed_377,original_bundle,AB,hf300_lfx10,HF-only+AR1/co-kriging+Neural-GP MF,377,SUCCEEDED,result_out/final_runs/original/ab/hf300_lfx10/seed_377/ba0r377/report.json,True,
original_ab_hf300_lfx10_seed_388,original_bundle,AB,hf300_lfx10,HF-only+AR1/co-kriging+Neural-GP MF,388,SUCCEEDED,result_out/final_runs/original/ab/hf300_lfx10/seed_388/ba0r388/report.json,True,
original_ab_hf300_lfx10_seed_399,original_bundle,AB,hf300_lfx10,HF-only+AR1/co-kriging+Neural-GP MF,399,SUCCEEDED,result_out/final_runs/original/ab/hf300_lfx10/seed_399/ba0r399/report.json,True,
original_ab_hf300_lfx15_seed_200,original_bundle,AB,hf300_lfx15,HF-only+AR1/co-kriging+Neural-GP MF,200,SUCCEEDED,result_out/final_runs/original/ab/hf300_lfx15/seed_200/ba0r200/report.json,True,
original_ab_hf300_lfx15_seed_210,original_bundle,AB,hf300_lfx15,HF-only+AR1/co-kriging+Neural-GP MF,210,SUCCEEDED,result_out/final_runs/original/ab/hf300_lfx15/seed_210/ba0r210/report.json,True,
original_ab_hf300_lfx15_seed_220,original_bundle,AB,hf300_lfx15,HF-only+AR1/co-kriging+Neural-GP MF,220,SUCCEEDED,result_out/final_runs/original/ab/hf300_lfx15/seed_220/ba0r220/report.json,True,
original_ab_hf300_lfx15_seed_230,original_bundle,AB,hf300_lfx15,HF-only+AR1/co-kriging+Neural-GP MF,230,SUCCEEDED,result_out/final_runs/original/ab/hf300_lfx15/seed_230/ba0r230/report.json,True,
original_ab_hf300_lfx15_seed_240,original_bundle,AB,hf300_lfx15,HF-only+AR1/co-kriging+Neural-GP MF,240,SUCCEEDED,result_out/final_runs/original/ab/hf300_lfx15/seed_240/ba0r240/report.json,True,
original_ab_hf300_lfx15_seed_250,original_bundle,AB,hf300_lfx15,HF-only+AR1/co-kriging+Neural-GP MF,250,SUCCEEDED,result_out/final_runs/original/ab/hf300_lfx15/seed_250/ba0r250/report.json,True,
original_ab_hf300_lfx15_seed_260,original_bundle,AB,hf300_lfx15,HF-only+AR1/co-kriging+Neural-GP MF,260,SUCCEEDED,result_out/final_runs/original/ab/hf300_lfx15/seed_260/ba0r260/report.json,True,
original_ab_hf300_lfx15_seed_270,original_bundle,AB,hf300_lfx15,HF-only+AR1/co-kriging+Neural-GP MF,270,SUCCEEDED,result_out/final_runs/original/ab/hf300_lfx15/seed_270/ba0r270/report.json,True,
original_ab_hf300_lfx15_seed_280,original_bundle,AB,hf300_lfx15,HF-only+AR1/co-kriging+Neural-GP MF,280,SUCCEEDED,result_out/final_runs/original/ab/hf300_lfx15/seed_280/ba0r280/report.json,True,
original_ab_hf300_lfx15_seed_290,original_bundle,AB,hf300_lfx15,HF-only+AR1/co-kriging+Neural-GP MF,290,SUCCEEDED,result_out/final_runs/original/ab/hf300_lfx15/seed_290/ba0r290/report.json,True,
original_ab_hf300_lfx15_seed_300,original_bundle,AB,hf300_lfx15,HF-only+AR1/co-kriging+Neural-GP MF,300,SUCCEEDED,result_out/final_runs/original/ab/hf300_lfx15/seed_300/ba0r300/report.json,True,
original_ab_hf300_lfx15_seed_311,original_bundle,AB,hf300_lfx15,HF-only+AR1/co-kriging+Neural-GP MF,311,SUCCEEDED,result_out/final_runs/original/ab/hf300_lfx15/seed_311/ba0r311/report.json,True,
original_ab_hf300_lfx15_seed_322,original_bundle,AB,hf300_lfx15,HF-only+AR1/co-kriging+Neural-GP MF,322,SUCCEEDED,result_out/final_runs/original/ab/hf300_lfx15/seed_322/ba0r322/report.json,True,
original_ab_hf300_lfx15_seed_333,original_bundle,AB,hf300_lfx15,HF-only+AR1/co-kriging+Neural-GP MF,333,SUCCEEDED,result_out/final_runs/original/ab/hf300_lfx15/seed_333/ba0r333/report.json,True,
original_ab_hf300_lfx15_seed_344,original_bundle,AB,hf300_lfx15,HF-only+AR1/co-kriging+Neural-GP MF,344,SUCCEEDED,result_out/final_runs/original/ab/hf300_lfx15/seed_344/ba0r344/report.json,True,
original_ab_hf300_lfx15_seed_355,original_bundle,AB,hf300_lfx15,HF-only+AR1/co-kriging+Neural-GP MF,355,SUCCEEDED,result_out/final_runs/original/ab/hf300_lfx15/seed_355/ba0r355/report.json,True,
original_ab_hf300_lfx15_seed_366,original_bundle,AB,hf300_lfx15,HF-only+AR1/co-kriging+Neural-GP MF,366,SUCCEEDED,result_out/final_runs/original/ab/hf300_lfx15/seed_366/ba0r366/report.json,True,
original_ab_hf300_lfx15_seed_377,original_bundle,AB,hf300_lfx15,HF-only+AR1/co-kriging+Neural-GP MF,377,SUCCEEDED,result_out/final_runs/original/ab/hf300_lfx15/seed_377/ba0r377/report.json,True,
original_ab_hf300_lfx15_seed_388,original_bundle,AB,hf300_lfx15,HF-only+AR1/co-kriging+Neural-GP MF,388,SUCCEEDED,result_out/final_runs/original/ab/hf300_lfx15/seed_388/ba0r388/report.json,True,
original_ab_hf300_lfx15_seed_399,original_bundle,AB,hf300_lfx15,HF-only+AR1/co-kriging+Neural-GP MF,399,SUCCEEDED,result_out/final_runs/original/ab/hf300_lfx15/seed_399/ba0r399/report.json,True,
original_ab_hf400_lfx05_seed_200,original_bundle,AB,hf400_lfx05,HF-only+AR1/co-kriging+Neural-GP MF,200,SUCCEEDED,result_out/final_runs/original/ab/hf400_lfx05/seed_200/ba0r200/report.json,True,
original_ab_hf400_lfx05_seed_210,original_bundle,AB,hf400_lfx05,HF-only+AR1/co-kriging+Neural-GP MF,210,SUCCEEDED,result_out/final_runs/original/ab/hf400_lfx05/seed_210/ba0r210/report.json,True,
original_ab_hf400_lfx05_seed_220,original_bundle,AB,hf400_lfx05,HF-only+AR1/co-kriging+Neural-GP MF,220,SUCCEEDED,result_out/final_runs/original/ab/hf400_lfx05/seed_220/ba0r220/report.json,True,
original_ab_hf400_lfx05_seed_230,original_bundle,AB,hf400_lfx05,HF-only+AR1/co-kriging+Neural-GP MF,230,SUCCEEDED,result_out/final_runs/original/ab/hf400_lfx05/seed_230/ba0r230/report.json,True,
original_ab_hf400_lfx05_seed_240,original_bundle,AB,hf400_lfx05,HF-only+AR1/co-kriging+Neural-GP MF,240,SUCCEEDED,result_out/final_runs/original/ab/hf400_lfx05/seed_240/ba0r240/report.json,True,
original_ab_hf400_lfx05_seed_250,original_bundle,AB,hf400_lfx05,HF-only+AR1/co-kriging+Neural-GP MF,250,SUCCEEDED,result_out/final_runs/original/ab/hf400_lfx05/seed_250/ba0r250/report.json,True,
original_ab_hf400_lfx05_seed_260,original_bundle,AB,hf400_lfx05,HF-only+AR1/co-kriging+Neural-GP MF,260,SUCCEEDED,result_out/final_runs/original/ab/hf400_lfx05/seed_260/ba0r260/report.json,True,
original_ab_hf400_lfx05_seed_270,original_bundle,AB,hf400_lfx05,HF-only+AR1/co-kriging+Neural-GP MF,270,SUCCEEDED,result_out/final_runs/original/ab/hf400_lfx05/seed_270/ba0r270/report.json,True,
original_ab_hf400_lfx05_seed_280,original_bundle,AB,hf400_lfx05,HF-only+AR1/co-kriging+Neural-GP MF,280,SUCCEEDED,result_out/final_runs/original/ab/hf400_lfx05/seed_280/ba0r280/report.json,True,
original_ab_hf400_lfx05_seed_290,original_bundle,AB,hf400_lfx05,HF-only+AR1/co-kriging+Neural-GP MF,290,SUCCEEDED,result_out/final_runs/original/ab/hf400_lfx05/seed_290/ba0r290/report.json,True,
original_ab_hf400_lfx05_seed_300,original_bundle,AB,hf400_lfx05,HF-only+AR1/co-kriging+Neural-GP MF,300,SUCCEEDED,result_out/final_runs/original/ab/hf400_lfx05/seed_300/ba0r300/report.json,True,
original_ab_hf400_lfx05_seed_311,original_bundle,AB,hf400_lfx05,HF-only+AR1/co-kriging+Neural-GP MF,311,SUCCEEDED,result_out/final_runs/original/ab/hf400_lfx05/seed_311/ba0r311/report.json,True,
original_ab_hf400_lfx05_seed_322,original_bundle,AB,hf400_lfx05,HF-only+AR1/co-kriging+Neural-GP MF,322,SUCCEEDED,result_out/final_runs/original/ab/hf400_lfx05/seed_322/ba0r322/report.json,True,
original_ab_hf400_lfx05_seed_333,original_bundle,AB,hf400_lfx05,HF-only+AR1/co-kriging+Neural-GP MF,333,SUCCEEDED,result_out/final_runs/original/ab/hf400_lfx05/seed_333/ba0r333/report.json,True,
original_ab_hf400_lfx05_seed_344,original_bundle,AB,hf400_lfx05,HF-only+AR1/co-kriging+Neural-GP MF,344,SUCCEEDED,result_out/final_runs/original/ab/hf400_lfx05/seed_344/ba0r344/report.json,True,
original_ab_hf400_lfx05_seed_355,original_bundle,AB,hf400_lfx05,HF-only+AR1/co-kriging+Neural-GP MF,355,SUCCEEDED,result_out/final_runs/original/ab/hf400_lfx05/seed_355/ba0r355/report.json,True,
original_ab_hf400_lfx05_seed_366,original_bundle,AB,hf400_lfx05,HF-only+AR1/co-kriging+Neural-GP MF,366,SUCCEEDED,result_out/final_runs/original/ab/hf400_lfx05/seed_366/ba0r366/report.json,True,
original_ab_hf400_lfx05_seed_377,original_bundle,AB,hf400_lfx05,HF-only+AR1/co-kriging+Neural-GP MF,377,SUCCEEDED,result_out/final_runs/original/ab/hf400_lfx05/seed_377/ba0r377/report.json,True,
original_ab_hf400_lfx05_seed_388,original_bundle,AB,hf400_lfx05,HF-only+AR1/co-kriging+Neural-GP MF,388,SUCCEEDED,result_out/final_runs/original/ab/hf400_lfx05/seed_388/ba0r388/report.json,True,
original_ab_hf400_lfx05_seed_399,original_bundle,AB,hf400_lfx05,HF-only+AR1/co-kriging+Neural-GP MF,399,SUCCEEDED,result_out/final_runs/original/ab/hf400_lfx05/seed_399/ba0r399/report.json,True,
original_ab_hf400_lfx10_seed_200,original_bundle,AB,hf400_lfx10,HF-only+AR1/co-kriging+Neural-GP MF,200,SUCCEEDED,result_out/final_runs/original/ab/hf400_lfx10/seed_200/ba0r200/report.json,True,
original_ab_hf400_lfx10_seed_210,original_bundle,AB,hf400_lfx10,HF-only+AR1/co-kriging+Neural-GP MF,210,SUCCEEDED,result_out/final_runs/original/ab/hf400_lfx10/seed_210/ba0r210/report.json,True,
original_ab_hf400_lfx10_seed_220,original_bundle,AB,hf400_lfx10,HF-only+AR1/co-kriging+Neural-GP MF,220,SUCCEEDED,result_out/final_runs/original/ab/hf400_lfx10/seed_220/ba0r220/report.json,True,
original_ab_hf400_lfx10_seed_230,original_bundle,AB,hf400_lfx10,HF-only+AR1/co-kriging+Neural-GP MF,230,SUCCEEDED,result_out/final_runs/original/ab/hf400_lfx10/seed_230/ba0r230/report.json,True,
original_ab_hf400_lfx10_seed_240,original_bundle,AB,hf400_lfx10,HF-only+AR1/co-kriging+Neural-GP MF,240,SUCCEEDED,result_out/final_runs/original/ab/hf400_lfx10/seed_240/ba0r240/report.json,True,
original_ab_hf400_lfx10_seed_250,original_bundle,AB,hf400_lfx10,HF-only+AR1/co-kriging+Neural-GP MF,250,SUCCEEDED,result_out/final_runs/original/ab/hf400_lfx10/seed_250/ba0r250/report.json,True,
original_ab_hf400_lfx10_seed_260,original_bundle,AB,hf400_lfx10,HF-only+AR1/co-kriging+Neural-GP MF,260,SUCCEEDED,result_out/final_runs/original/ab/hf400_lfx10/seed_260/ba0r260/report.json,True,
original_ab_hf400_lfx10_seed_270,original_bundle,AB,hf400_lfx10,HF-only+AR1/co-kriging+Neural-GP MF,270,SUCCEEDED,result_out/final_runs/original/ab/hf400_lfx10/seed_270/ba0r270/report.json,True,
original_ab_hf400_lfx10_seed_280,original_bundle,AB,hf400_lfx10,HF-only+AR1/co-kriging+Neural-GP MF,280,SUCCEEDED,result_out/final_runs/original/ab/hf400_lfx10/seed_280/ba0r280/report.json,True,
original_ab_hf400_lfx10_seed_290,original_bundle,AB,hf400_lfx10,HF-only+AR1/co-kriging+Neural-GP MF,290,SUCCEEDED,result_out/final_runs/original/ab/hf400_lfx10/seed_290/ba0r290/report.json,True,
original_ab_hf400_lfx10_seed_300,original_bundle,AB,hf400_lfx10,HF-only+AR1/co-kriging+Neural-GP MF,300,SUCCEEDED,result_out/final_runs/original/ab/hf400_lfx10/seed_300/ba0r300/report.json,True,
original_ab_hf400_lfx10_seed_311,original_bundle,AB,hf400_lfx10,HF-only+AR1/co-kriging+Neural-GP MF,311,SUCCEEDED,result_out/final_runs/original/ab/hf400_lfx10/seed_311/ba0r311/report.json,True,
original_ab_hf400_lfx10_seed_322,original_bundle,AB,hf400_lfx10,HF-only+AR1/co-kriging+Neural-GP MF,322,SUCCEEDED,result_out/final_runs/original/ab/hf400_lfx10/seed_322/ba0r322/report.json,True,
original_ab_hf400_lfx10_seed_333,original_bundle,AB,hf400_lfx10,HF-only+AR1/co-kriging+Neural-GP MF,333,SUCCEEDED,result_out/final_runs/original/ab/hf400_lfx10/seed_333/ba0r333/report.json,True,
original_ab_hf400_lfx10_seed_344,original_bundle,AB,hf400_lfx10,HF-only+AR1/co-kriging+Neural-GP MF,344,SUCCEEDED,result_out/final_runs/original/ab/hf400_lfx10/seed_344/ba0r344/report.json,True,
original_ab_hf400_lfx10_seed_355,original_bundle,AB,hf400_lfx10,HF-only+AR1/co-kriging+Neural-GP MF,355,SUCCEEDED,result_out/final_runs/original/ab/hf400_lfx10/seed_355/ba0r355/report.json,True,
original_ab_hf400_lfx10_seed_366,original_bundle,AB,hf400_lfx10,HF-only+AR1/co-kriging+Neural-GP MF,366,SUCCEEDED,result_out/final_runs/original/ab/hf400_lfx10/seed_366/ba0r366/report.json,True,
original_ab_hf400_lfx10_seed_377,original_bundle,AB,hf400_lfx10,HF-only+AR1/co-kriging+Neural-GP MF,377,SUCCEEDED,result_out/final_runs/original/ab/hf400_lfx10/seed_377/ba0r377/report.json,True,
original_ab_hf400_lfx10_seed_388,original_bundle,AB,hf400_lfx10,HF-only+AR1/co-kriging+Neural-GP MF,388,SUCCEEDED,result_out/final_runs/original/ab/hf400_lfx10/seed_388/ba0r388/report.json,True,
original_ab_hf400_lfx10_seed_399,original_bundle,AB,hf400_lfx10,HF-only+AR1/co-kriging+Neural-GP MF,399,SUCCEEDED,result_out/final_runs/original/ab/hf400_lfx10/seed_399/ba0r399/report.json,True,
original_ab_hf400_lfx15_seed_200,original_bundle,AB,hf400_lfx15,HF-only+AR1/co-kriging+Neural-GP MF,200,SUCCEEDED,result_out/final_runs/original/ab/hf400_lfx15/seed_200/ba0r200/report.json,True,
original_ab_hf400_lfx15_seed_210,original_bundle,AB,hf400_lfx15,HF-only+AR1/co-kriging+Neural-GP MF,210,SUCCEEDED,result_out/final_runs/original/ab/hf400_lfx15/seed_210/ba0r210/report.json,True,
original_ab_hf400_lfx15_seed_220,original_bundle,AB,hf400_lfx15,HF-only+AR1/co-kriging+Neural-GP MF,220,SUCCEEDED,result_out/final_runs/original/ab/hf400_lfx15/seed_220/ba0r220/report.json,True,
original_ab_hf400_lfx15_seed_230,original_bundle,AB,hf400_lfx15,HF-only+AR1/co-kriging+Neural-GP MF,230,SUCCEEDED,result_out/final_runs/original/ab/hf400_lfx15/seed_230/ba0r230/report.json,True,
original_ab_hf400_lfx15_seed_240,original_bundle,AB,hf400_lfx15,HF-only+AR1/co-kriging+Neural-GP MF,240,SUCCEEDED,result_out/final_runs/original/ab/hf400_lfx15/seed_240/ba0r240/report.json,True,
original_ab_hf400_lfx15_seed_250,original_bundle,AB,hf400_lfx15,HF-only+AR1/co-kriging+Neural-GP MF,250,SUCCEEDED,result_out/final_runs/original/ab/hf400_lfx15/seed_250/ba0r250/report.json,True,
original_ab_hf400_lfx15_seed_260,original_bundle,AB,hf400_lfx15,HF-only+AR1/co-kriging+Neural-GP MF,260,SUCCEEDED,result_out/final_runs/original/ab/hf400_lfx15/seed_260/ba0r260/report.json,True,
original_ab_hf400_lfx15_seed_270,original_bundle,AB,hf400_lfx15,HF-only+AR1/co-kriging+Neural-GP MF,270,SUCCEEDED,result_out/final_runs/original/ab/hf400_lfx15/seed_270/ba0r270/report.json,True,
original_ab_hf400_lfx15_seed_280,original_bundle,AB,hf400_lfx15,HF-only+AR1/co-kriging+Neural-GP MF,280,SUCCEEDED,result_out/final_runs/original/ab/hf400_lfx15/seed_280/ba0r280/report.json,True,
original_ab_hf400_lfx15_seed_290,original_bundle,AB,hf400_lfx15,HF-only+AR1/co-kriging+Neural-GP MF,290,SUCCEEDED,result_out/final_runs/original/ab/hf400_lfx15/seed_290/ba0r290/report.json,True,
original_ab_hf400_lfx15_seed_300,original_bundle,AB,hf400_lfx15,HF-only+AR1/co-kriging+Neural-GP MF,300,SUCCEEDED,result_out/final_runs/original/ab/hf400_lfx15/seed_300/ba0r300/report.json,True,
original_ab_hf400_lfx15_seed_311,original_bundle,AB,hf400_lfx15,HF-only+AR1/co-kriging+Neural-GP MF,311,SUCCEEDED,result_out/final_runs/original/ab/hf400_lfx15/seed_311/ba0r311/report.json,True,
original_ab_hf400_lfx15_seed_322,original_bundle,AB,hf400_lfx15,HF-only+AR1/co-kriging+Neural-GP MF,322,SUCCEEDED,result_out/final_runs/original/ab/hf400_lfx15/seed_322/ba0r322/report.json,True,
original_ab_hf400_lfx15_seed_333,original_bundle,AB,hf400_lfx15,HF-only+AR1/co-kriging+Neural-GP MF,333,SUCCEEDED,result_out/final_runs/original/ab/hf400_lfx15/seed_333/ba0r333/report.json,True,
original_ab_hf400_lfx15_seed_344,original_bundle,AB,hf400_lfx15,HF-only+AR1/co-kriging+Neural-GP MF,344,SUCCEEDED,result_out/final_runs/original/ab/hf400_lfx15/seed_344/ba0r344/report.json,True,
original_ab_hf400_lfx15_seed_355,original_bundle,AB,hf400_lfx15,HF-only+AR1/co-kriging+Neural-GP MF,355,SUCCEEDED,result_out/final_runs/original/ab/hf400_lfx15/seed_355/ba0r355/report.json,True,
original_ab_hf400_lfx15_seed_366,original_bundle,AB,hf400_lfx15,HF-only+AR1/co-kriging+Neural-GP MF,366,SUCCEEDED,result_out/final_runs/original/ab/hf400_lfx15/seed_366/ba0r366/report.json,True,
original_ab_hf400_lfx15_seed_377,original_bundle,AB,hf400_lfx15,HF-only+AR1/co-kriging+Neural-GP MF,377,SUCCEEDED,result_out/final_runs/original/ab/hf400_lfx15/seed_377/ba0r377/report.json,True,
original_ab_hf400_lfx15_seed_388,original_bundle,AB,hf400_lfx15,HF-only+AR1/co-kriging+Neural-GP MF,388,SUCCEEDED,result_out/final_runs/original/ab/hf400_lfx15/seed_388/ba0r388/report.json,True,
original_ab_hf400_lfx15_seed_399,original_bundle,AB,hf400_lfx15,HF-only+AR1/co-kriging+Neural-GP MF,399,SUCCEEDED,result_out/final_runs/original/ab/hf400_lfx15/seed_399/ba0r399/report.json,True,
original_ab_hf500_lfx05_seed_200,original_bundle,AB,hf500_lfx05,HF-only+AR1/co-kriging+Neural-GP MF,200,SUCCEEDED,result_out/final_runs/original/ab/hf500_lfx05/seed_200/ba0r200/report.json,True,
original_ab_hf500_lfx05_seed_210,original_bundle,AB,hf500_lfx05,HF-only+AR1/co-kriging+Neural-GP MF,210,SUCCEEDED,result_out/final_runs/original/ab/hf500_lfx05/seed_210/ba0r210/report.json,True,
original_ab_hf500_lfx05_seed_220,original_bundle,AB,hf500_lfx05,HF-only+AR1/co-kriging+Neural-GP MF,220,SUCCEEDED,result_out/final_runs/original/ab/hf500_lfx05/seed_220/ba0r220/report.json,True,
original_ab_hf500_lfx05_seed_230,original_bundle,AB,hf500_lfx05,HF-only+AR1/co-kriging+Neural-GP MF,230,SUCCEEDED,result_out/final_runs/original/ab/hf500_lfx05/seed_230/ba0r230/report.json,True,
original_ab_hf500_lfx05_seed_240,original_bundle,AB,hf500_lfx05,HF-only+AR1/co-kriging+Neural-GP MF,240,SUCCEEDED,result_out/final_runs/original/ab/hf500_lfx05/seed_240/ba0r240/report.json,True,
original_ab_hf500_lfx05_seed_250,original_bundle,AB,hf500_lfx05,HF-only+AR1/co-kriging+Neural-GP MF,250,SUCCEEDED,result_out/final_runs/original/ab/hf500_lfx05/seed_250/ba0r250/report.json,True,
original_ab_hf500_lfx05_seed_260,original_bundle,AB,hf500_lfx05,HF-only+AR1/co-kriging+Neural-GP MF,260,SUCCEEDED,result_out/final_runs/original/ab/hf500_lfx05/seed_260/ba0r260/report.json,True,
original_ab_hf500_lfx05_seed_270,original_bundle,AB,hf500_lfx05,HF-only+AR1/co-kriging+Neural-GP MF,270,SUCCEEDED,result_out/final_runs/original/ab/hf500_lfx05/seed_270/ba0r270/report.json,True,
original_ab_hf500_lfx05_seed_280,original_bundle,AB,hf500_lfx05,HF-only+AR1/co-kriging+Neural-GP MF,280,SUCCEEDED,result_out/final_runs/original/ab/hf500_lfx05/seed_280/ba0r280/report.json,True,
original_ab_hf500_lfx05_seed_290,original_bundle,AB,hf500_lfx05,HF-only+AR1/co-kriging+Neural-GP MF,290,SUCCEEDED,result_out/final_runs/original/ab/hf500_lfx05/seed_290/ba0r290/report.json,True,
original_ab_hf500_lfx05_seed_300,original_bundle,AB,hf500_lfx05,HF-only+AR1/co-kriging+Neural-GP MF,300,SUCCEEDED,result_out/final_runs/original/ab/hf500_lfx05/seed_300/ba0r300/report.json,True,
original_ab_hf500_lfx05_seed_311,original_bundle,AB,hf500_lfx05,HF-only+AR1/co-kriging+Neural-GP MF,311,SUCCEEDED,result_out/final_runs/original/ab/hf500_lfx05/seed_311/ba0r311/report.json,True,
original_ab_hf500_lfx05_seed_322,original_bundle,AB,hf500_lfx05,HF-only+AR1/co-kriging+Neural-GP MF,322,SUCCEEDED,result_out/final_runs/original/ab/hf500_lfx05/seed_322/ba0r322/report.json,True,
original_ab_hf500_lfx05_seed_333,original_bundle,AB,hf500_lfx05,HF-only+AR1/co-kriging+Neural-GP MF,333,SUCCEEDED,result_out/final_runs/original/ab/hf500_lfx05/seed_333/ba0r333/report.json,True,
original_ab_hf500_lfx05_seed_344,original_bundle,AB,hf500_lfx05,HF-only+AR1/co-kriging+Neural-GP MF,344,SUCCEEDED,result_out/final_runs/original/ab/hf500_lfx05/seed_344/ba0r344/report.json,True,
original_ab_hf500_lfx05_seed_355,original_bundle,AB,hf500_lfx05,HF-only+AR1/co-kriging+Neural-GP MF,355,SUCCEEDED,result_out/final_runs/original/ab/hf500_lfx05/seed_355/ba0r355/report.json,True,
original_ab_hf500_lfx05_seed_366,original_bundle,AB,hf500_lfx05,HF-only+AR1/co-kriging+Neural-GP MF,366,SUCCEEDED,result_out/final_runs/original/ab/hf500_lfx05/seed_366/ba0r366/report.json,True,
original_ab_hf500_lfx05_seed_377,original_bundle,AB,hf500_lfx05,HF-only+AR1/co-kriging+Neural-GP MF,377,SUCCEEDED,result_out/final_runs/original/ab/hf500_lfx05/seed_377/ba0r377/report.json,True,
original_ab_hf500_lfx05_seed_388,original_bundle,AB,hf500_lfx05,HF-only+AR1/co-kriging+Neural-GP MF,388,SUCCEEDED,result_out/final_runs/original/ab/hf500_lfx05/seed_388/ba0r388/report.json,True,
original_ab_hf500_lfx05_seed_399,original_bundle,AB,hf500_lfx05,HF-only+AR1/co-kriging+Neural-GP MF,399,SUCCEEDED,result_out/final_runs/original/ab/hf500_lfx05/seed_399/ba0r399/report.json,True,
original_ab_hf500_lfx10_seed_200,original_bundle,AB,hf500_lfx10,HF-only+AR1/co-kriging+Neural-GP MF,200,SUCCEEDED,result_out/final_runs/original/ab/hf500_lfx10/seed_200/ba0r200/report.json,True,
original_ab_hf500_lfx10_seed_210,original_bundle,AB,hf500_lfx10,HF-only+AR1/co-kriging+Neural-GP MF,210,SUCCEEDED,result_out/final_runs/original/ab/hf500_lfx10/seed_210/ba0r210/report.json,True,
original_ab_hf500_lfx10_seed_220,original_bundle,AB,hf500_lfx10,HF-only+AR1/co-kriging+Neural-GP MF,220,SUCCEEDED,result_out/final_runs/original/ab/hf500_lfx10/seed_220/ba0r220/report.json,True,
original_ab_hf500_lfx10_seed_230,original_bundle,AB,hf500_lfx10,HF-only+AR1/co-kriging+Neural-GP MF,230,SUCCEEDED,result_out/final_runs/original/ab/hf500_lfx10/seed_230/ba0r230/report.json,True,
original_ab_hf500_lfx10_seed_240,original_bundle,AB,hf500_lfx10,HF-only+AR1/co-kriging+Neural-GP MF,240,SUCCEEDED,result_out/final_runs/original/ab/hf500_lfx10/seed_240/ba0r240/report.json,True,
original_ab_hf500_lfx10_seed_250,original_bundle,AB,hf500_lfx10,HF-only+AR1/co-kriging+Neural-GP MF,250,SUCCEEDED,result_out/final_runs/original/ab/hf500_lfx10/seed_250/ba0r250/report.json,True,
original_ab_hf500_lfx10_seed_260,original_bundle,AB,hf500_lfx10,HF-only+AR1/co-kriging+Neural-GP MF,260,SUCCEEDED,result_out/final_runs/original/ab/hf500_lfx10/seed_260/ba0r260/report.json,True,
original_ab_hf500_lfx10_seed_270,original_bundle,AB,hf500_lfx10,HF-only+AR1/co-kriging+Neural-GP MF,270,SUCCEEDED,result_out/final_runs/original/ab/hf500_lfx10/seed_270/ba0r270/report.json,True,
original_ab_hf500_lfx10_seed_280,original_bundle,AB,hf500_lfx10,HF-only+AR1/co-kriging+Neural-GP MF,280,SUCCEEDED,result_out/final_runs/original/ab/hf500_lfx10/seed_280/ba0r280/report.json,True,
original_ab_hf500_lfx10_seed_290,original_bundle,AB,hf500_lfx10,HF-only+AR1/co-kriging+Neural-GP MF,290,SUCCEEDED,result_out/final_runs/original/ab/hf500_lfx10/seed_290/ba0r290/report.json,True,
original_ab_hf500_lfx10_seed_300,original_bundle,AB,hf500_lfx10,HF-only+AR1/co-kriging+Neural-GP MF,300,SUCCEEDED,result_out/final_runs/original/ab/hf500_lfx10/seed_300/ba0r300/report.json,True,
original_ab_hf500_lfx10_seed_311,original_bundle,AB,hf500_lfx10,HF-only+AR1/co-kriging+Neural-GP MF,311,SUCCEEDED,result_out/final_runs/original/ab/hf500_lfx10/seed_311/ba0r311/report.json,True,
original_ab_hf500_lfx10_seed_322,original_bundle,AB,hf500_lfx10,HF-only+AR1/co-kriging+Neural-GP MF,322,SUCCEEDED,result_out/final_runs/original/ab/hf500_lfx10/seed_322/ba0r322/report.json,True,
original_ab_hf500_lfx10_seed_333,original_bundle,AB,hf500_lfx10,HF-only+AR1/co-kriging+Neural-GP MF,333,SUCCEEDED,result_out/final_runs/original/ab/hf500_lfx10/seed_333/ba0r333/report.json,True,
original_ab_hf500_lfx10_seed_344,original_bundle,AB,hf500_lfx10,HF-only+AR1/co-kriging+Neural-GP MF,344,SUCCEEDED,result_out/final_runs/original/ab/hf500_lfx10/seed_344/ba0r344/report.json,True,
original_ab_hf500_lfx10_seed_355,original_bundle,AB,hf500_lfx10,HF-only+AR1/co-kriging+Neural-GP MF,355,SUCCEEDED,result_out/final_runs/original/ab/hf500_lfx10/seed_355/ba0r355/report.json,True,
original_ab_hf500_lfx10_seed_366,original_bundle,AB,hf500_lfx10,HF-only+AR1/co-kriging+Neural-GP MF,366,SUCCEEDED,result_out/final_runs/original/ab/hf500_lfx10/seed_366/ba0r366/report.json,True,
original_ab_hf500_lfx10_seed_377,original_bundle,AB,hf500_lfx10,HF-only+AR1/co-kriging+Neural-GP MF,377,SUCCEEDED,result_out/final_runs/original/ab/hf500_lfx10/seed_377/ba0r377/report.json,True,
original_ab_hf500_lfx10_seed_388,original_bundle,AB,hf500_lfx10,HF-only+AR1/co-kriging+Neural-GP MF,388,SUCCEEDED,result_out/final_runs/original/ab/hf500_lfx10/seed_388/ba0r388/report.json,True,
original_ab_hf500_lfx10_seed_399,original_bundle,AB,hf500_lfx10,HF-only+AR1/co-kriging+Neural-GP MF,399,SUCCEEDED,result_out/final_runs/original/ab/hf500_lfx10/seed_399/ba0r399/report.json,True,
original_ab_hf500_lfx15_seed_200,original_bundle,AB,hf500_lfx15,HF-only+AR1/co-kriging+Neural-GP MF,200,SUCCEEDED,result_out/final_runs/original/ab/hf500_lfx15/seed_200/ba0r200/report.json,True,
original_ab_hf500_lfx15_seed_210,original_bundle,AB,hf500_lfx15,HF-only+AR1/co-kriging+Neural-GP MF,210,SUCCEEDED,result_out/final_runs/original/ab/hf500_lfx15/seed_210/ba0r210/report.json,True,
original_ab_hf500_lfx15_seed_220,original_bundle,AB,hf500_lfx15,HF-only+AR1/co-kriging+Neural-GP MF,220,SUCCEEDED,result_out/final_runs/original/ab/hf500_lfx15/seed_220/ba0r220/report.json,True,
original_ab_hf500_lfx15_seed_230,original_bundle,AB,hf500_lfx15,HF-only+AR1/co-kriging+Neural-GP MF,230,SUCCEEDED,result_out/final_runs/original/ab/hf500_lfx15/seed_230/ba0r230/report.json,True,
original_ab_hf500_lfx15_seed_240,original_bundle,AB,hf500_lfx15,HF-only+AR1/co-kriging+Neural-GP MF,240,SUCCEEDED,result_out/final_runs/original/ab/hf500_lfx15/seed_240/ba0r240/report.json,True,
original_ab_hf500_lfx15_seed_250,original_bundle,AB,hf500_lfx15,HF-only+AR1/co-kriging+Neural-GP MF,250,SUCCEEDED,result_out/final_runs/original/ab/hf500_lfx15/seed_250/ba0r250/report.json,True,
original_ab_hf500_lfx15_seed_260,original_bundle,AB,hf500_lfx15,HF-only+AR1/co-kriging+Neural-GP MF,260,SUCCEEDED,result_out/final_runs/original/ab/hf500_lfx15/seed_260/ba0r260/report.json,True,
original_ab_hf500_lfx15_seed_270,original_bundle,AB,hf500_lfx15,HF-only+AR1/co-kriging+Neural-GP MF,270,SUCCEEDED,result_out/final_runs/original/ab/hf500_lfx15/seed_270/ba0r270/report.json,True,
original_ab_hf500_lfx15_seed_280,original_bundle,AB,hf500_lfx15,HF-only+AR1/co-kriging+Neural-GP MF,280,SUCCEEDED,result_out/final_runs/original/ab/hf500_lfx15/seed_280/ba0r280/report.json,True,
original_ab_hf500_lfx15_seed_290,original_bundle,AB,hf500_lfx15,HF-only+AR1/co-kriging+Neural-GP MF,290,SUCCEEDED,result_out/final_runs/original/ab/hf500_lfx15/seed_290/ba0r290/report.json,True,
original_ab_hf500_lfx15_seed_300,original_bundle,AB,hf500_lfx15,HF-only+AR1/co-kriging+Neural-GP MF,300,SUCCEEDED,result_out/final_runs/original/ab/hf500_lfx15/seed_300/ba0r300/report.json,True,
original_ab_hf500_lfx15_seed_311,original_bundle,AB,hf500_lfx15,HF-only+AR1/co-kriging+Neural-GP MF,311,SUCCEEDED,result_out/final_runs/original/ab/hf500_lfx15/seed_311/ba0r311/report.json,True,
original_ab_hf500_lfx15_seed_322,original_bundle,AB,hf500_lfx15,HF-only+AR1/co-kriging+Neural-GP MF,322,SUCCEEDED,result_out/final_runs/original/ab/hf500_lfx15/seed_322/ba0r322/report.json,True,
original_ab_hf500_lfx15_seed_333,original_bundle,AB,hf500_lfx15,HF-only+AR1/co-kriging+Neural-GP MF,333,SUCCEEDED,result_out/final_runs/original/ab/hf500_lfx15/seed_333/ba0r333/report.json,True,
original_ab_hf500_lfx15_seed_344,original_bundle,AB,hf500_lfx15,HF-only+AR1/co-kriging+Neural-GP MF,344,SUCCEEDED,result_out/final_runs/original/ab/hf500_lfx15/seed_344/ba0r344/report.json,True,
original_ab_hf500_lfx15_seed_355,original_bundle,AB,hf500_lfx15,HF-only+AR1/co-kriging+Neural-GP MF,355,SUCCEEDED,result_out/final_runs/original/ab/hf500_lfx15/seed_355/ba0r355/report.json,True,
original_ab_hf500_lfx15_seed_366,original_bundle,AB,hf500_lfx15,HF-only+AR1/co-kriging+Neural-GP MF,366,SUCCEEDED,result_out/final_runs/original/ab/hf500_lfx15/seed_366/ba0r366/report.json,True,
original_ab_hf500_lfx15_seed_377,original_bundle,AB,hf500_lfx15,HF-only+AR1/co-kriging+Neural-GP MF,377,SUCCEEDED,result_out/final_runs/original/ab/hf500_lfx15/seed_377/ba0r377/report.json,True,
original_ab_hf500_lfx15_seed_388,original_bundle,AB,hf500_lfx15,HF-only+AR1/co-kriging+Neural-GP MF,388,SUCCEEDED,result_out/final_runs/original/ab/hf500_lfx15/seed_388/ba0r388/report.json,True,
original_ab_hf500_lfx15_seed_399,original_bundle,AB,hf500_lfx15,HF-only+AR1/co-kriging+Neural-GP MF,399,SUCCEEDED,result_out/final_runs/original/ab/hf500_lfx15/seed_399/ba0r399/report.json,True,
original_mtm_hf50_lfx10_seed_1,original_mtm_bundle,MTM,hf50_lfx10,HF-only+AR1/co-kriging+Neural-GP MF,1,SUCCEEDED,result_out/final_runs/original/mtm/hf50_lfx10/seed_1/report.json,True,
original_mtm_hf50_lfx10_seed_2,original_mtm_bundle,MTM,hf50_lfx10,HF-only+AR1/co-kriging+Neural-GP MF,2,SUCCEEDED,result_out/final_runs/original/mtm/hf50_lfx10/seed_2/report.json,True,
original_mtm_hf50_lfx10_seed_3,original_mtm_bundle,MTM,hf50_lfx10,HF-only+AR1/co-kriging+Neural-GP MF,3,SUCCEEDED,result_out/final_runs/original/mtm/hf50_lfx10/seed_3/report.json,True,
original_mtm_hf50_lfx10_seed_4,original_mtm_bundle,MTM,hf50_lfx10,HF-only+AR1/co-kriging+Neural-GP MF,4,SUCCEEDED,result_out/final_runs/original/mtm/hf50_lfx10/seed_4/report.json,True,
original_mtm_hf50_lfx10_seed_5,original_mtm_bundle,MTM,hf50_lfx10,HF-only+AR1/co-kriging+Neural-GP MF,5,SUCCEEDED,result_out/final_runs/original/mtm/hf50_lfx10/seed_5/report.json,True,
original_mtm_hf50_lfx10_seed_6,original_mtm_bundle,MTM,hf50_lfx10,HF-only+AR1/co-kriging+Neural-GP MF,6,SUCCEEDED,result_out/final_runs/original/mtm/hf50_lfx10/seed_6/report.json,True,
original_mtm_hf50_lfx10_seed_7,original_mtm_bundle,MTM,hf50_lfx10,HF-only+AR1/co-kriging+Neural-GP MF,7,SUCCEEDED,result_out/final_runs/original/mtm/hf50_lfx10/seed_7/report.json,True,
original_mtm_hf50_lfx10_seed_8,original_mtm_bundle,MTM,hf50_lfx10,HF-only+AR1/co-kriging+Neural-GP MF,8,SUCCEEDED,result_out/final_runs/original/mtm/hf50_lfx10/seed_8/report.json,True,
original_mtm_hf50_lfx10_seed_9,original_mtm_bundle,MTM,hf50_lfx10,HF-only+AR1/co-kriging+Neural-GP MF,9,SUCCEEDED,result_out/final_runs/original/mtm/hf50_lfx10/seed_9/report.json,True,
original_mtm_hf50_lfx10_seed_10,original_mtm_bundle,MTM,hf50_lfx10,HF-only+AR1/co-kriging+Neural-GP MF,10,SUCCEEDED,result_out/final_runs/original/mtm/hf50_lfx10/seed_10/report.json,True,
original_mtm_hf50_lfx10_seed_11,original_mtm_bundle,MTM,hf50_lfx10,HF-only+AR1/co-kriging+Neural-GP MF,11,SUCCEEDED,result_out/final_runs/original/mtm/hf50_lfx10/seed_11/report.json,True,
original_mtm_hf50_lfx10_seed_12,original_mtm_bundle,MTM,hf50_lfx10,HF-only+AR1/co-kriging+Neural-GP MF,12,SUCCEEDED,result_out/final_runs/original/mtm/hf50_lfx10/seed_12/report.json,True,
original_mtm_hf50_lfx10_seed_13,original_mtm_bundle,MTM,hf50_lfx10,HF-only+AR1/co-kriging+Neural-GP MF,13,SUCCEEDED,result_out/final_runs/original/mtm/hf50_lfx10/seed_13/report.json,True,
original_mtm_hf50_lfx10_seed_14,original_mtm_bundle,MTM,hf50_lfx10,HF-only+AR1/co-kriging+Neural-GP MF,14,SUCCEEDED,result_out/final_runs/original/mtm/hf50_lfx10/seed_14/report.json,True,
original_mtm_hf50_lfx10_seed_15,original_mtm_bundle,MTM,hf50_lfx10,HF-only+AR1/co-kriging+Neural-GP MF,15,SUCCEEDED,result_out/final_runs/original/mtm/hf50_lfx10/seed_15/report.json,True,
original_mtm_hf50_lfx10_seed_16,original_mtm_bundle,MTM,hf50_lfx10,HF-only+AR1/co-kriging+Neural-GP MF,16,SUCCEEDED,result_out/final_runs/original/mtm/hf50_lfx10/seed_16/report.json,True,
original_mtm_hf50_lfx10_seed_17,original_mtm_bundle,MTM,hf50_lfx10,HF-only+AR1/co-kriging+Neural-GP MF,17,SUCCEEDED,result_out/final_runs/original/mtm/hf50_lfx10/seed_17/report.json,True,
original_mtm_hf50_lfx10_seed_18,original_mtm_bundle,MTM,hf50_lfx10,HF-only+AR1/co-kriging+Neural-GP MF,18,SUCCEEDED,result_out/final_runs/original/mtm/hf50_lfx10/seed_18/report.json,True,
original_mtm_hf50_lfx10_seed_19,original_mtm_bundle,MTM,hf50_lfx10,HF-only+AR1/co-kriging+Neural-GP MF,19,SUCCEEDED,result_out/final_runs/original/mtm/hf50_lfx10/seed_19/report.json,True,
original_mtm_hf50_lfx10_seed_20,original_mtm_bundle,MTM,hf50_lfx10,HF-only+AR1/co-kriging+Neural-GP MF,20,SUCCEEDED,result_out/final_runs/original/mtm/hf50_lfx10/seed_20/report.json,True,
comparison_tm_fpca_nargp_hf50_lfx10_seed_200,comparison,TM,hf50_lfx10,fpca-nargp,200,SUCCEEDED,result_out/final_runs/comparisons/tm/fpca_nargp/hf50_lfx10/seed_200/report.json,True,
comparison_tm_fpca_nargp_hf50_lfx10_seed_210,comparison,TM,hf50_lfx10,fpca-nargp,210,SUCCEEDED,result_out/final_runs/comparisons/tm/fpca_nargp/hf50_lfx10/seed_210/report.json,True,
comparison_tm_fpca_nargp_hf50_lfx10_seed_220,comparison,TM,hf50_lfx10,fpca-nargp,220,SUCCEEDED,result_out/final_runs/comparisons/tm/fpca_nargp/hf50_lfx10/seed_220/report.json,True,
comparison_tm_fpca_nargp_hf50_lfx10_seed_230,comparison,TM,hf50_lfx10,fpca-nargp,230,SUCCEEDED,result_out/final_runs/comparisons/tm/fpca_nargp/hf50_lfx10/seed_230/report.json,True,
comparison_tm_fpca_nargp_hf50_lfx10_seed_240,comparison,TM,hf50_lfx10,fpca-nargp,240,SUCCEEDED,result_out/final_runs/comparisons/tm/fpca_nargp/hf50_lfx10/seed_240/report.json,True,
comparison_tm_fpca_nargp_hf50_lfx10_seed_250,comparison,TM,hf50_lfx10,fpca-nargp,250,SUCCEEDED,result_out/final_runs/comparisons/tm/fpca_nargp/hf50_lfx10/seed_250/report.json,True,
comparison_tm_fpca_nargp_hf50_lfx10_seed_260,comparison,TM,hf50_lfx10,fpca-nargp,260,SUCCEEDED,result_out/final_runs/comparisons/tm/fpca_nargp/hf50_lfx10/seed_260/report.json,True,
comparison_tm_fpca_nargp_hf50_lfx10_seed_270,comparison,TM,hf50_lfx10,fpca-nargp,270,SUCCEEDED,result_out/final_runs/comparisons/tm/fpca_nargp/hf50_lfx10/seed_270/report.json,True,
comparison_tm_fpca_nargp_hf50_lfx10_seed_280,comparison,TM,hf50_lfx10,fpca-nargp,280,SUCCEEDED,result_out/final_runs/comparisons/tm/fpca_nargp/hf50_lfx10/seed_280/report.json,True,
comparison_tm_fpca_nargp_hf50_lfx10_seed_290,comparison,TM,hf50_lfx10,fpca-nargp,290,SUCCEEDED,result_out/final_runs/comparisons/tm/fpca_nargp/hf50_lfx10/seed_290/report.json,True,
comparison_tm_fpca_nargp_hf50_lfx10_seed_300,comparison,TM,hf50_lfx10,fpca-nargp,300,SUCCEEDED,result_out/final_runs/comparisons/tm/fpca_nargp/hf50_lfx10/seed_300/report.json,True,
comparison_tm_fpca_nargp_hf50_lfx10_seed_311,comparison,TM,hf50_lfx10,fpca-nargp,311,SUCCEEDED,result_out/final_runs/comparisons/tm/fpca_nargp/hf50_lfx10/seed_311/report.json,True,
comparison_tm_fpca_nargp_hf50_lfx10_seed_322,comparison,TM,hf50_lfx10,fpca-nargp,322,SUCCEEDED,result_out/final_runs/comparisons/tm/fpca_nargp/hf50_lfx10/seed_322/report.json,True,
comparison_tm_fpca_nargp_hf50_lfx10_seed_333,comparison,TM,hf50_lfx10,fpca-nargp,333,SUCCEEDED,result_out/final_runs/comparisons/tm/fpca_nargp/hf50_lfx10/seed_333/report.json,True,
comparison_tm_fpca_nargp_hf50_lfx10_seed_344,comparison,TM,hf50_lfx10,fpca-nargp,344,SUCCEEDED,result_out/final_runs/comparisons/tm/fpca_nargp/hf50_lfx10/seed_344/report.json,True,
comparison_tm_fpca_nargp_hf50_lfx10_seed_355,comparison,TM,hf50_lfx10,fpca-nargp,355,SUCCEEDED,result_out/final_runs/comparisons/tm/fpca_nargp/hf50_lfx10/seed_355/report.json,True,
comparison_tm_fpca_nargp_hf50_lfx10_seed_366,comparison,TM,hf50_lfx10,fpca-nargp,366,SUCCEEDED,result_out/final_runs/comparisons/tm/fpca_nargp/hf50_lfx10/seed_366/report.json,True,
comparison_tm_fpca_nargp_hf50_lfx10_seed_377,comparison,TM,hf50_lfx10,fpca-nargp,377,SUCCEEDED,result_out/final_runs/comparisons/tm/fpca_nargp/hf50_lfx10/seed_377/report.json,True,
comparison_tm_fpca_nargp_hf50_lfx10_seed_388,comparison,TM,hf50_lfx10,fpca-nargp,388,SUCCEEDED,result_out/final_runs/comparisons/tm/fpca_nargp/hf50_lfx10/seed_388/report.json,True,
comparison_tm_fpca_nargp_hf50_lfx10_seed_399,comparison,TM,hf50_lfx10,fpca-nargp,399,SUCCEEDED,result_out/final_runs/comparisons/tm/fpca_nargp/hf50_lfx10/seed_399/report.json,True,
comparison_tm_fpca_nargp_hf100_lfx10_seed_200,comparison,TM,hf100_lfx10,fpca-nargp,200,SUCCEEDED,result_out/final_runs/comparisons/tm/fpca_nargp/hf100_lfx10/seed_200/report.json,True,
comparison_tm_fpca_nargp_hf100_lfx10_seed_210,comparison,TM,hf100_lfx10,fpca-nargp,210,SUCCEEDED,result_out/final_runs/comparisons/tm/fpca_nargp/hf100_lfx10/seed_210/report.json,True,
comparison_tm_fpca_nargp_hf100_lfx10_seed_220,comparison,TM,hf100_lfx10,fpca-nargp,220,SUCCEEDED,result_out/final_runs/comparisons/tm/fpca_nargp/hf100_lfx10/seed_220/report.json,True,
comparison_tm_fpca_nargp_hf100_lfx10_seed_230,comparison,TM,hf100_lfx10,fpca-nargp,230,SUCCEEDED,result_out/final_runs/comparisons/tm/fpca_nargp/hf100_lfx10/seed_230/report.json,True,
comparison_tm_fpca_nargp_hf100_lfx10_seed_240,comparison,TM,hf100_lfx10,fpca-nargp,240,SUCCEEDED,result_out/final_runs/comparisons/tm/fpca_nargp/hf100_lfx10/seed_240/report.json,True,
comparison_tm_fpca_nargp_hf100_lfx10_seed_250,comparison,TM,hf100_lfx10,fpca-nargp,250,SUCCEEDED,result_out/final_runs/comparisons/tm/fpca_nargp/hf100_lfx10/seed_250/report.json,True,
comparison_tm_fpca_nargp_hf100_lfx10_seed_260,comparison,TM,hf100_lfx10,fpca-nargp,260,SUCCEEDED,result_out/final_runs/comparisons/tm/fpca_nargp/hf100_lfx10/seed_260/report.json,True,
comparison_tm_fpca_nargp_hf100_lfx10_seed_270,comparison,TM,hf100_lfx10,fpca-nargp,270,SUCCEEDED,result_out/final_runs/comparisons/tm/fpca_nargp/hf100_lfx10/seed_270/report.json,True,
comparison_tm_fpca_nargp_hf100_lfx10_seed_280,comparison,TM,hf100_lfx10,fpca-nargp,280,SUCCEEDED,result_out/final_runs/comparisons/tm/fpca_nargp/hf100_lfx10/seed_280/report.json,True,
comparison_tm_fpca_nargp_hf100_lfx10_seed_290,comparison,TM,hf100_lfx10,fpca-nargp,290,SUCCEEDED,result_out/final_runs/comparisons/tm/fpca_nargp/hf100_lfx10/seed_290/report.json,True,
comparison_tm_fpca_nargp_hf100_lfx10_seed_300,comparison,TM,hf100_lfx10,fpca-nargp,300,SUCCEEDED,result_out/final_runs/comparisons/tm/fpca_nargp/hf100_lfx10/seed_300/report.json,True,
comparison_tm_fpca_nargp_hf100_lfx10_seed_311,comparison,TM,hf100_lfx10,fpca-nargp,311,SUCCEEDED,result_out/final_runs/comparisons/tm/fpca_nargp/hf100_lfx10/seed_311/report.json,True,
comparison_tm_fpca_nargp_hf100_lfx10_seed_322,comparison,TM,hf100_lfx10,fpca-nargp,322,SUCCEEDED,result_out/final_runs/comparisons/tm/fpca_nargp/hf100_lfx10/seed_322/report.json,True,
comparison_tm_fpca_nargp_hf100_lfx10_seed_333,comparison,TM,hf100_lfx10,fpca-nargp,333,SUCCEEDED,result_out/final_runs/comparisons/tm/fpca_nargp/hf100_lfx10/seed_333/report.json,True,
comparison_tm_fpca_nargp_hf100_lfx10_seed_344,comparison,TM,hf100_lfx10,fpca-nargp,344,SUCCEEDED,result_out/final_runs/comparisons/tm/fpca_nargp/hf100_lfx10/seed_344/report.json,True,
comparison_tm_fpca_nargp_hf100_lfx10_seed_355,comparison,TM,hf100_lfx10,fpca-nargp,355,SUCCEEDED,result_out/final_runs/comparisons/tm/fpca_nargp/hf100_lfx10/seed_355/report.json,True,
comparison_tm_fpca_nargp_hf100_lfx10_seed_366,comparison,TM,hf100_lfx10,fpca-nargp,366,SUCCEEDED,result_out/final_runs/comparisons/tm/fpca_nargp/hf100_lfx10/seed_366/report.json,True,
comparison_tm_fpca_nargp_hf100_lfx10_seed_377,comparison,TM,hf100_lfx10,fpca-nargp,377,SUCCEEDED,result_out/final_runs/comparisons/tm/fpca_nargp/hf100_lfx10/seed_377/report.json,True,
comparison_tm_fpca_nargp_hf100_lfx10_seed_388,comparison,TM,hf100_lfx10,fpca-nargp,388,SUCCEEDED,result_out/final_runs/comparisons/tm/fpca_nargp/hf100_lfx10/seed_388/report.json,True,
comparison_tm_fpca_nargp_hf100_lfx10_seed_399,comparison,TM,hf100_lfx10,fpca-nargp,399,SUCCEEDED,result_out/final_runs/comparisons/tm/fpca_nargp/hf100_lfx10/seed_399/report.json,True,
comparison_tm_fpca_nargp_hf200_lfx10_seed_200,comparison,TM,hf200_lfx10,fpca-nargp,200,SUCCEEDED,result_out/final_runs/comparisons/tm/fpca_nargp/hf200_lfx10/seed_200/report.json,True,
comparison_tm_fpca_nargp_hf200_lfx10_seed_210,comparison,TM,hf200_lfx10,fpca-nargp,210,SUCCEEDED,result_out/final_runs/comparisons/tm/fpca_nargp/hf200_lfx10/seed_210/report.json,True,
comparison_tm_fpca_nargp_hf200_lfx10_seed_220,comparison,TM,hf200_lfx10,fpca-nargp,220,SUCCEEDED,result_out/final_runs/comparisons/tm/fpca_nargp/hf200_lfx10/seed_220/report.json,True,
comparison_tm_fpca_nargp_hf200_lfx10_seed_230,comparison,TM,hf200_lfx10,fpca-nargp,230,SUCCEEDED,result_out/final_runs/comparisons/tm/fpca_nargp/hf200_lfx10/seed_230/report.json,True,
comparison_tm_fpca_nargp_hf200_lfx10_seed_240,comparison,TM,hf200_lfx10,fpca-nargp,240,SUCCEEDED,result_out/final_runs/comparisons/tm/fpca_nargp/hf200_lfx10/seed_240/report.json,True,
comparison_tm_fpca_nargp_hf200_lfx10_seed_250,comparison,TM,hf200_lfx10,fpca-nargp,250,SUCCEEDED,result_out/final_runs/comparisons/tm/fpca_nargp/hf200_lfx10/seed_250/report.json,True,
comparison_tm_fpca_nargp_hf200_lfx10_seed_260,comparison,TM,hf200_lfx10,fpca-nargp,260,SUCCEEDED,result_out/final_runs/comparisons/tm/fpca_nargp/hf200_lfx10/seed_260/report.json,True,
comparison_tm_fpca_nargp_hf200_lfx10_seed_270,comparison,TM,hf200_lfx10,fpca-nargp,270,SUCCEEDED,result_out/final_runs/comparisons/tm/fpca_nargp/hf200_lfx10/seed_270/report.json,True,
comparison_tm_fpca_nargp_hf200_lfx10_seed_280,comparison,TM,hf200_lfx10,fpca-nargp,280,SUCCEEDED,result_out/final_runs/comparisons/tm/fpca_nargp/hf200_lfx10/seed_280/report.json,True,
comparison_tm_fpca_nargp_hf200_lfx10_seed_290,comparison,TM,hf200_lfx10,fpca-nargp,290,SUCCEEDED,result_out/final_runs/comparisons/tm/fpca_nargp/hf200_lfx10/seed_290/report.json,True,
comparison_tm_fpca_nargp_hf200_lfx10_seed_300,comparison,TM,hf200_lfx10,fpca-nargp,300,SUCCEEDED,result_out/final_runs/comparisons/tm/fpca_nargp/hf200_lfx10/seed_300/report.json,True,
comparison_tm_fpca_nargp_hf200_lfx10_seed_311,comparison,TM,hf200_lfx10,fpca-nargp,311,SUCCEEDED,result_out/final_runs/comparisons/tm/fpca_nargp/hf200_lfx10/seed_311/report.json,True,
comparison_tm_fpca_nargp_hf200_lfx10_seed_322,comparison,TM,hf200_lfx10,fpca-nargp,322,SUCCEEDED,result_out/final_runs/comparisons/tm/fpca_nargp/hf200_lfx10/seed_322/report.json,True,
comparison_tm_fpca_nargp_hf200_lfx10_seed_333,comparison,TM,hf200_lfx10,fpca-nargp,333,SUCCEEDED,result_out/final_runs/comparisons/tm/fpca_nargp/hf200_lfx10/seed_333/report.json,True,
comparison_tm_fpca_nargp_hf200_lfx10_seed_344,comparison,TM,hf200_lfx10,fpca-nargp,344,SUCCEEDED,result_out/final_runs/comparisons/tm/fpca_nargp/hf200_lfx10/seed_344/report.json,True,
comparison_tm_fpca_nargp_hf200_lfx10_seed_355,comparison,TM,hf200_lfx10,fpca-nargp,355,SUCCEEDED,result_out/final_runs/comparisons/tm/fpca_nargp/hf200_lfx10/seed_355/report.json,True,
comparison_tm_fpca_nargp_hf200_lfx10_seed_366,comparison,TM,hf200_lfx10,fpca-nargp,366,SUCCEEDED,result_out/final_runs/comparisons/tm/fpca_nargp/hf200_lfx10/seed_366/report.json,True,
comparison_tm_fpca_nargp_hf200_lfx10_seed_377,comparison,TM,hf200_lfx10,fpca-nargp,377,SUCCEEDED,result_out/final_runs/comparisons/tm/fpca_nargp/hf200_lfx10/seed_377/report.json,True,
comparison_tm_fpca_nargp_hf200_lfx10_seed_388,comparison,TM,hf200_lfx10,fpca-nargp,388,SUCCEEDED,result_out/final_runs/comparisons/tm/fpca_nargp/hf200_lfx10/seed_388/report.json,True,
comparison_tm_fpca_nargp_hf200_lfx10_seed_399,comparison,TM,hf200_lfx10,fpca-nargp,399,SUCCEEDED,result_out/final_runs/comparisons/tm/fpca_nargp/hf200_lfx10/seed_399/report.json,True,
comparison_tm_fpca_nargp_hf300_lfx10_seed_200,comparison,TM,hf300_lfx10,fpca-nargp,200,SUCCEEDED,result_out/final_runs/comparisons/tm/fpca_nargp/hf300_lfx10/seed_200/report.json,True,
comparison_tm_fpca_nargp_hf300_lfx10_seed_210,comparison,TM,hf300_lfx10,fpca-nargp,210,SUCCEEDED,result_out/final_runs/comparisons/tm/fpca_nargp/hf300_lfx10/seed_210/report.json,True,
comparison_tm_fpca_nargp_hf300_lfx10_seed_220,comparison,TM,hf300_lfx10,fpca-nargp,220,SUCCEEDED,result_out/final_runs/comparisons/tm/fpca_nargp/hf300_lfx10/seed_220/report.json,True,
comparison_tm_fpca_nargp_hf300_lfx10_seed_230,comparison,TM,hf300_lfx10,fpca-nargp,230,SUCCEEDED,result_out/final_runs/comparisons/tm/fpca_nargp/hf300_lfx10/seed_230/report.json,True,
comparison_tm_fpca_nargp_hf300_lfx10_seed_240,comparison,TM,hf300_lfx10,fpca-nargp,240,SUCCEEDED,result_out/final_runs/comparisons/tm/fpca_nargp/hf300_lfx10/seed_240/report.json,True,
comparison_tm_fpca_nargp_hf300_lfx10_seed_250,comparison,TM,hf300_lfx10,fpca-nargp,250,SUCCEEDED,result_out/final_runs/comparisons/tm/fpca_nargp/hf300_lfx10/seed_250/report.json,True,
comparison_tm_fpca_nargp_hf300_lfx10_seed_260,comparison,TM,hf300_lfx10,fpca-nargp,260,SUCCEEDED,result_out/final_runs/comparisons/tm/fpca_nargp/hf300_lfx10/seed_260/report.json,True,
comparison_tm_fpca_nargp_hf300_lfx10_seed_270,comparison,TM,hf300_lfx10,fpca-nargp,270,SUCCEEDED,result_out/final_runs/comparisons/tm/fpca_nargp/hf300_lfx10/seed_270/report.json,True,
comparison_tm_fpca_nargp_hf300_lfx10_seed_280,comparison,TM,hf300_lfx10,fpca-nargp,280,SUCCEEDED,result_out/final_runs/comparisons/tm/fpca_nargp/hf300_lfx10/seed_280/report.json,True,
comparison_tm_fpca_nargp_hf300_lfx10_seed_290,comparison,TM,hf300_lfx10,fpca-nargp,290,SUCCEEDED,result_out/final_runs/comparisons/tm/fpca_nargp/hf300_lfx10/seed_290/report.json,True,
comparison_tm_fpca_nargp_hf300_lfx10_seed_300,comparison,TM,hf300_lfx10,fpca-nargp,300,SUCCEEDED,result_out/final_runs/comparisons/tm/fpca_nargp/hf300_lfx10/seed_300/report.json,True,
comparison_tm_fpca_nargp_hf300_lfx10_seed_311,comparison,TM,hf300_lfx10,fpca-nargp,311,SUCCEEDED,result_out/final_runs/comparisons/tm/fpca_nargp/hf300_lfx10/seed_311/report.json,True,
comparison_tm_fpca_nargp_hf300_lfx10_seed_322,comparison,TM,hf300_lfx10,fpca-nargp,322,SUCCEEDED,result_out/final_runs/comparisons/tm/fpca_nargp/hf300_lfx10/seed_322/report.json,True,
comparison_tm_fpca_nargp_hf300_lfx10_seed_333,comparison,TM,hf300_lfx10,fpca-nargp,333,SUCCEEDED,result_out/final_runs/comparisons/tm/fpca_nargp/hf300_lfx10/seed_333/report.json,True,
comparison_tm_fpca_nargp_hf300_lfx10_seed_344,comparison,TM,hf300_lfx10,fpca-nargp,344,SUCCEEDED,result_out/final_runs/comparisons/tm/fpca_nargp/hf300_lfx10/seed_344/report.json,True,
comparison_tm_fpca_nargp_hf300_lfx10_seed_355,comparison,TM,hf300_lfx10,fpca-nargp,355,SUCCEEDED,result_out/final_runs/comparisons/tm/fpca_nargp/hf300_lfx10/seed_355/report.json,True,
comparison_tm_fpca_nargp_hf300_lfx10_seed_366,comparison,TM,hf300_lfx10,fpca-nargp,366,SUCCEEDED,result_out/final_runs/comparisons/tm/fpca_nargp/hf300_lfx10/seed_366/report.json,True,
comparison_tm_fpca_nargp_hf300_lfx10_seed_377,comparison,TM,hf300_lfx10,fpca-nargp,377,SUCCEEDED,result_out/final_runs/comparisons/tm/fpca_nargp/hf300_lfx10/seed_377/report.json,True,
comparison_tm_fpca_nargp_hf300_lfx10_seed_388,comparison,TM,hf300_lfx10,fpca-nargp,388,SUCCEEDED,result_out/final_runs/comparisons/tm/fpca_nargp/hf300_lfx10/seed_388/report.json,True,
comparison_tm_fpca_nargp_hf300_lfx10_seed_399,comparison,TM,hf300_lfx10,fpca-nargp,399,SUCCEEDED,result_out/final_runs/comparisons/tm/fpca_nargp/hf300_lfx10/seed_399/report.json,True,
comparison_tm_fpca_nargp_hf400_lfx10_seed_200,comparison,TM,hf400_lfx10,fpca-nargp,200,SUCCEEDED,result_out/final_runs/comparisons/tm/fpca_nargp/hf400_lfx10/seed_200/report.json,True,
comparison_tm_fpca_nargp_hf400_lfx10_seed_210,comparison,TM,hf400_lfx10,fpca-nargp,210,SUCCEEDED,result_out/final_runs/comparisons/tm/fpca_nargp/hf400_lfx10/seed_210/report.json,True,
comparison_tm_fpca_nargp_hf400_lfx10_seed_220,comparison,TM,hf400_lfx10,fpca-nargp,220,SUCCEEDED,result_out/final_runs/comparisons/tm/fpca_nargp/hf400_lfx10/seed_220/report.json,True,
comparison_tm_fpca_nargp_hf400_lfx10_seed_230,comparison,TM,hf400_lfx10,fpca-nargp,230,SUCCEEDED,result_out/final_runs/comparisons/tm/fpca_nargp/hf400_lfx10/seed_230/report.json,True,
comparison_tm_fpca_nargp_hf400_lfx10_seed_240,comparison,TM,hf400_lfx10,fpca-nargp,240,SUCCEEDED,result_out/final_runs/comparisons/tm/fpca_nargp/hf400_lfx10/seed_240/report.json,True,
comparison_tm_fpca_nargp_hf400_lfx10_seed_250,comparison,TM,hf400_lfx10,fpca-nargp,250,SUCCEEDED,result_out/final_runs/comparisons/tm/fpca_nargp/hf400_lfx10/seed_250/report.json,True,
comparison_tm_fpca_nargp_hf400_lfx10_seed_260,comparison,TM,hf400_lfx10,fpca-nargp,260,SUCCEEDED,result_out/final_runs/comparisons/tm/fpca_nargp/hf400_lfx10/seed_260/report.json,True,
comparison_tm_fpca_nargp_hf400_lfx10_seed_270,comparison,TM,hf400_lfx10,fpca-nargp,270,SUCCEEDED,result_out/final_runs/comparisons/tm/fpca_nargp/hf400_lfx10/seed_270/report.json,True,
comparison_tm_fpca_nargp_hf400_lfx10_seed_280,comparison,TM,hf400_lfx10,fpca-nargp,280,SUCCEEDED,result_out/final_runs/comparisons/tm/fpca_nargp/hf400_lfx10/seed_280/report.json,True,
comparison_tm_fpca_nargp_hf400_lfx10_seed_290,comparison,TM,hf400_lfx10,fpca-nargp,290,SUCCEEDED,result_out/final_runs/comparisons/tm/fpca_nargp/hf400_lfx10/seed_290/report.json,True,
comparison_tm_fpca_nargp_hf400_lfx10_seed_300,comparison,TM,hf400_lfx10,fpca-nargp,300,SUCCEEDED,result_out/final_runs/comparisons/tm/fpca_nargp/hf400_lfx10/seed_300/report.json,True,
comparison_tm_fpca_nargp_hf400_lfx10_seed_311,comparison,TM,hf400_lfx10,fpca-nargp,311,SUCCEEDED,result_out/final_runs/comparisons/tm/fpca_nargp/hf400_lfx10/seed_311/report.json,True,
comparison_tm_fpca_nargp_hf400_lfx10_seed_322,comparison,TM,hf400_lfx10,fpca-nargp,322,SUCCEEDED,result_out/final_runs/comparisons/tm/fpca_nargp/hf400_lfx10/seed_322/report.json,True,
comparison_tm_fpca_nargp_hf400_lfx10_seed_333,comparison,TM,hf400_lfx10,fpca-nargp,333,SUCCEEDED,result_out/final_runs/comparisons/tm/fpca_nargp/hf400_lfx10/seed_333/report.json,True,
comparison_tm_fpca_nargp_hf400_lfx10_seed_344,comparison,TM,hf400_lfx10,fpca-nargp,344,SUCCEEDED,result_out/final_runs/comparisons/tm/fpca_nargp/hf400_lfx10/seed_344/report.json,True,
comparison_tm_fpca_nargp_hf400_lfx10_seed_355,comparison,TM,hf400_lfx10,fpca-nargp,355,SUCCEEDED,result_out/final_runs/comparisons/tm/fpca_nargp/hf400_lfx10/seed_355/report.json,True,
comparison_tm_fpca_nargp_hf400_lfx10_seed_366,comparison,TM,hf400_lfx10,fpca-nargp,366,SUCCEEDED,result_out/final_runs/comparisons/tm/fpca_nargp/hf400_lfx10/seed_366/report.json,True,
comparison_tm_fpca_nargp_hf400_lfx10_seed_377,comparison,TM,hf400_lfx10,fpca-nargp,377,SUCCEEDED,result_out/final_runs/comparisons/tm/fpca_nargp/hf400_lfx10/seed_377/report.json,True,
comparison_tm_fpca_nargp_hf400_lfx10_seed_388,comparison,TM,hf400_lfx10,fpca-nargp,388,SUCCEEDED,result_out/final_runs/comparisons/tm/fpca_nargp/hf400_lfx10/seed_388/report.json,True,
comparison_tm_fpca_nargp_hf400_lfx10_seed_399,comparison,TM,hf400_lfx10,fpca-nargp,399,SUCCEEDED,result_out/final_runs/comparisons/tm/fpca_nargp/hf400_lfx10/seed_399/report.json,True,
comparison_tm_fpca_nargp_hf500_lfx10_seed_200,comparison,TM,hf500_lfx10,fpca-nargp,200,SUCCEEDED,result_out/final_runs/comparisons/tm/fpca_nargp/hf500_lfx10/seed_200/report.json,True,
comparison_tm_fpca_nargp_hf500_lfx10_seed_210,comparison,TM,hf500_lfx10,fpca-nargp,210,SUCCEEDED,result_out/final_runs/comparisons/tm/fpca_nargp/hf500_lfx10/seed_210/report.json,True,
comparison_tm_fpca_nargp_hf500_lfx10_seed_220,comparison,TM,hf500_lfx10,fpca-nargp,220,SUCCEEDED,result_out/final_runs/comparisons/tm/fpca_nargp/hf500_lfx10/seed_220/report.json,True,
comparison_tm_fpca_nargp_hf500_lfx10_seed_230,comparison,TM,hf500_lfx10,fpca-nargp,230,SUCCEEDED,result_out/final_runs/comparisons/tm/fpca_nargp/hf500_lfx10/seed_230/report.json,True,
comparison_tm_fpca_nargp_hf500_lfx10_seed_240,comparison,TM,hf500_lfx10,fpca-nargp,240,SUCCEEDED,result_out/final_runs/comparisons/tm/fpca_nargp/hf500_lfx10/seed_240/report.json,True,
comparison_tm_fpca_nargp_hf500_lfx10_seed_250,comparison,TM,hf500_lfx10,fpca-nargp,250,SUCCEEDED,result_out/final_runs/comparisons/tm/fpca_nargp/hf500_lfx10/seed_250/report.json,True,
comparison_tm_fpca_nargp_hf500_lfx10_seed_260,comparison,TM,hf500_lfx10,fpca-nargp,260,SUCCEEDED,result_out/final_runs/comparisons/tm/fpca_nargp/hf500_lfx10/seed_260/report.json,True,
comparison_tm_fpca_nargp_hf500_lfx10_seed_270,comparison,TM,hf500_lfx10,fpca-nargp,270,SUCCEEDED,result_out/final_runs/comparisons/tm/fpca_nargp/hf500_lfx10/seed_270/report.json,True,
comparison_tm_fpca_nargp_hf500_lfx10_seed_280,comparison,TM,hf500_lfx10,fpca-nargp,280,SUCCEEDED,result_out/final_runs/comparisons/tm/fpca_nargp/hf500_lfx10/seed_280/report.json,True,
comparison_tm_fpca_nargp_hf500_lfx10_seed_290,comparison,TM,hf500_lfx10,fpca-nargp,290,SUCCEEDED,result_out/final_runs/comparisons/tm/fpca_nargp/hf500_lfx10/seed_290/report.json,True,
comparison_tm_fpca_nargp_hf500_lfx10_seed_300,comparison,TM,hf500_lfx10,fpca-nargp,300,SUCCEEDED,result_out/final_runs/comparisons/tm/fpca_nargp/hf500_lfx10/seed_300/report.json,True,
comparison_tm_fpca_nargp_hf500_lfx10_seed_311,comparison,TM,hf500_lfx10,fpca-nargp,311,SUCCEEDED,result_out/final_runs/comparisons/tm/fpca_nargp/hf500_lfx10/seed_311/report.json,True,
comparison_tm_fpca_nargp_hf500_lfx10_seed_322,comparison,TM,hf500_lfx10,fpca-nargp,322,SUCCEEDED,result_out/final_runs/comparisons/tm/fpca_nargp/hf500_lfx10/seed_322/report.json,True,
comparison_tm_fpca_nargp_hf500_lfx10_seed_333,comparison,TM,hf500_lfx10,fpca-nargp,333,SUCCEEDED,result_out/final_runs/comparisons/tm/fpca_nargp/hf500_lfx10/seed_333/report.json,True,
comparison_tm_fpca_nargp_hf500_lfx10_seed_344,comparison,TM,hf500_lfx10,fpca-nargp,344,SUCCEEDED,result_out/final_runs/comparisons/tm/fpca_nargp/hf500_lfx10/seed_344/report.json,True,
comparison_tm_fpca_nargp_hf500_lfx10_seed_355,comparison,TM,hf500_lfx10,fpca-nargp,355,SUCCEEDED,result_out/final_runs/comparisons/tm/fpca_nargp/hf500_lfx10/seed_355/report.json,True,
comparison_tm_fpca_nargp_hf500_lfx10_seed_366,comparison,TM,hf500_lfx10,fpca-nargp,366,SUCCEEDED,result_out/final_runs/comparisons/tm/fpca_nargp/hf500_lfx10/seed_366/report.json,True,
comparison_tm_fpca_nargp_hf500_lfx10_seed_377,comparison,TM,hf500_lfx10,fpca-nargp,377,SUCCEEDED,result_out/final_runs/comparisons/tm/fpca_nargp/hf500_lfx10/seed_377/report.json,True,
comparison_tm_fpca_nargp_hf500_lfx10_seed_388,comparison,TM,hf500_lfx10,fpca-nargp,388,SUCCEEDED,result_out/final_runs/comparisons/tm/fpca_nargp/hf500_lfx10/seed_388/report.json,True,
comparison_tm_fpca_nargp_hf500_lfx10_seed_399,comparison,TM,hf500_lfx10,fpca-nargp,399,SUCCEEDED,result_out/final_runs/comparisons/tm/fpca_nargp/hf500_lfx10/seed_399/report.json,True,
comparison_tm_mf_deeponet_hf50_lfx10_seed_200,comparison,TM,hf50_lfx10,mf-deeponet,200,SUCCEEDED,result_out/final_runs/comparisons/tm/mf_deeponet/hf50_lfx10/seed_200/report.json,True,
comparison_tm_mf_deeponet_hf50_lfx10_seed_210,comparison,TM,hf50_lfx10,mf-deeponet,210,SUCCEEDED,result_out/final_runs/comparisons/tm/mf_deeponet/hf50_lfx10/seed_210/report.json,True,
comparison_tm_mf_deeponet_hf50_lfx10_seed_220,comparison,TM,hf50_lfx10,mf-deeponet,220,SUCCEEDED,result_out/final_runs/comparisons/tm/mf_deeponet/hf50_lfx10/seed_220/report.json,True,
comparison_tm_mf_deeponet_hf50_lfx10_seed_230,comparison,TM,hf50_lfx10,mf-deeponet,230,SUCCEEDED,result_out/final_runs/comparisons/tm/mf_deeponet/hf50_lfx10/seed_230/report.json,True,
comparison_tm_mf_deeponet_hf50_lfx10_seed_240,comparison,TM,hf50_lfx10,mf-deeponet,240,SUCCEEDED,result_out/final_runs/comparisons/tm/mf_deeponet/hf50_lfx10/seed_240/report.json,True,
comparison_tm_mf_deeponet_hf50_lfx10_seed_250,comparison,TM,hf50_lfx10,mf-deeponet,250,SUCCEEDED,result_out/final_runs/comparisons/tm/mf_deeponet/hf50_lfx10/seed_250/report.json,True,
comparison_tm_mf_deeponet_hf50_lfx10_seed_260,comparison,TM,hf50_lfx10,mf-deeponet,260,SUCCEEDED,result_out/final_runs/comparisons/tm/mf_deeponet/hf50_lfx10/seed_260/report.json,True,
comparison_tm_mf_deeponet_hf50_lfx10_seed_270,comparison,TM,hf50_lfx10,mf-deeponet,270,SUCCEEDED,result_out/final_runs/comparisons/tm/mf_deeponet/hf50_lfx10/seed_270/report.json,True,
comparison_tm_mf_deeponet_hf50_lfx10_seed_280,comparison,TM,hf50_lfx10,mf-deeponet,280,SUCCEEDED,result_out/final_runs/comparisons/tm/mf_deeponet/hf50_lfx10/seed_280/report.json,True,
comparison_tm_mf_deeponet_hf50_lfx10_seed_290,comparison,TM,hf50_lfx10,mf-deeponet,290,SUCCEEDED,result_out/final_runs/comparisons/tm/mf_deeponet/hf50_lfx10/seed_290/report.json,True,
comparison_tm_mf_deeponet_hf50_lfx10_seed_300,comparison,TM,hf50_lfx10,mf-deeponet,300,SUCCEEDED,result_out/final_runs/comparisons/tm/mf_deeponet/hf50_lfx10/seed_300/report.json,True,
comparison_tm_mf_deeponet_hf50_lfx10_seed_311,comparison,TM,hf50_lfx10,mf-deeponet,311,SUCCEEDED,result_out/final_runs/comparisons/tm/mf_deeponet/hf50_lfx10/seed_311/report.json,True,
comparison_tm_mf_deeponet_hf50_lfx10_seed_322,comparison,TM,hf50_lfx10,mf-deeponet,322,SUCCEEDED,result_out/final_runs/comparisons/tm/mf_deeponet/hf50_lfx10/seed_322/report.json,True,
comparison_tm_mf_deeponet_hf50_lfx10_seed_333,comparison,TM,hf50_lfx10,mf-deeponet,333,SUCCEEDED,result_out/final_runs/comparisons/tm/mf_deeponet/hf50_lfx10/seed_333/report.json,True,
comparison_tm_mf_deeponet_hf50_lfx10_seed_344,comparison,TM,hf50_lfx10,mf-deeponet,344,SUCCEEDED,result_out/final_runs/comparisons/tm/mf_deeponet/hf50_lfx10/seed_344/report.json,True,
comparison_tm_mf_deeponet_hf50_lfx10_seed_355,comparison,TM,hf50_lfx10,mf-deeponet,355,SUCCEEDED,result_out/final_runs/comparisons/tm/mf_deeponet/hf50_lfx10/seed_355/report.json,True,
comparison_tm_mf_deeponet_hf50_lfx10_seed_366,comparison,TM,hf50_lfx10,mf-deeponet,366,SUCCEEDED,result_out/final_runs/comparisons/tm/mf_deeponet/hf50_lfx10/seed_366/report.json,True,
comparison_tm_mf_deeponet_hf50_lfx10_seed_377,comparison,TM,hf50_lfx10,mf-deeponet,377,SUCCEEDED,result_out/final_runs/comparisons/tm/mf_deeponet/hf50_lfx10/seed_377/report.json,True,
comparison_tm_mf_deeponet_hf50_lfx10_seed_388,comparison,TM,hf50_lfx10,mf-deeponet,388,SUCCEEDED,result_out/final_runs/comparisons/tm/mf_deeponet/hf50_lfx10/seed_388/report.json,True,
comparison_tm_mf_deeponet_hf50_lfx10_seed_399,comparison,TM,hf50_lfx10,mf-deeponet,399,SUCCEEDED,result_out/final_runs/comparisons/tm/mf_deeponet/hf50_lfx10/seed_399/report.json,True,
comparison_tm_mf_deeponet_hf100_lfx10_seed_200,comparison,TM,hf100_lfx10,mf-deeponet,200,SUCCEEDED,result_out/final_runs/comparisons/tm/mf_deeponet/hf100_lfx10/seed_200/report.json,True,
comparison_tm_mf_deeponet_hf100_lfx10_seed_210,comparison,TM,hf100_lfx10,mf-deeponet,210,SUCCEEDED,result_out/final_runs/comparisons/tm/mf_deeponet/hf100_lfx10/seed_210/report.json,True,
comparison_tm_mf_deeponet_hf100_lfx10_seed_220,comparison,TM,hf100_lfx10,mf-deeponet,220,SUCCEEDED,result_out/final_runs/comparisons/tm/mf_deeponet/hf100_lfx10/seed_220/report.json,True,
comparison_tm_mf_deeponet_hf100_lfx10_seed_230,comparison,TM,hf100_lfx10,mf-deeponet,230,SUCCEEDED,result_out/final_runs/comparisons/tm/mf_deeponet/hf100_lfx10/seed_230/report.json,True,
comparison_tm_mf_deeponet_hf100_lfx10_seed_240,comparison,TM,hf100_lfx10,mf-deeponet,240,SUCCEEDED,result_out/final_runs/comparisons/tm/mf_deeponet/hf100_lfx10/seed_240/report.json,True,
comparison_tm_mf_deeponet_hf100_lfx10_seed_250,comparison,TM,hf100_lfx10,mf-deeponet,250,SUCCEEDED,result_out/final_runs/comparisons/tm/mf_deeponet/hf100_lfx10/seed_250/report.json,True,
comparison_tm_mf_deeponet_hf100_lfx10_seed_260,comparison,TM,hf100_lfx10,mf-deeponet,260,SUCCEEDED,result_out/final_runs/comparisons/tm/mf_deeponet/hf100_lfx10/seed_260/report.json,True,
comparison_tm_mf_deeponet_hf100_lfx10_seed_270,comparison,TM,hf100_lfx10,mf-deeponet,270,SUCCEEDED,result_out/final_runs/comparisons/tm/mf_deeponet/hf100_lfx10/seed_270/report.json,True,
comparison_tm_mf_deeponet_hf100_lfx10_seed_280,comparison,TM,hf100_lfx10,mf-deeponet,280,SUCCEEDED,result_out/final_runs/comparisons/tm/mf_deeponet/hf100_lfx10/seed_280/report.json,True,
comparison_tm_mf_deeponet_hf100_lfx10_seed_290,comparison,TM,hf100_lfx10,mf-deeponet,290,SUCCEEDED,result_out/final_runs/comparisons/tm/mf_deeponet/hf100_lfx10/seed_290/report.json,True,
comparison_tm_mf_deeponet_hf100_lfx10_seed_300,comparison,TM,hf100_lfx10,mf-deeponet,300,SUCCEEDED,result_out/final_runs/comparisons/tm/mf_deeponet/hf100_lfx10/seed_300/report.json,True,
comparison_tm_mf_deeponet_hf100_lfx10_seed_311,comparison,TM,hf100_lfx10,mf-deeponet,311,SUCCEEDED,result_out/final_runs/comparisons/tm/mf_deeponet/hf100_lfx10/seed_311/report.json,True,
comparison_tm_mf_deeponet_hf100_lfx10_seed_322,comparison,TM,hf100_lfx10,mf-deeponet,322,SUCCEEDED,result_out/final_runs/comparisons/tm/mf_deeponet/hf100_lfx10/seed_322/report.json,True,
comparison_tm_mf_deeponet_hf100_lfx10_seed_333,comparison,TM,hf100_lfx10,mf-deeponet,333,SUCCEEDED,result_out/final_runs/comparisons/tm/mf_deeponet/hf100_lfx10/seed_333/report.json,True,
comparison_tm_mf_deeponet_hf100_lfx10_seed_344,comparison,TM,hf100_lfx10,mf-deeponet,344,SUCCEEDED,result_out/final_runs/comparisons/tm/mf_deeponet/hf100_lfx10/seed_344/report.json,True,
comparison_tm_mf_deeponet_hf100_lfx10_seed_355,comparison,TM,hf100_lfx10,mf-deeponet,355,SUCCEEDED,result_out/final_runs/comparisons/tm/mf_deeponet/hf100_lfx10/seed_355/report.json,True,
comparison_tm_mf_deeponet_hf100_lfx10_seed_366,comparison,TM,hf100_lfx10,mf-deeponet,366,SUCCEEDED,result_out/final_runs/comparisons/tm/mf_deeponet/hf100_lfx10/seed_366/report.json,True,
comparison_tm_mf_deeponet_hf100_lfx10_seed_377,comparison,TM,hf100_lfx10,mf-deeponet,377,SUCCEEDED,result_out/final_runs/comparisons/tm/mf_deeponet/hf100_lfx10/seed_377/report.json,True,
comparison_tm_mf_deeponet_hf100_lfx10_seed_388,comparison,TM,hf100_lfx10,mf-deeponet,388,SUCCEEDED,result_out/final_runs/comparisons/tm/mf_deeponet/hf100_lfx10/seed_388/report.json,True,
comparison_tm_mf_deeponet_hf100_lfx10_seed_399,comparison,TM,hf100_lfx10,mf-deeponet,399,SUCCEEDED,result_out/final_runs/comparisons/tm/mf_deeponet/hf100_lfx10/seed_399/report.json,True,
comparison_tm_mf_deeponet_hf200_lfx10_seed_200,comparison,TM,hf200_lfx10,mf-deeponet,200,SUCCEEDED,result_out/final_runs/comparisons/tm/mf_deeponet/hf200_lfx10/seed_200/report.json,True,
comparison_tm_mf_deeponet_hf200_lfx10_seed_210,comparison,TM,hf200_lfx10,mf-deeponet,210,SUCCEEDED,result_out/final_runs/comparisons/tm/mf_deeponet/hf200_lfx10/seed_210/report.json,True,
comparison_tm_mf_deeponet_hf200_lfx10_seed_220,comparison,TM,hf200_lfx10,mf-deeponet,220,SUCCEEDED,result_out/final_runs/comparisons/tm/mf_deeponet/hf200_lfx10/seed_220/report.json,True,
comparison_tm_mf_deeponet_hf200_lfx10_seed_230,comparison,TM,hf200_lfx10,mf-deeponet,230,SUCCEEDED,result_out/final_runs/comparisons/tm/mf_deeponet/hf200_lfx10/seed_230/report.json,True,
comparison_tm_mf_deeponet_hf200_lfx10_seed_240,comparison,TM,hf200_lfx10,mf-deeponet,240,SUCCEEDED,result_out/final_runs/comparisons/tm/mf_deeponet/hf200_lfx10/seed_240/report.json,True,
comparison_tm_mf_deeponet_hf200_lfx10_seed_250,comparison,TM,hf200_lfx10,mf-deeponet,250,SUCCEEDED,result_out/final_runs/comparisons/tm/mf_deeponet/hf200_lfx10/seed_250/report.json,True,
comparison_tm_mf_deeponet_hf200_lfx10_seed_260,comparison,TM,hf200_lfx10,mf-deeponet,260,SUCCEEDED,result_out/final_runs/comparisons/tm/mf_deeponet/hf200_lfx10/seed_260/report.json,True,
comparison_tm_mf_deeponet_hf200_lfx10_seed_270,comparison,TM,hf200_lfx10,mf-deeponet,270,SUCCEEDED,result_out/final_runs/comparisons/tm/mf_deeponet/hf200_lfx10/seed_270/report.json,True,
comparison_tm_mf_deeponet_hf200_lfx10_seed_280,comparison,TM,hf200_lfx10,mf-deeponet,280,SUCCEEDED,result_out/final_runs/comparisons/tm/mf_deeponet/hf200_lfx10/seed_280/report.json,True,
comparison_tm_mf_deeponet_hf200_lfx10_seed_290,comparison,TM,hf200_lfx10,mf-deeponet,290,SUCCEEDED,result_out/final_runs/comparisons/tm/mf_deeponet/hf200_lfx10/seed_290/report.json,True,
comparison_tm_mf_deeponet_hf200_lfx10_seed_300,comparison,TM,hf200_lfx10,mf-deeponet,300,SUCCEEDED,result_out/final_runs/comparisons/tm/mf_deeponet/hf200_lfx10/seed_300/report.json,True,
comparison_tm_mf_deeponet_hf200_lfx10_seed_311,comparison,TM,hf200_lfx10,mf-deeponet,311,SUCCEEDED,result_out/final_runs/comparisons/tm/mf_deeponet/hf200_lfx10/seed_311/report.json,True,
comparison_tm_mf_deeponet_hf200_lfx10_seed_322,comparison,TM,hf200_lfx10,mf-deeponet,322,SUCCEEDED,result_out/final_runs/comparisons/tm/mf_deeponet/hf200_lfx10/seed_322/report.json,True,
comparison_tm_mf_deeponet_hf200_lfx10_seed_333,comparison,TM,hf200_lfx10,mf-deeponet,333,SUCCEEDED,result_out/final_runs/comparisons/tm/mf_deeponet/hf200_lfx10/seed_333/report.json,True,
comparison_tm_mf_deeponet_hf200_lfx10_seed_344,comparison,TM,hf200_lfx10,mf-deeponet,344,SUCCEEDED,result_out/final_runs/comparisons/tm/mf_deeponet/hf200_lfx10/seed_344/report.json,True,
comparison_tm_mf_deeponet_hf200_lfx10_seed_355,comparison,TM,hf200_lfx10,mf-deeponet,355,SUCCEEDED,result_out/final_runs/comparisons/tm/mf_deeponet/hf200_lfx10/seed_355/report.json,True,
comparison_tm_mf_deeponet_hf200_lfx10_seed_366,comparison,TM,hf200_lfx10,mf-deeponet,366,SUCCEEDED,result_out/final_runs/comparisons/tm/mf_deeponet/hf200_lfx10/seed_366/report.json,True,
comparison_tm_mf_deeponet_hf200_lfx10_seed_377,comparison,TM,hf200_lfx10,mf-deeponet,377,SUCCEEDED,result_out/final_runs/comparisons/tm/mf_deeponet/hf200_lfx10/seed_377/report.json,True,
comparison_tm_mf_deeponet_hf200_lfx10_seed_388,comparison,TM,hf200_lfx10,mf-deeponet,388,SUCCEEDED,result_out/final_runs/comparisons/tm/mf_deeponet/hf200_lfx10/seed_388/report.json,True,
comparison_tm_mf_deeponet_hf200_lfx10_seed_399,comparison,TM,hf200_lfx10,mf-deeponet,399,SUCCEEDED,result_out/final_runs/comparisons/tm/mf_deeponet/hf200_lfx10/seed_399/report.json,True,
comparison_tm_mf_deeponet_hf300_lfx10_seed_200,comparison,TM,hf300_lfx10,mf-deeponet,200,SUCCEEDED,result_out/final_runs/comparisons/tm/mf_deeponet/hf300_lfx10/seed_200/report.json,True,
comparison_tm_mf_deeponet_hf300_lfx10_seed_210,comparison,TM,hf300_lfx10,mf-deeponet,210,SUCCEEDED,result_out/final_runs/comparisons/tm/mf_deeponet/hf300_lfx10/seed_210/report.json,True,
comparison_tm_mf_deeponet_hf300_lfx10_seed_220,comparison,TM,hf300_lfx10,mf-deeponet,220,SUCCEEDED,result_out/final_runs/comparisons/tm/mf_deeponet/hf300_lfx10/seed_220/report.json,True,
comparison_tm_mf_deeponet_hf300_lfx10_seed_230,comparison,TM,hf300_lfx10,mf-deeponet,230,SUCCEEDED,result_out/final_runs/comparisons/tm/mf_deeponet/hf300_lfx10/seed_230/report.json,True,
comparison_tm_mf_deeponet_hf300_lfx10_seed_240,comparison,TM,hf300_lfx10,mf-deeponet,240,SUCCEEDED,result_out/final_runs/comparisons/tm/mf_deeponet/hf300_lfx10/seed_240/report.json,True,
comparison_tm_mf_deeponet_hf300_lfx10_seed_250,comparison,TM,hf300_lfx10,mf-deeponet,250,SUCCEEDED,result_out/final_runs/comparisons/tm/mf_deeponet/hf300_lfx10/seed_250/report.json,True,
comparison_tm_mf_deeponet_hf300_lfx10_seed_260,comparison,TM,hf300_lfx10,mf-deeponet,260,SUCCEEDED,result_out/final_runs/comparisons/tm/mf_deeponet/hf300_lfx10/seed_260/report.json,True,
comparison_tm_mf_deeponet_hf300_lfx10_seed_270,comparison,TM,hf300_lfx10,mf-deeponet,270,SUCCEEDED,result_out/final_runs/comparisons/tm/mf_deeponet/hf300_lfx10/seed_270/report.json,True,
comparison_tm_mf_deeponet_hf300_lfx10_seed_280,comparison,TM,hf300_lfx10,mf-deeponet,280,SUCCEEDED,result_out/final_runs/comparisons/tm/mf_deeponet/hf300_lfx10/seed_280/report.json,True,
comparison_tm_mf_deeponet_hf300_lfx10_seed_290,comparison,TM,hf300_lfx10,mf-deeponet,290,SUCCEEDED,result_out/final_runs/comparisons/tm/mf_deeponet/hf300_lfx10/seed_290/report.json,True,
comparison_tm_mf_deeponet_hf300_lfx10_seed_300,comparison,TM,hf300_lfx10,mf-deeponet,300,SUCCEEDED,result_out/final_runs/comparisons/tm/mf_deeponet/hf300_lfx10/seed_300/report.json,True,
comparison_tm_mf_deeponet_hf300_lfx10_seed_311,comparison,TM,hf300_lfx10,mf-deeponet,311,SUCCEEDED,result_out/final_runs/comparisons/tm/mf_deeponet/hf300_lfx10/seed_311/report.json,True,
comparison_tm_mf_deeponet_hf300_lfx10_seed_322,comparison,TM,hf300_lfx10,mf-deeponet,322,SUCCEEDED,result_out/final_runs/comparisons/tm/mf_deeponet/hf300_lfx10/seed_322/report.json,True,
comparison_tm_mf_deeponet_hf300_lfx10_seed_333,comparison,TM,hf300_lfx10,mf-deeponet,333,SUCCEEDED,result_out/final_runs/comparisons/tm/mf_deeponet/hf300_lfx10/seed_333/report.json,True,
comparison_tm_mf_deeponet_hf300_lfx10_seed_344,comparison,TM,hf300_lfx10,mf-deeponet,344,SUCCEEDED,result_out/final_runs/comparisons/tm/mf_deeponet/hf300_lfx10/seed_344/report.json,True,
comparison_tm_mf_deeponet_hf300_lfx10_seed_355,comparison,TM,hf300_lfx10,mf-deeponet,355,SUCCEEDED,result_out/final_runs/comparisons/tm/mf_deeponet/hf300_lfx10/seed_355/report.json,True,
comparison_tm_mf_deeponet_hf300_lfx10_seed_366,comparison,TM,hf300_lfx10,mf-deeponet,366,SUCCEEDED,result_out/final_runs/comparisons/tm/mf_deeponet/hf300_lfx10/seed_366/report.json,True,
comparison_tm_mf_deeponet_hf300_lfx10_seed_377,comparison,TM,hf300_lfx10,mf-deeponet,377,SUCCEEDED,result_out/final_runs/comparisons/tm/mf_deeponet/hf300_lfx10/seed_377/report.json,True,
comparison_tm_mf_deeponet_hf300_lfx10_seed_388,comparison,TM,hf300_lfx10,mf-deeponet,388,SUCCEEDED,result_out/final_runs/comparisons/tm/mf_deeponet/hf300_lfx10/seed_388/report.json,True,
comparison_tm_mf_deeponet_hf300_lfx10_seed_399,comparison,TM,hf300_lfx10,mf-deeponet,399,SUCCEEDED,result_out/final_runs/comparisons/tm/mf_deeponet/hf300_lfx10/seed_399/report.json,True,
comparison_tm_mf_deeponet_hf400_lfx10_seed_200,comparison,TM,hf400_lfx10,mf-deeponet,200,SUCCEEDED,result_out/final_runs/comparisons/tm/mf_deeponet/hf400_lfx10/seed_200/report.json,True,
comparison_tm_mf_deeponet_hf400_lfx10_seed_210,comparison,TM,hf400_lfx10,mf-deeponet,210,SUCCEEDED,result_out/final_runs/comparisons/tm/mf_deeponet/hf400_lfx10/seed_210/report.json,True,
comparison_tm_mf_deeponet_hf400_lfx10_seed_220,comparison,TM,hf400_lfx10,mf-deeponet,220,SUCCEEDED,result_out/final_runs/comparisons/tm/mf_deeponet/hf400_lfx10/seed_220/report.json,True,
comparison_tm_mf_deeponet_hf400_lfx10_seed_230,comparison,TM,hf400_lfx10,mf-deeponet,230,SUCCEEDED,result_out/final_runs/comparisons/tm/mf_deeponet/hf400_lfx10/seed_230/report.json,True,
comparison_tm_mf_deeponet_hf400_lfx10_seed_240,comparison,TM,hf400_lfx10,mf-deeponet,240,SUCCEEDED,result_out/final_runs/comparisons/tm/mf_deeponet/hf400_lfx10/seed_240/report.json,True,
comparison_tm_mf_deeponet_hf400_lfx10_seed_250,comparison,TM,hf400_lfx10,mf-deeponet,250,SUCCEEDED,result_out/final_runs/comparisons/tm/mf_deeponet/hf400_lfx10/seed_250/report.json,True,
comparison_tm_mf_deeponet_hf400_lfx10_seed_260,comparison,TM,hf400_lfx10,mf-deeponet,260,SUCCEEDED,result_out/final_runs/comparisons/tm/mf_deeponet/hf400_lfx10/seed_260/report.json,True,
comparison_tm_mf_deeponet_hf400_lfx10_seed_270,comparison,TM,hf400_lfx10,mf-deeponet,270,SUCCEEDED,result_out/final_runs/comparisons/tm/mf_deeponet/hf400_lfx10/seed_270/report.json,True,
comparison_tm_mf_deeponet_hf400_lfx10_seed_280,comparison,TM,hf400_lfx10,mf-deeponet,280,SUCCEEDED,result_out/final_runs/comparisons/tm/mf_deeponet/hf400_lfx10/seed_280/report.json,True,
comparison_tm_mf_deeponet_hf400_lfx10_seed_290,comparison,TM,hf400_lfx10,mf-deeponet,290,SUCCEEDED,result_out/final_runs/comparisons/tm/mf_deeponet/hf400_lfx10/seed_290/report.json,True,
comparison_tm_mf_deeponet_hf400_lfx10_seed_300,comparison,TM,hf400_lfx10,mf-deeponet,300,SUCCEEDED,result_out/final_runs/comparisons/tm/mf_deeponet/hf400_lfx10/seed_300/report.json,True,
comparison_tm_mf_deeponet_hf400_lfx10_seed_311,comparison,TM,hf400_lfx10,mf-deeponet,311,SUCCEEDED,result_out/final_runs/comparisons/tm/mf_deeponet/hf400_lfx10/seed_311/report.json,True,
comparison_tm_mf_deeponet_hf400_lfx10_seed_322,comparison,TM,hf400_lfx10,mf-deeponet,322,SUCCEEDED,result_out/final_runs/comparisons/tm/mf_deeponet/hf400_lfx10/seed_322/report.json,True,
comparison_tm_mf_deeponet_hf400_lfx10_seed_333,comparison,TM,hf400_lfx10,mf-deeponet,333,SUCCEEDED,result_out/final_runs/comparisons/tm/mf_deeponet/hf400_lfx10/seed_333/report.json,True,
comparison_tm_mf_deeponet_hf400_lfx10_seed_344,comparison,TM,hf400_lfx10,mf-deeponet,344,SUCCEEDED,result_out/final_runs/comparisons/tm/mf_deeponet/hf400_lfx10/seed_344/report.json,True,
comparison_tm_mf_deeponet_hf400_lfx10_seed_355,comparison,TM,hf400_lfx10,mf-deeponet,355,SUCCEEDED,result_out/final_runs/comparisons/tm/mf_deeponet/hf400_lfx10/seed_355/report.json,True,
comparison_tm_mf_deeponet_hf400_lfx10_seed_366,comparison,TM,hf400_lfx10,mf-deeponet,366,SUCCEEDED,result_out/final_runs/comparisons/tm/mf_deeponet/hf400_lfx10/seed_366/report.json,True,
comparison_tm_mf_deeponet_hf400_lfx10_seed_377,comparison,TM,hf400_lfx10,mf-deeponet,377,SUCCEEDED,result_out/final_runs/comparisons/tm/mf_deeponet/hf400_lfx10/seed_377/report.json,True,
comparison_tm_mf_deeponet_hf400_lfx10_seed_388,comparison,TM,hf400_lfx10,mf-deeponet,388,SUCCEEDED,result_out/final_runs/comparisons/tm/mf_deeponet/hf400_lfx10/seed_388/report.json,True,
comparison_tm_mf_deeponet_hf400_lfx10_seed_399,comparison,TM,hf400_lfx10,mf-deeponet,399,SUCCEEDED,result_out/final_runs/comparisons/tm/mf_deeponet/hf400_lfx10/seed_399/report.json,True,
comparison_tm_mf_deeponet_hf500_lfx10_seed_200,comparison,TM,hf500_lfx10,mf-deeponet,200,SUCCEEDED,result_out/final_runs/comparisons/tm/mf_deeponet/hf500_lfx10/seed_200/report.json,True,
comparison_tm_mf_deeponet_hf500_lfx10_seed_210,comparison,TM,hf500_lfx10,mf-deeponet,210,SUCCEEDED,result_out/final_runs/comparisons/tm/mf_deeponet/hf500_lfx10/seed_210/report.json,True,
comparison_tm_mf_deeponet_hf500_lfx10_seed_220,comparison,TM,hf500_lfx10,mf-deeponet,220,SUCCEEDED,result_out/final_runs/comparisons/tm/mf_deeponet/hf500_lfx10/seed_220/report.json,True,
comparison_tm_mf_deeponet_hf500_lfx10_seed_230,comparison,TM,hf500_lfx10,mf-deeponet,230,SUCCEEDED,result_out/final_runs/comparisons/tm/mf_deeponet/hf500_lfx10/seed_230/report.json,True,
comparison_tm_mf_deeponet_hf500_lfx10_seed_240,comparison,TM,hf500_lfx10,mf-deeponet,240,SUCCEEDED,result_out/final_runs/comparisons/tm/mf_deeponet/hf500_lfx10/seed_240/report.json,True,
comparison_tm_mf_deeponet_hf500_lfx10_seed_250,comparison,TM,hf500_lfx10,mf-deeponet,250,SUCCEEDED,result_out/final_runs/comparisons/tm/mf_deeponet/hf500_lfx10/seed_250/report.json,True,
comparison_tm_mf_deeponet_hf500_lfx10_seed_260,comparison,TM,hf500_lfx10,mf-deeponet,260,SUCCEEDED,result_out/final_runs/comparisons/tm/mf_deeponet/hf500_lfx10/seed_260/report.json,True,
comparison_tm_mf_deeponet_hf500_lfx10_seed_270,comparison,TM,hf500_lfx10,mf-deeponet,270,SUCCEEDED,result_out/final_runs/comparisons/tm/mf_deeponet/hf500_lfx10/seed_270/report.json,True,
comparison_tm_mf_deeponet_hf500_lfx10_seed_280,comparison,TM,hf500_lfx10,mf-deeponet,280,SUCCEEDED,result_out/final_runs/comparisons/tm/mf_deeponet/hf500_lfx10/seed_280/report.json,True,
comparison_tm_mf_deeponet_hf500_lfx10_seed_290,comparison,TM,hf500_lfx10,mf-deeponet,290,SUCCEEDED,result_out/final_runs/comparisons/tm/mf_deeponet/hf500_lfx10/seed_290/report.json,True,
comparison_tm_mf_deeponet_hf500_lfx10_seed_300,comparison,TM,hf500_lfx10,mf-deeponet,300,SUCCEEDED,result_out/final_runs/comparisons/tm/mf_deeponet/hf500_lfx10/seed_300/report.json,True,
comparison_tm_mf_deeponet_hf500_lfx10_seed_311,comparison,TM,hf500_lfx10,mf-deeponet,311,SUCCEEDED,result_out/final_runs/comparisons/tm/mf_deeponet/hf500_lfx10/seed_311/report.json,True,
comparison_tm_mf_deeponet_hf500_lfx10_seed_322,comparison,TM,hf500_lfx10,mf-deeponet,322,SUCCEEDED,result_out/final_runs/comparisons/tm/mf_deeponet/hf500_lfx10/seed_322/report.json,True,
comparison_tm_mf_deeponet_hf500_lfx10_seed_333,comparison,TM,hf500_lfx10,mf-deeponet,333,SUCCEEDED,result_out/final_runs/comparisons/tm/mf_deeponet/hf500_lfx10/seed_333/report.json,True,
comparison_tm_mf_deeponet_hf500_lfx10_seed_344,comparison,TM,hf500_lfx10,mf-deeponet,344,SUCCEEDED,result_out/final_runs/comparisons/tm/mf_deeponet/hf500_lfx10/seed_344/report.json,True,
comparison_tm_mf_deeponet_hf500_lfx10_seed_355,comparison,TM,hf500_lfx10,mf-deeponet,355,SUCCEEDED,result_out/final_runs/comparisons/tm/mf_deeponet/hf500_lfx10/seed_355/report.json,True,
comparison_tm_mf_deeponet_hf500_lfx10_seed_366,comparison,TM,hf500_lfx10,mf-deeponet,366,SUCCEEDED,result_out/final_runs/comparisons/tm/mf_deeponet/hf500_lfx10/seed_366/report.json,True,
comparison_tm_mf_deeponet_hf500_lfx10_seed_377,comparison,TM,hf500_lfx10,mf-deeponet,377,SUCCEEDED,result_out/final_runs/comparisons/tm/mf_deeponet/hf500_lfx10/seed_377/report.json,True,
comparison_tm_mf_deeponet_hf500_lfx10_seed_388,comparison,TM,hf500_lfx10,mf-deeponet,388,SUCCEEDED,result_out/final_runs/comparisons/tm/mf_deeponet/hf500_lfx10/seed_388/report.json,True,
comparison_tm_mf_deeponet_hf500_lfx10_seed_399,comparison,TM,hf500_lfx10,mf-deeponet,399,SUCCEEDED,result_out/final_runs/comparisons/tm/mf_deeponet/hf500_lfx10/seed_399/report.json,True,
comparison_ab_fpca_nargp_hf50_lfx10_seed_200,comparison,AB,hf50_lfx10,fpca-nargp,200,SUCCEEDED,result_out/final_runs/comparisons/ab/fpca_nargp/hf50_lfx10/seed_200/report.json,True,
comparison_ab_fpca_nargp_hf50_lfx10_seed_210,comparison,AB,hf50_lfx10,fpca-nargp,210,SUCCEEDED,result_out/final_runs/comparisons/ab/fpca_nargp/hf50_lfx10/seed_210/report.json,True,
comparison_ab_fpca_nargp_hf50_lfx10_seed_220,comparison,AB,hf50_lfx10,fpca-nargp,220,SUCCEEDED,result_out/final_runs/comparisons/ab/fpca_nargp/hf50_lfx10/seed_220/report.json,True,
comparison_ab_fpca_nargp_hf50_lfx10_seed_230,comparison,AB,hf50_lfx10,fpca-nargp,230,SUCCEEDED,result_out/final_runs/comparisons/ab/fpca_nargp/hf50_lfx10/seed_230/report.json,True,
comparison_ab_fpca_nargp_hf50_lfx10_seed_240,comparison,AB,hf50_lfx10,fpca-nargp,240,SUCCEEDED,result_out/final_runs/comparisons/ab/fpca_nargp/hf50_lfx10/seed_240/report.json,True,
comparison_ab_fpca_nargp_hf50_lfx10_seed_250,comparison,AB,hf50_lfx10,fpca-nargp,250,SUCCEEDED,result_out/final_runs/comparisons/ab/fpca_nargp/hf50_lfx10/seed_250/report.json,True,
comparison_ab_fpca_nargp_hf50_lfx10_seed_260,comparison,AB,hf50_lfx10,fpca-nargp,260,SUCCEEDED,result_out/final_runs/comparisons/ab/fpca_nargp/hf50_lfx10/seed_260/report.json,True,
comparison_ab_fpca_nargp_hf50_lfx10_seed_270,comparison,AB,hf50_lfx10,fpca-nargp,270,SUCCEEDED,result_out/final_runs/comparisons/ab/fpca_nargp/hf50_lfx10/seed_270/report.json,True,
comparison_ab_fpca_nargp_hf50_lfx10_seed_280,comparison,AB,hf50_lfx10,fpca-nargp,280,SUCCEEDED,result_out/final_runs/comparisons/ab/fpca_nargp/hf50_lfx10/seed_280/report.json,True,
comparison_ab_fpca_nargp_hf50_lfx10_seed_290,comparison,AB,hf50_lfx10,fpca-nargp,290,SUCCEEDED,result_out/final_runs/comparisons/ab/fpca_nargp/hf50_lfx10/seed_290/report.json,True,
comparison_ab_fpca_nargp_hf50_lfx10_seed_300,comparison,AB,hf50_lfx10,fpca-nargp,300,SUCCEEDED,result_out/final_runs/comparisons/ab/fpca_nargp/hf50_lfx10/seed_300/report.json,True,
comparison_ab_fpca_nargp_hf50_lfx10_seed_311,comparison,AB,hf50_lfx10,fpca-nargp,311,SUCCEEDED,result_out/final_runs/comparisons/ab/fpca_nargp/hf50_lfx10/seed_311/report.json,True,
comparison_ab_fpca_nargp_hf50_lfx10_seed_322,comparison,AB,hf50_lfx10,fpca-nargp,322,SUCCEEDED,result_out/final_runs/comparisons/ab/fpca_nargp/hf50_lfx10/seed_322/report.json,True,
comparison_ab_fpca_nargp_hf50_lfx10_seed_333,comparison,AB,hf50_lfx10,fpca-nargp,333,SUCCEEDED,result_out/final_runs/comparisons/ab/fpca_nargp/hf50_lfx10/seed_333/report.json,True,
comparison_ab_fpca_nargp_hf50_lfx10_seed_344,comparison,AB,hf50_lfx10,fpca-nargp,344,SUCCEEDED,result_out/final_runs/comparisons/ab/fpca_nargp/hf50_lfx10/seed_344/report.json,True,
comparison_ab_fpca_nargp_hf50_lfx10_seed_355,comparison,AB,hf50_lfx10,fpca-nargp,355,SUCCEEDED,result_out/final_runs/comparisons/ab/fpca_nargp/hf50_lfx10/seed_355/report.json,True,
comparison_ab_fpca_nargp_hf50_lfx10_seed_366,comparison,AB,hf50_lfx10,fpca-nargp,366,SUCCEEDED,result_out/final_runs/comparisons/ab/fpca_nargp/hf50_lfx10/seed_366/report.json,True,
comparison_ab_fpca_nargp_hf50_lfx10_seed_377,comparison,AB,hf50_lfx10,fpca-nargp,377,SUCCEEDED,result_out/final_runs/comparisons/ab/fpca_nargp/hf50_lfx10/seed_377/report.json,True,
comparison_ab_fpca_nargp_hf50_lfx10_seed_388,comparison,AB,hf50_lfx10,fpca-nargp,388,SUCCEEDED,result_out/final_runs/comparisons/ab/fpca_nargp/hf50_lfx10/seed_388/report.json,True,
comparison_ab_fpca_nargp_hf50_lfx10_seed_399,comparison,AB,hf50_lfx10,fpca-nargp,399,SUCCEEDED,result_out/final_runs/comparisons/ab/fpca_nargp/hf50_lfx10/seed_399/report.json,True,
comparison_ab_fpca_nargp_hf100_lfx10_seed_200,comparison,AB,hf100_lfx10,fpca-nargp,200,SUCCEEDED,result_out/final_runs/comparisons/ab/fpca_nargp/hf100_lfx10/seed_200/report.json,True,
comparison_ab_fpca_nargp_hf100_lfx10_seed_210,comparison,AB,hf100_lfx10,fpca-nargp,210,SUCCEEDED,result_out/final_runs/comparisons/ab/fpca_nargp/hf100_lfx10/seed_210/report.json,True,
comparison_ab_fpca_nargp_hf100_lfx10_seed_220,comparison,AB,hf100_lfx10,fpca-nargp,220,SUCCEEDED,result_out/final_runs/comparisons/ab/fpca_nargp/hf100_lfx10/seed_220/report.json,True,
comparison_ab_fpca_nargp_hf100_lfx10_seed_230,comparison,AB,hf100_lfx10,fpca-nargp,230,SUCCEEDED,result_out/final_runs/comparisons/ab/fpca_nargp/hf100_lfx10/seed_230/report.json,True,
comparison_ab_fpca_nargp_hf100_lfx10_seed_240,comparison,AB,hf100_lfx10,fpca-nargp,240,SUCCEEDED,result_out/final_runs/comparisons/ab/fpca_nargp/hf100_lfx10/seed_240/report.json,True,
comparison_ab_fpca_nargp_hf100_lfx10_seed_250,comparison,AB,hf100_lfx10,fpca-nargp,250,SUCCEEDED,result_out/final_runs/comparisons/ab/fpca_nargp/hf100_lfx10/seed_250/report.json,True,
comparison_ab_fpca_nargp_hf100_lfx10_seed_260,comparison,AB,hf100_lfx10,fpca-nargp,260,SUCCEEDED,result_out/final_runs/comparisons/ab/fpca_nargp/hf100_lfx10/seed_260/report.json,True,
comparison_ab_fpca_nargp_hf100_lfx10_seed_270,comparison,AB,hf100_lfx10,fpca-nargp,270,SUCCEEDED,result_out/final_runs/comparisons/ab/fpca_nargp/hf100_lfx10/seed_270/report.json,True,
comparison_ab_fpca_nargp_hf100_lfx10_seed_280,comparison,AB,hf100_lfx10,fpca-nargp,280,SUCCEEDED,result_out/final_runs/comparisons/ab/fpca_nargp/hf100_lfx10/seed_280/report.json,True,
comparison_ab_fpca_nargp_hf100_lfx10_seed_290,comparison,AB,hf100_lfx10,fpca-nargp,290,SUCCEEDED,result_out/final_runs/comparisons/ab/fpca_nargp/hf100_lfx10/seed_290/report.json,True,
comparison_ab_fpca_nargp_hf100_lfx10_seed_300,comparison,AB,hf100_lfx10,fpca-nargp,300,SUCCEEDED,result_out/final_runs/comparisons/ab/fpca_nargp/hf100_lfx10/seed_300/report.json,True,
comparison_ab_fpca_nargp_hf100_lfx10_seed_311,comparison,AB,hf100_lfx10,fpca-nargp,311,SUCCEEDED,result_out/final_runs/comparisons/ab/fpca_nargp/hf100_lfx10/seed_311/report.json,True,
comparison_ab_fpca_nargp_hf100_lfx10_seed_322,comparison,AB,hf100_lfx10,fpca-nargp,322,SUCCEEDED,result_out/final_runs/comparisons/ab/fpca_nargp/hf100_lfx10/seed_322/report.json,True,
comparison_ab_fpca_nargp_hf100_lfx10_seed_333,comparison,AB,hf100_lfx10,fpca-nargp,333,SUCCEEDED,result_out/final_runs/comparisons/ab/fpca_nargp/hf100_lfx10/seed_333/report.json,True,
comparison_ab_fpca_nargp_hf100_lfx10_seed_344,comparison,AB,hf100_lfx10,fpca-nargp,344,SUCCEEDED,result_out/final_runs/comparisons/ab/fpca_nargp/hf100_lfx10/seed_344/report.json,True,
comparison_ab_fpca_nargp_hf100_lfx10_seed_355,comparison,AB,hf100_lfx10,fpca-nargp,355,SUCCEEDED,result_out/final_runs/comparisons/ab/fpca_nargp/hf100_lfx10/seed_355/report.json,True,
comparison_ab_fpca_nargp_hf100_lfx10_seed_366,comparison,AB,hf100_lfx10,fpca-nargp,366,SUCCEEDED,result_out/final_runs/comparisons/ab/fpca_nargp/hf100_lfx10/seed_366/report.json,True,
comparison_ab_fpca_nargp_hf100_lfx10_seed_377,comparison,AB,hf100_lfx10,fpca-nargp,377,SUCCEEDED,result_out/final_runs/comparisons/ab/fpca_nargp/hf100_lfx10/seed_377/report.json,True,
comparison_ab_fpca_nargp_hf100_lfx10_seed_388,comparison,AB,hf100_lfx10,fpca-nargp,388,SUCCEEDED,result_out/final_runs/comparisons/ab/fpca_nargp/hf100_lfx10/seed_388/report.json,True,
comparison_ab_fpca_nargp_hf100_lfx10_seed_399,comparison,AB,hf100_lfx10,fpca-nargp,399,SUCCEEDED,result_out/final_runs/comparisons/ab/fpca_nargp/hf100_lfx10/seed_399/report.json,True,
comparison_ab_fpca_nargp_hf200_lfx10_seed_200,comparison,AB,hf200_lfx10,fpca-nargp,200,SUCCEEDED,result_out/final_runs/comparisons/ab/fpca_nargp/hf200_lfx10/seed_200/report.json,True,
comparison_ab_fpca_nargp_hf200_lfx10_seed_210,comparison,AB,hf200_lfx10,fpca-nargp,210,SUCCEEDED,result_out/final_runs/comparisons/ab/fpca_nargp/hf200_lfx10/seed_210/report.json,True,
comparison_ab_fpca_nargp_hf200_lfx10_seed_220,comparison,AB,hf200_lfx10,fpca-nargp,220,SUCCEEDED,result_out/final_runs/comparisons/ab/fpca_nargp/hf200_lfx10/seed_220/report.json,True,
comparison_ab_fpca_nargp_hf200_lfx10_seed_230,comparison,AB,hf200_lfx10,fpca-nargp,230,SUCCEEDED,result_out/final_runs/comparisons/ab/fpca_nargp/hf200_lfx10/seed_230/report.json,True,
comparison_ab_fpca_nargp_hf200_lfx10_seed_240,comparison,AB,hf200_lfx10,fpca-nargp,240,SUCCEEDED,result_out/final_runs/comparisons/ab/fpca_nargp/hf200_lfx10/seed_240/report.json,True,
comparison_ab_fpca_nargp_hf200_lfx10_seed_250,comparison,AB,hf200_lfx10,fpca-nargp,250,SUCCEEDED,result_out/final_runs/comparisons/ab/fpca_nargp/hf200_lfx10/seed_250/report.json,True,
comparison_ab_fpca_nargp_hf200_lfx10_seed_260,comparison,AB,hf200_lfx10,fpca-nargp,260,SUCCEEDED,result_out/final_runs/comparisons/ab/fpca_nargp/hf200_lfx10/seed_260/report.json,True,
comparison_ab_fpca_nargp_hf200_lfx10_seed_270,comparison,AB,hf200_lfx10,fpca-nargp,270,SUCCEEDED,result_out/final_runs/comparisons/ab/fpca_nargp/hf200_lfx10/seed_270/report.json,True,
comparison_ab_fpca_nargp_hf200_lfx10_seed_280,comparison,AB,hf200_lfx10,fpca-nargp,280,SUCCEEDED,result_out/final_runs/comparisons/ab/fpca_nargp/hf200_lfx10/seed_280/report.json,True,
comparison_ab_fpca_nargp_hf200_lfx10_seed_290,comparison,AB,hf200_lfx10,fpca-nargp,290,SUCCEEDED,result_out/final_runs/comparisons/ab/fpca_nargp/hf200_lfx10/seed_290/report.json,True,
comparison_ab_fpca_nargp_hf200_lfx10_seed_300,comparison,AB,hf200_lfx10,fpca-nargp,300,SUCCEEDED,result_out/final_runs/comparisons/ab/fpca_nargp/hf200_lfx10/seed_300/report.json,True,
comparison_ab_fpca_nargp_hf200_lfx10_seed_311,comparison,AB,hf200_lfx10,fpca-nargp,311,SUCCEEDED,result_out/final_runs/comparisons/ab/fpca_nargp/hf200_lfx10/seed_311/report.json,True,
comparison_ab_fpca_nargp_hf200_lfx10_seed_322,comparison,AB,hf200_lfx10,fpca-nargp,322,SUCCEEDED,result_out/final_runs/comparisons/ab/fpca_nargp/hf200_lfx10/seed_322/report.json,True,
comparison_ab_fpca_nargp_hf200_lfx10_seed_333,comparison,AB,hf200_lfx10,fpca-nargp,333,SUCCEEDED,result_out/final_runs/comparisons/ab/fpca_nargp/hf200_lfx10/seed_333/report.json,True,
comparison_ab_fpca_nargp_hf200_lfx10_seed_344,comparison,AB,hf200_lfx10,fpca-nargp,344,SUCCEEDED,result_out/final_runs/comparisons/ab/fpca_nargp/hf200_lfx10/seed_344/report.json,True,
comparison_ab_fpca_nargp_hf200_lfx10_seed_355,comparison,AB,hf200_lfx10,fpca-nargp,355,SUCCEEDED,result_out/final_runs/comparisons/ab/fpca_nargp/hf200_lfx10/seed_355/report.json,True,
comparison_ab_fpca_nargp_hf200_lfx10_seed_366,comparison,AB,hf200_lfx10,fpca-nargp,366,SUCCEEDED,result_out/final_runs/comparisons/ab/fpca_nargp/hf200_lfx10/seed_366/report.json,True,
comparison_ab_fpca_nargp_hf200_lfx10_seed_377,comparison,AB,hf200_lfx10,fpca-nargp,377,SUCCEEDED,result_out/final_runs/comparisons/ab/fpca_nargp/hf200_lfx10/seed_377/report.json,True,
comparison_ab_fpca_nargp_hf200_lfx10_seed_388,comparison,AB,hf200_lfx10,fpca-nargp,388,SUCCEEDED,result_out/final_runs/comparisons/ab/fpca_nargp/hf200_lfx10/seed_388/report.json,True,
comparison_ab_fpca_nargp_hf200_lfx10_seed_399,comparison,AB,hf200_lfx10,fpca-nargp,399,SUCCEEDED,result_out/final_runs/comparisons/ab/fpca_nargp/hf200_lfx10/seed_399/report.json,True,
comparison_ab_fpca_nargp_hf300_lfx10_seed_200,comparison,AB,hf300_lfx10,fpca-nargp,200,SUCCEEDED,result_out/final_runs/comparisons/ab/fpca_nargp/hf300_lfx10/seed_200/report.json,True,
comparison_ab_fpca_nargp_hf300_lfx10_seed_210,comparison,AB,hf300_lfx10,fpca-nargp,210,SUCCEEDED,result_out/final_runs/comparisons/ab/fpca_nargp/hf300_lfx10/seed_210/report.json,True,
comparison_ab_fpca_nargp_hf300_lfx10_seed_220,comparison,AB,hf300_lfx10,fpca-nargp,220,SUCCEEDED,result_out/final_runs/comparisons/ab/fpca_nargp/hf300_lfx10/seed_220/report.json,True,
comparison_ab_fpca_nargp_hf300_lfx10_seed_230,comparison,AB,hf300_lfx10,fpca-nargp,230,SUCCEEDED,result_out/final_runs/comparisons/ab/fpca_nargp/hf300_lfx10/seed_230/report.json,True,
comparison_ab_fpca_nargp_hf300_lfx10_seed_240,comparison,AB,hf300_lfx10,fpca-nargp,240,SUCCEEDED,result_out/final_runs/comparisons/ab/fpca_nargp/hf300_lfx10/seed_240/report.json,True,
comparison_ab_fpca_nargp_hf300_lfx10_seed_250,comparison,AB,hf300_lfx10,fpca-nargp,250,SUCCEEDED,result_out/final_runs/comparisons/ab/fpca_nargp/hf300_lfx10/seed_250/report.json,True,
comparison_ab_fpca_nargp_hf300_lfx10_seed_260,comparison,AB,hf300_lfx10,fpca-nargp,260,SUCCEEDED,result_out/final_runs/comparisons/ab/fpca_nargp/hf300_lfx10/seed_260/report.json,True,
comparison_ab_fpca_nargp_hf300_lfx10_seed_270,comparison,AB,hf300_lfx10,fpca-nargp,270,SUCCEEDED,result_out/final_runs/comparisons/ab/fpca_nargp/hf300_lfx10/seed_270/report.json,True,
comparison_ab_fpca_nargp_hf300_lfx10_seed_280,comparison,AB,hf300_lfx10,fpca-nargp,280,SUCCEEDED,result_out/final_runs/comparisons/ab/fpca_nargp/hf300_lfx10/seed_280/report.json,True,
comparison_ab_fpca_nargp_hf300_lfx10_seed_290,comparison,AB,hf300_lfx10,fpca-nargp,290,SUCCEEDED,result_out/final_runs/comparisons/ab/fpca_nargp/hf300_lfx10/seed_290/report.json,True,
comparison_ab_fpca_nargp_hf300_lfx10_seed_300,comparison,AB,hf300_lfx10,fpca-nargp,300,SUCCEEDED,result_out/final_runs/comparisons/ab/fpca_nargp/hf300_lfx10/seed_300/report.json,True,
comparison_ab_fpca_nargp_hf300_lfx10_seed_311,comparison,AB,hf300_lfx10,fpca-nargp,311,SUCCEEDED,result_out/final_runs/comparisons/ab/fpca_nargp/hf300_lfx10/seed_311/report.json,True,
comparison_ab_fpca_nargp_hf300_lfx10_seed_322,comparison,AB,hf300_lfx10,fpca-nargp,322,SUCCEEDED,result_out/final_runs/comparisons/ab/fpca_nargp/hf300_lfx10/seed_322/report.json,True,
comparison_ab_fpca_nargp_hf300_lfx10_seed_333,comparison,AB,hf300_lfx10,fpca-nargp,333,SUCCEEDED,result_out/final_runs/comparisons/ab/fpca_nargp/hf300_lfx10/seed_333/report.json,True,
comparison_ab_fpca_nargp_hf300_lfx10_seed_344,comparison,AB,hf300_lfx10,fpca-nargp,344,SUCCEEDED,result_out/final_runs/comparisons/ab/fpca_nargp/hf300_lfx10/seed_344/report.json,True,
comparison_ab_fpca_nargp_hf300_lfx10_seed_355,comparison,AB,hf300_lfx10,fpca-nargp,355,SUCCEEDED,result_out/final_runs/comparisons/ab/fpca_nargp/hf300_lfx10/seed_355/report.json,True,
comparison_ab_fpca_nargp_hf300_lfx10_seed_366,comparison,AB,hf300_lfx10,fpca-nargp,366,SUCCEEDED,result_out/final_runs/comparisons/ab/fpca_nargp/hf300_lfx10/seed_366/report.json,True,
comparison_ab_fpca_nargp_hf300_lfx10_seed_377,comparison,AB,hf300_lfx10,fpca-nargp,377,SUCCEEDED,result_out/final_runs/comparisons/ab/fpca_nargp/hf300_lfx10/seed_377/report.json,True,
comparison_ab_fpca_nargp_hf300_lfx10_seed_388,comparison,AB,hf300_lfx10,fpca-nargp,388,SUCCEEDED,result_out/final_runs/comparisons/ab/fpca_nargp/hf300_lfx10/seed_388/report.json,True,
comparison_ab_fpca_nargp_hf300_lfx10_seed_399,comparison,AB,hf300_lfx10,fpca-nargp,399,SUCCEEDED,result_out/final_runs/comparisons/ab/fpca_nargp/hf300_lfx10/seed_399/report.json,True,
comparison_ab_fpca_nargp_hf400_lfx10_seed_200,comparison,AB,hf400_lfx10,fpca-nargp,200,SUCCEEDED,result_out/final_runs/comparisons/ab/fpca_nargp/hf400_lfx10/seed_200/report.json,True,
comparison_ab_fpca_nargp_hf400_lfx10_seed_210,comparison,AB,hf400_lfx10,fpca-nargp,210,SUCCEEDED,result_out/final_runs/comparisons/ab/fpca_nargp/hf400_lfx10/seed_210/report.json,True,
comparison_ab_fpca_nargp_hf400_lfx10_seed_220,comparison,AB,hf400_lfx10,fpca-nargp,220,SUCCEEDED,result_out/final_runs/comparisons/ab/fpca_nargp/hf400_lfx10/seed_220/report.json,True,
comparison_ab_fpca_nargp_hf400_lfx10_seed_230,comparison,AB,hf400_lfx10,fpca-nargp,230,SUCCEEDED,result_out/final_runs/comparisons/ab/fpca_nargp/hf400_lfx10/seed_230/report.json,True,
comparison_ab_fpca_nargp_hf400_lfx10_seed_240,comparison,AB,hf400_lfx10,fpca-nargp,240,SUCCEEDED,result_out/final_runs/comparisons/ab/fpca_nargp/hf400_lfx10/seed_240/report.json,True,
comparison_ab_fpca_nargp_hf400_lfx10_seed_250,comparison,AB,hf400_lfx10,fpca-nargp,250,SUCCEEDED,result_out/final_runs/comparisons/ab/fpca_nargp/hf400_lfx10/seed_250/report.json,True,
comparison_ab_fpca_nargp_hf400_lfx10_seed_260,comparison,AB,hf400_lfx10,fpca-nargp,260,SUCCEEDED,result_out/final_runs/comparisons/ab/fpca_nargp/hf400_lfx10/seed_260/report.json,True,
comparison_ab_fpca_nargp_hf400_lfx10_seed_270,comparison,AB,hf400_lfx10,fpca-nargp,270,SUCCEEDED,result_out/final_runs/comparisons/ab/fpca_nargp/hf400_lfx10/seed_270/report.json,True,
comparison_ab_fpca_nargp_hf400_lfx10_seed_280,comparison,AB,hf400_lfx10,fpca-nargp,280,SUCCEEDED,result_out/final_runs/comparisons/ab/fpca_nargp/hf400_lfx10/seed_280/report.json,True,
comparison_ab_fpca_nargp_hf400_lfx10_seed_290,comparison,AB,hf400_lfx10,fpca-nargp,290,SUCCEEDED,result_out/final_runs/comparisons/ab/fpca_nargp/hf400_lfx10/seed_290/report.json,True,
comparison_ab_fpca_nargp_hf400_lfx10_seed_300,comparison,AB,hf400_lfx10,fpca-nargp,300,SUCCEEDED,result_out/final_runs/comparisons/ab/fpca_nargp/hf400_lfx10/seed_300/report.json,True,
comparison_ab_fpca_nargp_hf400_lfx10_seed_311,comparison,AB,hf400_lfx10,fpca-nargp,311,SUCCEEDED,result_out/final_runs/comparisons/ab/fpca_nargp/hf400_lfx10/seed_311/report.json,True,
comparison_ab_fpca_nargp_hf400_lfx10_seed_322,comparison,AB,hf400_lfx10,fpca-nargp,322,SUCCEEDED,result_out/final_runs/comparisons/ab/fpca_nargp/hf400_lfx10/seed_322/report.json,True,
comparison_ab_fpca_nargp_hf400_lfx10_seed_333,comparison,AB,hf400_lfx10,fpca-nargp,333,SUCCEEDED,result_out/final_runs/comparisons/ab/fpca_nargp/hf400_lfx10/seed_333/report.json,True,
comparison_ab_fpca_nargp_hf400_lfx10_seed_344,comparison,AB,hf400_lfx10,fpca-nargp,344,SUCCEEDED,result_out/final_runs/comparisons/ab/fpca_nargp/hf400_lfx10/seed_344/report.json,True,
comparison_ab_fpca_nargp_hf400_lfx10_seed_355,comparison,AB,hf400_lfx10,fpca-nargp,355,SUCCEEDED,result_out/final_runs/comparisons/ab/fpca_nargp/hf400_lfx10/seed_355/report.json,True,
comparison_ab_fpca_nargp_hf400_lfx10_seed_366,comparison,AB,hf400_lfx10,fpca-nargp,366,SUCCEEDED,result_out/final_runs/comparisons/ab/fpca_nargp/hf400_lfx10/seed_366/report.json,True,
comparison_ab_fpca_nargp_hf400_lfx10_seed_377,comparison,AB,hf400_lfx10,fpca-nargp,377,SUCCEEDED,result_out/final_runs/comparisons/ab/fpca_nargp/hf400_lfx10/seed_377/report.json,True,
comparison_ab_fpca_nargp_hf400_lfx10_seed_388,comparison,AB,hf400_lfx10,fpca-nargp,388,SUCCEEDED,result_out/final_runs/comparisons/ab/fpca_nargp/hf400_lfx10/seed_388/report.json,True,
comparison_ab_fpca_nargp_hf400_lfx10_seed_399,comparison,AB,hf400_lfx10,fpca-nargp,399,SUCCEEDED,result_out/final_runs/comparisons/ab/fpca_nargp/hf400_lfx10/seed_399/report.json,True,
comparison_ab_fpca_nargp_hf500_lfx10_seed_200,comparison,AB,hf500_lfx10,fpca-nargp,200,SUCCEEDED,result_out/final_runs/comparisons/ab/fpca_nargp/hf500_lfx10/seed_200/report.json,True,
comparison_ab_fpca_nargp_hf500_lfx10_seed_210,comparison,AB,hf500_lfx10,fpca-nargp,210,SUCCEEDED,result_out/final_runs/comparisons/ab/fpca_nargp/hf500_lfx10/seed_210/report.json,True,
comparison_ab_fpca_nargp_hf500_lfx10_seed_220,comparison,AB,hf500_lfx10,fpca-nargp,220,SUCCEEDED,result_out/final_runs/comparisons/ab/fpca_nargp/hf500_lfx10/seed_220/report.json,True,
comparison_ab_fpca_nargp_hf500_lfx10_seed_230,comparison,AB,hf500_lfx10,fpca-nargp,230,SUCCEEDED,result_out/final_runs/comparisons/ab/fpca_nargp/hf500_lfx10/seed_230/report.json,True,
comparison_ab_fpca_nargp_hf500_lfx10_seed_240,comparison,AB,hf500_lfx10,fpca-nargp,240,SUCCEEDED,result_out/final_runs/comparisons/ab/fpca_nargp/hf500_lfx10/seed_240/report.json,True,
comparison_ab_fpca_nargp_hf500_lfx10_seed_250,comparison,AB,hf500_lfx10,fpca-nargp,250,SUCCEEDED,result_out/final_runs/comparisons/ab/fpca_nargp/hf500_lfx10/seed_250/report.json,True,
comparison_ab_fpca_nargp_hf500_lfx10_seed_260,comparison,AB,hf500_lfx10,fpca-nargp,260,SUCCEEDED,result_out/final_runs/comparisons/ab/fpca_nargp/hf500_lfx10/seed_260/report.json,True,
comparison_ab_fpca_nargp_hf500_lfx10_seed_270,comparison,AB,hf500_lfx10,fpca-nargp,270,SUCCEEDED,result_out/final_runs/comparisons/ab/fpca_nargp/hf500_lfx10/seed_270/report.json,True,
comparison_ab_fpca_nargp_hf500_lfx10_seed_280,comparison,AB,hf500_lfx10,fpca-nargp,280,SUCCEEDED,result_out/final_runs/comparisons/ab/fpca_nargp/hf500_lfx10/seed_280/report.json,True,
comparison_ab_fpca_nargp_hf500_lfx10_seed_290,comparison,AB,hf500_lfx10,fpca-nargp,290,SUCCEEDED,result_out/final_runs/comparisons/ab/fpca_nargp/hf500_lfx10/seed_290/report.json,True,
comparison_ab_fpca_nargp_hf500_lfx10_seed_300,comparison,AB,hf500_lfx10,fpca-nargp,300,SUCCEEDED,result_out/final_runs/comparisons/ab/fpca_nargp/hf500_lfx10/seed_300/report.json,True,
comparison_ab_fpca_nargp_hf500_lfx10_seed_311,comparison,AB,hf500_lfx10,fpca-nargp,311,SUCCEEDED,result_out/final_runs/comparisons/ab/fpca_nargp/hf500_lfx10/seed_311/report.json,True,
comparison_ab_fpca_nargp_hf500_lfx10_seed_322,comparison,AB,hf500_lfx10,fpca-nargp,322,SUCCEEDED,result_out/final_runs/comparisons/ab/fpca_nargp/hf500_lfx10/seed_322/report.json,True,
comparison_ab_fpca_nargp_hf500_lfx10_seed_333,comparison,AB,hf500_lfx10,fpca-nargp,333,SUCCEEDED,result_out/final_runs/comparisons/ab/fpca_nargp/hf500_lfx10/seed_333/report.json,True,
comparison_ab_fpca_nargp_hf500_lfx10_seed_344,comparison,AB,hf500_lfx10,fpca-nargp,344,SUCCEEDED,result_out/final_runs/comparisons/ab/fpca_nargp/hf500_lfx10/seed_344/report.json,True,
comparison_ab_fpca_nargp_hf500_lfx10_seed_355,comparison,AB,hf500_lfx10,fpca-nargp,355,SUCCEEDED,result_out/final_runs/comparisons/ab/fpca_nargp/hf500_lfx10/seed_355/report.json,True,
comparison_ab_fpca_nargp_hf500_lfx10_seed_366,comparison,AB,hf500_lfx10,fpca-nargp,366,SUCCEEDED,result_out/final_runs/comparisons/ab/fpca_nargp/hf500_lfx10/seed_366/report.json,True,
comparison_ab_fpca_nargp_hf500_lfx10_seed_377,comparison,AB,hf500_lfx10,fpca-nargp,377,SUCCEEDED,result_out/final_runs/comparisons/ab/fpca_nargp/hf500_lfx10/seed_377/report.json,True,
comparison_ab_fpca_nargp_hf500_lfx10_seed_388,comparison,AB,hf500_lfx10,fpca-nargp,388,SUCCEEDED,result_out/final_runs/comparisons/ab/fpca_nargp/hf500_lfx10/seed_388/report.json,True,
comparison_ab_fpca_nargp_hf500_lfx10_seed_399,comparison,AB,hf500_lfx10,fpca-nargp,399,SUCCEEDED,result_out/final_runs/comparisons/ab/fpca_nargp/hf500_lfx10/seed_399/report.json,True,
comparison_ab_mf_deeponet_hf50_lfx10_seed_200,comparison,AB,hf50_lfx10,mf-deeponet,200,SUCCEEDED,result_out/final_runs/comparisons/ab/mf_deeponet/hf50_lfx10/seed_200/report.json,True,
comparison_ab_mf_deeponet_hf50_lfx10_seed_210,comparison,AB,hf50_lfx10,mf-deeponet,210,SUCCEEDED,result_out/final_runs/comparisons/ab/mf_deeponet/hf50_lfx10/seed_210/report.json,True,
comparison_ab_mf_deeponet_hf50_lfx10_seed_220,comparison,AB,hf50_lfx10,mf-deeponet,220,SUCCEEDED,result_out/final_runs/comparisons/ab/mf_deeponet/hf50_lfx10/seed_220/report.json,True,
comparison_ab_mf_deeponet_hf50_lfx10_seed_230,comparison,AB,hf50_lfx10,mf-deeponet,230,SUCCEEDED,result_out/final_runs/comparisons/ab/mf_deeponet/hf50_lfx10/seed_230/report.json,True,
comparison_ab_mf_deeponet_hf50_lfx10_seed_240,comparison,AB,hf50_lfx10,mf-deeponet,240,SUCCEEDED,result_out/final_runs/comparisons/ab/mf_deeponet/hf50_lfx10/seed_240/report.json,True,
comparison_ab_mf_deeponet_hf50_lfx10_seed_250,comparison,AB,hf50_lfx10,mf-deeponet,250,SUCCEEDED,result_out/final_runs/comparisons/ab/mf_deeponet/hf50_lfx10/seed_250/report.json,True,
comparison_ab_mf_deeponet_hf50_lfx10_seed_260,comparison,AB,hf50_lfx10,mf-deeponet,260,SUCCEEDED,result_out/final_runs/comparisons/ab/mf_deeponet/hf50_lfx10/seed_260/report.json,True,
comparison_ab_mf_deeponet_hf50_lfx10_seed_270,comparison,AB,hf50_lfx10,mf-deeponet,270,SUCCEEDED,result_out/final_runs/comparisons/ab/mf_deeponet/hf50_lfx10/seed_270/report.json,True,
comparison_ab_mf_deeponet_hf50_lfx10_seed_280,comparison,AB,hf50_lfx10,mf-deeponet,280,SUCCEEDED,result_out/final_runs/comparisons/ab/mf_deeponet/hf50_lfx10/seed_280/report.json,True,
comparison_ab_mf_deeponet_hf50_lfx10_seed_290,comparison,AB,hf50_lfx10,mf-deeponet,290,SUCCEEDED,result_out/final_runs/comparisons/ab/mf_deeponet/hf50_lfx10/seed_290/report.json,True,
comparison_ab_mf_deeponet_hf50_lfx10_seed_300,comparison,AB,hf50_lfx10,mf-deeponet,300,SUCCEEDED,result_out/final_runs/comparisons/ab/mf_deeponet/hf50_lfx10/seed_300/report.json,True,
comparison_ab_mf_deeponet_hf50_lfx10_seed_311,comparison,AB,hf50_lfx10,mf-deeponet,311,SUCCEEDED,result_out/final_runs/comparisons/ab/mf_deeponet/hf50_lfx10/seed_311/report.json,True,
comparison_ab_mf_deeponet_hf50_lfx10_seed_322,comparison,AB,hf50_lfx10,mf-deeponet,322,SUCCEEDED,result_out/final_runs/comparisons/ab/mf_deeponet/hf50_lfx10/seed_322/report.json,True,
comparison_ab_mf_deeponet_hf50_lfx10_seed_333,comparison,AB,hf50_lfx10,mf-deeponet,333,SUCCEEDED,result_out/final_runs/comparisons/ab/mf_deeponet/hf50_lfx10/seed_333/report.json,True,
comparison_ab_mf_deeponet_hf50_lfx10_seed_344,comparison,AB,hf50_lfx10,mf-deeponet,344,SUCCEEDED,result_out/final_runs/comparisons/ab/mf_deeponet/hf50_lfx10/seed_344/report.json,True,
comparison_ab_mf_deeponet_hf50_lfx10_seed_355,comparison,AB,hf50_lfx10,mf-deeponet,355,SUCCEEDED,result_out/final_runs/comparisons/ab/mf_deeponet/hf50_lfx10/seed_355/report.json,True,
comparison_ab_mf_deeponet_hf50_lfx10_seed_366,comparison,AB,hf50_lfx10,mf-deeponet,366,SUCCEEDED,result_out/final_runs/comparisons/ab/mf_deeponet/hf50_lfx10/seed_366/report.json,True,
comparison_ab_mf_deeponet_hf50_lfx10_seed_377,comparison,AB,hf50_lfx10,mf-deeponet,377,SUCCEEDED,result_out/final_runs/comparisons/ab/mf_deeponet/hf50_lfx10/seed_377/report.json,True,
comparison_ab_mf_deeponet_hf50_lfx10_seed_388,comparison,AB,hf50_lfx10,mf-deeponet,388,SUCCEEDED,result_out/final_runs/comparisons/ab/mf_deeponet/hf50_lfx10/seed_388/report.json,True,
comparison_ab_mf_deeponet_hf50_lfx10_seed_399,comparison,AB,hf50_lfx10,mf-deeponet,399,SUCCEEDED,result_out/final_runs/comparisons/ab/mf_deeponet/hf50_lfx10/seed_399/report.json,True,
comparison_ab_mf_deeponet_hf100_lfx10_seed_200,comparison,AB,hf100_lfx10,mf-deeponet,200,SUCCEEDED,result_out/final_runs/comparisons/ab/mf_deeponet/hf100_lfx10/seed_200/report.json,True,
comparison_ab_mf_deeponet_hf100_lfx10_seed_210,comparison,AB,hf100_lfx10,mf-deeponet,210,SUCCEEDED,result_out/final_runs/comparisons/ab/mf_deeponet/hf100_lfx10/seed_210/report.json,True,
comparison_ab_mf_deeponet_hf100_lfx10_seed_220,comparison,AB,hf100_lfx10,mf-deeponet,220,SUCCEEDED,result_out/final_runs/comparisons/ab/mf_deeponet/hf100_lfx10/seed_220/report.json,True,
comparison_ab_mf_deeponet_hf100_lfx10_seed_230,comparison,AB,hf100_lfx10,mf-deeponet,230,SUCCEEDED,result_out/final_runs/comparisons/ab/mf_deeponet/hf100_lfx10/seed_230/report.json,True,
comparison_ab_mf_deeponet_hf100_lfx10_seed_240,comparison,AB,hf100_lfx10,mf-deeponet,240,SUCCEEDED,result_out/final_runs/comparisons/ab/mf_deeponet/hf100_lfx10/seed_240/report.json,True,
comparison_ab_mf_deeponet_hf100_lfx10_seed_250,comparison,AB,hf100_lfx10,mf-deeponet,250,SUCCEEDED,result_out/final_runs/comparisons/ab/mf_deeponet/hf100_lfx10/seed_250/report.json,True,
comparison_ab_mf_deeponet_hf100_lfx10_seed_260,comparison,AB,hf100_lfx10,mf-deeponet,260,SUCCEEDED,result_out/final_runs/comparisons/ab/mf_deeponet/hf100_lfx10/seed_260/report.json,True,
comparison_ab_mf_deeponet_hf100_lfx10_seed_270,comparison,AB,hf100_lfx10,mf-deeponet,270,SUCCEEDED,result_out/final_runs/comparisons/ab/mf_deeponet/hf100_lfx10/seed_270/report.json,True,
comparison_ab_mf_deeponet_hf100_lfx10_seed_280,comparison,AB,hf100_lfx10,mf-deeponet,280,SUCCEEDED,result_out/final_runs/comparisons/ab/mf_deeponet/hf100_lfx10/seed_280/report.json,True,
comparison_ab_mf_deeponet_hf100_lfx10_seed_290,comparison,AB,hf100_lfx10,mf-deeponet,290,SUCCEEDED,result_out/final_runs/comparisons/ab/mf_deeponet/hf100_lfx10/seed_290/report.json,True,
comparison_ab_mf_deeponet_hf100_lfx10_seed_300,comparison,AB,hf100_lfx10,mf-deeponet,300,SUCCEEDED,result_out/final_runs/comparisons/ab/mf_deeponet/hf100_lfx10/seed_300/report.json,True,
comparison_ab_mf_deeponet_hf100_lfx10_seed_311,comparison,AB,hf100_lfx10,mf-deeponet,311,SUCCEEDED,result_out/final_runs/comparisons/ab/mf_deeponet/hf100_lfx10/seed_311/report.json,True,
comparison_ab_mf_deeponet_hf100_lfx10_seed_322,comparison,AB,hf100_lfx10,mf-deeponet,322,SUCCEEDED,result_out/final_runs/comparisons/ab/mf_deeponet/hf100_lfx10/seed_322/report.json,True,
comparison_ab_mf_deeponet_hf100_lfx10_seed_333,comparison,AB,hf100_lfx10,mf-deeponet,333,SUCCEEDED,result_out/final_runs/comparisons/ab/mf_deeponet/hf100_lfx10/seed_333/report.json,True,
comparison_ab_mf_deeponet_hf100_lfx10_seed_344,comparison,AB,hf100_lfx10,mf-deeponet,344,SUCCEEDED,result_out/final_runs/comparisons/ab/mf_deeponet/hf100_lfx10/seed_344/report.json,True,
comparison_ab_mf_deeponet_hf100_lfx10_seed_355,comparison,AB,hf100_lfx10,mf-deeponet,355,SUCCEEDED,result_out/final_runs/comparisons/ab/mf_deeponet/hf100_lfx10/seed_355/report.json,True,
comparison_ab_mf_deeponet_hf100_lfx10_seed_366,comparison,AB,hf100_lfx10,mf-deeponet,366,SUCCEEDED,result_out/final_runs/comparisons/ab/mf_deeponet/hf100_lfx10/seed_366/report.json,True,
comparison_ab_mf_deeponet_hf100_lfx10_seed_377,comparison,AB,hf100_lfx10,mf-deeponet,377,SUCCEEDED,result_out/final_runs/comparisons/ab/mf_deeponet/hf100_lfx10/seed_377/report.json,True,
comparison_ab_mf_deeponet_hf100_lfx10_seed_388,comparison,AB,hf100_lfx10,mf-deeponet,388,SUCCEEDED,result_out/final_runs/comparisons/ab/mf_deeponet/hf100_lfx10/seed_388/report.json,True,
comparison_ab_mf_deeponet_hf100_lfx10_seed_399,comparison,AB,hf100_lfx10,mf-deeponet,399,SUCCEEDED,result_out/final_runs/comparisons/ab/mf_deeponet/hf100_lfx10/seed_399/report.json,True,
comparison_ab_mf_deeponet_hf200_lfx10_seed_200,comparison,AB,hf200_lfx10,mf-deeponet,200,SUCCEEDED,result_out/final_runs/comparisons/ab/mf_deeponet/hf200_lfx10/seed_200/report.json,True,
comparison_ab_mf_deeponet_hf200_lfx10_seed_210,comparison,AB,hf200_lfx10,mf-deeponet,210,SUCCEEDED,result_out/final_runs/comparisons/ab/mf_deeponet/hf200_lfx10/seed_210/report.json,True,
comparison_ab_mf_deeponet_hf200_lfx10_seed_220,comparison,AB,hf200_lfx10,mf-deeponet,220,SUCCEEDED,result_out/final_runs/comparisons/ab/mf_deeponet/hf200_lfx10/seed_220/report.json,True,
comparison_ab_mf_deeponet_hf200_lfx10_seed_230,comparison,AB,hf200_lfx10,mf-deeponet,230,SUCCEEDED,result_out/final_runs/comparisons/ab/mf_deeponet/hf200_lfx10/seed_230/report.json,True,
comparison_ab_mf_deeponet_hf200_lfx10_seed_240,comparison,AB,hf200_lfx10,mf-deeponet,240,SUCCEEDED,result_out/final_runs/comparisons/ab/mf_deeponet/hf200_lfx10/seed_240/report.json,True,
comparison_ab_mf_deeponet_hf200_lfx10_seed_250,comparison,AB,hf200_lfx10,mf-deeponet,250,SUCCEEDED,result_out/final_runs/comparisons/ab/mf_deeponet/hf200_lfx10/seed_250/report.json,True,
comparison_ab_mf_deeponet_hf200_lfx10_seed_260,comparison,AB,hf200_lfx10,mf-deeponet,260,SUCCEEDED,result_out/final_runs/comparisons/ab/mf_deeponet/hf200_lfx10/seed_260/report.json,True,
comparison_ab_mf_deeponet_hf200_lfx10_seed_270,comparison,AB,hf200_lfx10,mf-deeponet,270,SUCCEEDED,result_out/final_runs/comparisons/ab/mf_deeponet/hf200_lfx10/seed_270/report.json,True,
comparison_ab_mf_deeponet_hf200_lfx10_seed_280,comparison,AB,hf200_lfx10,mf-deeponet,280,SUCCEEDED,result_out/final_runs/comparisons/ab/mf_deeponet/hf200_lfx10/seed_280/report.json,True,
comparison_ab_mf_deeponet_hf200_lfx10_seed_290,comparison,AB,hf200_lfx10,mf-deeponet,290,SUCCEEDED,result_out/final_runs/comparisons/ab/mf_deeponet/hf200_lfx10/seed_290/report.json,True,
comparison_ab_mf_deeponet_hf200_lfx10_seed_300,comparison,AB,hf200_lfx10,mf-deeponet,300,SUCCEEDED,result_out/final_runs/comparisons/ab/mf_deeponet/hf200_lfx10/seed_300/report.json,True,
comparison_ab_mf_deeponet_hf200_lfx10_seed_311,comparison,AB,hf200_lfx10,mf-deeponet,311,SUCCEEDED,result_out/final_runs/comparisons/ab/mf_deeponet/hf200_lfx10/seed_311/report.json,True,
comparison_ab_mf_deeponet_hf200_lfx10_seed_322,comparison,AB,hf200_lfx10,mf-deeponet,322,SUCCEEDED,result_out/final_runs/comparisons/ab/mf_deeponet/hf200_lfx10/seed_322/report.json,True,
comparison_ab_mf_deeponet_hf200_lfx10_seed_333,comparison,AB,hf200_lfx10,mf-deeponet,333,SUCCEEDED,result_out/final_runs/comparisons/ab/mf_deeponet/hf200_lfx10/seed_333/report.json,True,
comparison_ab_mf_deeponet_hf200_lfx10_seed_344,comparison,AB,hf200_lfx10,mf-deeponet,344,SUCCEEDED,result_out/final_runs/comparisons/ab/mf_deeponet/hf200_lfx10/seed_344/report.json,True,
comparison_ab_mf_deeponet_hf200_lfx10_seed_355,comparison,AB,hf200_lfx10,mf-deeponet,355,SUCCEEDED,result_out/final_runs/comparisons/ab/mf_deeponet/hf200_lfx10/seed_355/report.json,True,
comparison_ab_mf_deeponet_hf200_lfx10_seed_366,comparison,AB,hf200_lfx10,mf-deeponet,366,SUCCEEDED,result_out/final_runs/comparisons/ab/mf_deeponet/hf200_lfx10/seed_366/report.json,True,
comparison_ab_mf_deeponet_hf200_lfx10_seed_377,comparison,AB,hf200_lfx10,mf-deeponet,377,SUCCEEDED,result_out/final_runs/comparisons/ab/mf_deeponet/hf200_lfx10/seed_377/report.json,True,
comparison_ab_mf_deeponet_hf200_lfx10_seed_388,comparison,AB,hf200_lfx10,mf-deeponet,388,SUCCEEDED,result_out/final_runs/comparisons/ab/mf_deeponet/hf200_lfx10/seed_388/report.json,True,
comparison_ab_mf_deeponet_hf200_lfx10_seed_399,comparison,AB,hf200_lfx10,mf-deeponet,399,SUCCEEDED,result_out/final_runs/comparisons/ab/mf_deeponet/hf200_lfx10/seed_399/report.json,True,
comparison_ab_mf_deeponet_hf300_lfx10_seed_200,comparison,AB,hf300_lfx10,mf-deeponet,200,SUCCEEDED,result_out/final_runs/comparisons/ab/mf_deeponet/hf300_lfx10/seed_200/report.json,True,
comparison_ab_mf_deeponet_hf300_lfx10_seed_210,comparison,AB,hf300_lfx10,mf-deeponet,210,SUCCEEDED,result_out/final_runs/comparisons/ab/mf_deeponet/hf300_lfx10/seed_210/report.json,True,
comparison_ab_mf_deeponet_hf300_lfx10_seed_220,comparison,AB,hf300_lfx10,mf-deeponet,220,SUCCEEDED,result_out/final_runs/comparisons/ab/mf_deeponet/hf300_lfx10/seed_220/report.json,True,
comparison_ab_mf_deeponet_hf300_lfx10_seed_230,comparison,AB,hf300_lfx10,mf-deeponet,230,SUCCEEDED,result_out/final_runs/comparisons/ab/mf_deeponet/hf300_lfx10/seed_230/report.json,True,
comparison_ab_mf_deeponet_hf300_lfx10_seed_240,comparison,AB,hf300_lfx10,mf-deeponet,240,SUCCEEDED,result_out/final_runs/comparisons/ab/mf_deeponet/hf300_lfx10/seed_240/report.json,True,
comparison_ab_mf_deeponet_hf300_lfx10_seed_250,comparison,AB,hf300_lfx10,mf-deeponet,250,SUCCEEDED,result_out/final_runs/comparisons/ab/mf_deeponet/hf300_lfx10/seed_250/report.json,True,
comparison_ab_mf_deeponet_hf300_lfx10_seed_260,comparison,AB,hf300_lfx10,mf-deeponet,260,SUCCEEDED,result_out/final_runs/comparisons/ab/mf_deeponet/hf300_lfx10/seed_260/report.json,True,
comparison_ab_mf_deeponet_hf300_lfx10_seed_270,comparison,AB,hf300_lfx10,mf-deeponet,270,SUCCEEDED,result_out/final_runs/comparisons/ab/mf_deeponet/hf300_lfx10/seed_270/report.json,True,
comparison_ab_mf_deeponet_hf300_lfx10_seed_280,comparison,AB,hf300_lfx10,mf-deeponet,280,SUCCEEDED,result_out/final_runs/comparisons/ab/mf_deeponet/hf300_lfx10/seed_280/report.json,True,
comparison_ab_mf_deeponet_hf300_lfx10_seed_290,comparison,AB,hf300_lfx10,mf-deeponet,290,SUCCEEDED,result_out/final_runs/comparisons/ab/mf_deeponet/hf300_lfx10/seed_290/report.json,True,
comparison_ab_mf_deeponet_hf300_lfx10_seed_300,comparison,AB,hf300_lfx10,mf-deeponet,300,SUCCEEDED,result_out/final_runs/comparisons/ab/mf_deeponet/hf300_lfx10/seed_300/report.json,True,
comparison_ab_mf_deeponet_hf300_lfx10_seed_311,comparison,AB,hf300_lfx10,mf-deeponet,311,SUCCEEDED,result_out/final_runs/comparisons/ab/mf_deeponet/hf300_lfx10/seed_311/report.json,True,
comparison_ab_mf_deeponet_hf300_lfx10_seed_322,comparison,AB,hf300_lfx10,mf-deeponet,322,SUCCEEDED,result_out/final_runs/comparisons/ab/mf_deeponet/hf300_lfx10/seed_322/report.json,True,
comparison_ab_mf_deeponet_hf300_lfx10_seed_333,comparison,AB,hf300_lfx10,mf-deeponet,333,SUCCEEDED,result_out/final_runs/comparisons/ab/mf_deeponet/hf300_lfx10/seed_333/report.json,True,
comparison_ab_mf_deeponet_hf300_lfx10_seed_344,comparison,AB,hf300_lfx10,mf-deeponet,344,SUCCEEDED,result_out/final_runs/comparisons/ab/mf_deeponet/hf300_lfx10/seed_344/report.json,True,
comparison_ab_mf_deeponet_hf300_lfx10_seed_355,comparison,AB,hf300_lfx10,mf-deeponet,355,SUCCEEDED,result_out/final_runs/comparisons/ab/mf_deeponet/hf300_lfx10/seed_355/report.json,True,
comparison_ab_mf_deeponet_hf300_lfx10_seed_366,comparison,AB,hf300_lfx10,mf-deeponet,366,SUCCEEDED,result_out/final_runs/comparisons/ab/mf_deeponet/hf300_lfx10/seed_366/report.json,True,
comparison_ab_mf_deeponet_hf300_lfx10_seed_377,comparison,AB,hf300_lfx10,mf-deeponet,377,SUCCEEDED,result_out/final_runs/comparisons/ab/mf_deeponet/hf300_lfx10/seed_377/report.json,True,
comparison_ab_mf_deeponet_hf300_lfx10_seed_388,comparison,AB,hf300_lfx10,mf-deeponet,388,SUCCEEDED,result_out/final_runs/comparisons/ab/mf_deeponet/hf300_lfx10/seed_388/report.json,True,
comparison_ab_mf_deeponet_hf300_lfx10_seed_399,comparison,AB,hf300_lfx10,mf-deeponet,399,SUCCEEDED,result_out/final_runs/comparisons/ab/mf_deeponet/hf300_lfx10/seed_399/report.json,True,
comparison_ab_mf_deeponet_hf400_lfx10_seed_200,comparison,AB,hf400_lfx10,mf-deeponet,200,SUCCEEDED,result_out/final_runs/comparisons/ab/mf_deeponet/hf400_lfx10/seed_200/report.json,True,
comparison_ab_mf_deeponet_hf400_lfx10_seed_210,comparison,AB,hf400_lfx10,mf-deeponet,210,SUCCEEDED,result_out/final_runs/comparisons/ab/mf_deeponet/hf400_lfx10/seed_210/report.json,True,
comparison_ab_mf_deeponet_hf400_lfx10_seed_220,comparison,AB,hf400_lfx10,mf-deeponet,220,SUCCEEDED,result_out/final_runs/comparisons/ab/mf_deeponet/hf400_lfx10/seed_220/report.json,True,
comparison_ab_mf_deeponet_hf400_lfx10_seed_230,comparison,AB,hf400_lfx10,mf-deeponet,230,SUCCEEDED,result_out/final_runs/comparisons/ab/mf_deeponet/hf400_lfx10/seed_230/report.json,True,
comparison_ab_mf_deeponet_hf400_lfx10_seed_240,comparison,AB,hf400_lfx10,mf-deeponet,240,SUCCEEDED,result_out/final_runs/comparisons/ab/mf_deeponet/hf400_lfx10/seed_240/report.json,True,
comparison_ab_mf_deeponet_hf400_lfx10_seed_250,comparison,AB,hf400_lfx10,mf-deeponet,250,SUCCEEDED,result_out/final_runs/comparisons/ab/mf_deeponet/hf400_lfx10/seed_250/report.json,True,
comparison_ab_mf_deeponet_hf400_lfx10_seed_260,comparison,AB,hf400_lfx10,mf-deeponet,260,SUCCEEDED,result_out/final_runs/comparisons/ab/mf_deeponet/hf400_lfx10/seed_260/report.json,True,
comparison_ab_mf_deeponet_hf400_lfx10_seed_270,comparison,AB,hf400_lfx10,mf-deeponet,270,SUCCEEDED,result_out/final_runs/comparisons/ab/mf_deeponet/hf400_lfx10/seed_270/report.json,True,
comparison_ab_mf_deeponet_hf400_lfx10_seed_280,comparison,AB,hf400_lfx10,mf-deeponet,280,SUCCEEDED,result_out/final_runs/comparisons/ab/mf_deeponet/hf400_lfx10/seed_280/report.json,True,
comparison_ab_mf_deeponet_hf400_lfx10_seed_290,comparison,AB,hf400_lfx10,mf-deeponet,290,SUCCEEDED,result_out/final_runs/comparisons/ab/mf_deeponet/hf400_lfx10/seed_290/report.json,True,
comparison_ab_mf_deeponet_hf400_lfx10_seed_300,comparison,AB,hf400_lfx10,mf-deeponet,300,SUCCEEDED,result_out/final_runs/comparisons/ab/mf_deeponet/hf400_lfx10/seed_300/report.json,True,
comparison_ab_mf_deeponet_hf400_lfx10_seed_311,comparison,AB,hf400_lfx10,mf-deeponet,311,SUCCEEDED,result_out/final_runs/comparisons/ab/mf_deeponet/hf400_lfx10/seed_311/report.json,True,
comparison_ab_mf_deeponet_hf400_lfx10_seed_322,comparison,AB,hf400_lfx10,mf-deeponet,322,SUCCEEDED,result_out/final_runs/comparisons/ab/mf_deeponet/hf400_lfx10/seed_322/report.json,True,
comparison_ab_mf_deeponet_hf400_lfx10_seed_333,comparison,AB,hf400_lfx10,mf-deeponet,333,SUCCEEDED,result_out/final_runs/comparisons/ab/mf_deeponet/hf400_lfx10/seed_333/report.json,True,
comparison_ab_mf_deeponet_hf400_lfx10_seed_344,comparison,AB,hf400_lfx10,mf-deeponet,344,SUCCEEDED,result_out/final_runs/comparisons/ab/mf_deeponet/hf400_lfx10/seed_344/report.json,True,
comparison_ab_mf_deeponet_hf400_lfx10_seed_355,comparison,AB,hf400_lfx10,mf-deeponet,355,SUCCEEDED,result_out/final_runs/comparisons/ab/mf_deeponet/hf400_lfx10/seed_355/report.json,True,
comparison_ab_mf_deeponet_hf400_lfx10_seed_366,comparison,AB,hf400_lfx10,mf-deeponet,366,SUCCEEDED,result_out/final_runs/comparisons/ab/mf_deeponet/hf400_lfx10/seed_366/report.json,True,
comparison_ab_mf_deeponet_hf400_lfx10_seed_377,comparison,AB,hf400_lfx10,mf-deeponet,377,SUCCEEDED,result_out/final_runs/comparisons/ab/mf_deeponet/hf400_lfx10/seed_377/report.json,True,
comparison_ab_mf_deeponet_hf400_lfx10_seed_388,comparison,AB,hf400_lfx10,mf-deeponet,388,SUCCEEDED,result_out/final_runs/comparisons/ab/mf_deeponet/hf400_lfx10/seed_388/report.json,True,
comparison_ab_mf_deeponet_hf400_lfx10_seed_399,comparison,AB,hf400_lfx10,mf-deeponet,399,SUCCEEDED,result_out/final_runs/comparisons/ab/mf_deeponet/hf400_lfx10/seed_399/report.json,True,
comparison_ab_mf_deeponet_hf500_lfx10_seed_200,comparison,AB,hf500_lfx10,mf-deeponet,200,SUCCEEDED,result_out/final_runs/comparisons/ab/mf_deeponet/hf500_lfx10/seed_200/report.json,True,
comparison_ab_mf_deeponet_hf500_lfx10_seed_210,comparison,AB,hf500_lfx10,mf-deeponet,210,SUCCEEDED,result_out/final_runs/comparisons/ab/mf_deeponet/hf500_lfx10/seed_210/report.json,True,
comparison_ab_mf_deeponet_hf500_lfx10_seed_220,comparison,AB,hf500_lfx10,mf-deeponet,220,SUCCEEDED,result_out/final_runs/comparisons/ab/mf_deeponet/hf500_lfx10/seed_220/report.json,True,
comparison_ab_mf_deeponet_hf500_lfx10_seed_230,comparison,AB,hf500_lfx10,mf-deeponet,230,SUCCEEDED,result_out/final_runs/comparisons/ab/mf_deeponet/hf500_lfx10/seed_230/report.json,True,
comparison_ab_mf_deeponet_hf500_lfx10_seed_240,comparison,AB,hf500_lfx10,mf-deeponet,240,SUCCEEDED,result_out/final_runs/comparisons/ab/mf_deeponet/hf500_lfx10/seed_240/report.json,True,
comparison_ab_mf_deeponet_hf500_lfx10_seed_250,comparison,AB,hf500_lfx10,mf-deeponet,250,SUCCEEDED,result_out/final_runs/comparisons/ab/mf_deeponet/hf500_lfx10/seed_250/report.json,True,
comparison_ab_mf_deeponet_hf500_lfx10_seed_260,comparison,AB,hf500_lfx10,mf-deeponet,260,SUCCEEDED,result_out/final_runs/comparisons/ab/mf_deeponet/hf500_lfx10/seed_260/report.json,True,
comparison_ab_mf_deeponet_hf500_lfx10_seed_270,comparison,AB,hf500_lfx10,mf-deeponet,270,SUCCEEDED,result_out/final_runs/comparisons/ab/mf_deeponet/hf500_lfx10/seed_270/report.json,True,
comparison_ab_mf_deeponet_hf500_lfx10_seed_280,comparison,AB,hf500_lfx10,mf-deeponet,280,SUCCEEDED,result_out/final_runs/comparisons/ab/mf_deeponet/hf500_lfx10/seed_280/report.json,True,
comparison_ab_mf_deeponet_hf500_lfx10_seed_290,comparison,AB,hf500_lfx10,mf-deeponet,290,SUCCEEDED,result_out/final_runs/comparisons/ab/mf_deeponet/hf500_lfx10/seed_290/report.json,True,
comparison_ab_mf_deeponet_hf500_lfx10_seed_300,comparison,AB,hf500_lfx10,mf-deeponet,300,SUCCEEDED,result_out/final_runs/comparisons/ab/mf_deeponet/hf500_lfx10/seed_300/report.json,True,
comparison_ab_mf_deeponet_hf500_lfx10_seed_311,comparison,AB,hf500_lfx10,mf-deeponet,311,SUCCEEDED,result_out/final_runs/comparisons/ab/mf_deeponet/hf500_lfx10/seed_311/report.json,True,
comparison_ab_mf_deeponet_hf500_lfx10_seed_322,comparison,AB,hf500_lfx10,mf-deeponet,322,SUCCEEDED,result_out/final_runs/comparisons/ab/mf_deeponet/hf500_lfx10/seed_322/report.json,True,
comparison_ab_mf_deeponet_hf500_lfx10_seed_333,comparison,AB,hf500_lfx10,mf-deeponet,333,SUCCEEDED,result_out/final_runs/comparisons/ab/mf_deeponet/hf500_lfx10/seed_333/report.json,True,
comparison_ab_mf_deeponet_hf500_lfx10_seed_344,comparison,AB,hf500_lfx10,mf-deeponet,344,SUCCEEDED,result_out/final_runs/comparisons/ab/mf_deeponet/hf500_lfx10/seed_344/report.json,True,
comparison_ab_mf_deeponet_hf500_lfx10_seed_355,comparison,AB,hf500_lfx10,mf-deeponet,355,SUCCEEDED,result_out/final_runs/comparisons/ab/mf_deeponet/hf500_lfx10/seed_355/report.json,True,
comparison_ab_mf_deeponet_hf500_lfx10_seed_366,comparison,AB,hf500_lfx10,mf-deeponet,366,SUCCEEDED,result_out/final_runs/comparisons/ab/mf_deeponet/hf500_lfx10/seed_366/report.json,True,
comparison_ab_mf_deeponet_hf500_lfx10_seed_377,comparison,AB,hf500_lfx10,mf-deeponet,377,SUCCEEDED,result_out/final_runs/comparisons/ab/mf_deeponet/hf500_lfx10/seed_377/report.json,True,
comparison_ab_mf_deeponet_hf500_lfx10_seed_388,comparison,AB,hf500_lfx10,mf-deeponet,388,SUCCEEDED,result_out/final_runs/comparisons/ab/mf_deeponet/hf500_lfx10/seed_388/report.json,True,
comparison_ab_mf_deeponet_hf500_lfx10_seed_399,comparison,AB,hf500_lfx10,mf-deeponet,399,SUCCEEDED,result_out/final_runs/comparisons/ab/mf_deeponet/hf500_lfx10/seed_399/report.json,True,
direct_latent_tm_hf100_lfx10_seed_200,direct_latent,TM,hf100_lfx10,direct-latent,200,SUCCEEDED,result_out/final_runs/representation/direct_latent/tm/hf100_lfx10/seed_200/report.json,True,
direct_latent_tm_hf100_lfx10_seed_210,direct_latent,TM,hf100_lfx10,direct-latent,210,SUCCEEDED,result_out/final_runs/representation/direct_latent/tm/hf100_lfx10/seed_210/report.json,True,
direct_latent_tm_hf100_lfx10_seed_220,direct_latent,TM,hf100_lfx10,direct-latent,220,SUCCEEDED,result_out/final_runs/representation/direct_latent/tm/hf100_lfx10/seed_220/report.json,True,
direct_latent_tm_hf100_lfx10_seed_230,direct_latent,TM,hf100_lfx10,direct-latent,230,SUCCEEDED,result_out/final_runs/representation/direct_latent/tm/hf100_lfx10/seed_230/report.json,True,
direct_latent_tm_hf100_lfx10_seed_240,direct_latent,TM,hf100_lfx10,direct-latent,240,SUCCEEDED,result_out/final_runs/representation/direct_latent/tm/hf100_lfx10/seed_240/report.json,True,
direct_latent_tm_hf100_lfx10_seed_250,direct_latent,TM,hf100_lfx10,direct-latent,250,SUCCEEDED,result_out/final_runs/representation/direct_latent/tm/hf100_lfx10/seed_250/report.json,True,
direct_latent_tm_hf100_lfx10_seed_260,direct_latent,TM,hf100_lfx10,direct-latent,260,SUCCEEDED,result_out/final_runs/representation/direct_latent/tm/hf100_lfx10/seed_260/report.json,True,
direct_latent_tm_hf100_lfx10_seed_270,direct_latent,TM,hf100_lfx10,direct-latent,270,SUCCEEDED,result_out/final_runs/representation/direct_latent/tm/hf100_lfx10/seed_270/report.json,True,
direct_latent_tm_hf100_lfx10_seed_280,direct_latent,TM,hf100_lfx10,direct-latent,280,SUCCEEDED,result_out/final_runs/representation/direct_latent/tm/hf100_lfx10/seed_280/report.json,True,
direct_latent_tm_hf100_lfx10_seed_290,direct_latent,TM,hf100_lfx10,direct-latent,290,SUCCEEDED,result_out/final_runs/representation/direct_latent/tm/hf100_lfx10/seed_290/report.json,True,
direct_latent_tm_hf100_lfx10_seed_300,direct_latent,TM,hf100_lfx10,direct-latent,300,SUCCEEDED,result_out/final_runs/representation/direct_latent/tm/hf100_lfx10/seed_300/report.json,True,
direct_latent_tm_hf100_lfx10_seed_311,direct_latent,TM,hf100_lfx10,direct-latent,311,SUCCEEDED,result_out/final_runs/representation/direct_latent/tm/hf100_lfx10/seed_311/report.json,True,
direct_latent_tm_hf100_lfx10_seed_322,direct_latent,TM,hf100_lfx10,direct-latent,322,SUCCEEDED,result_out/final_runs/representation/direct_latent/tm/hf100_lfx10/seed_322/report.json,True,
direct_latent_tm_hf100_lfx10_seed_333,direct_latent,TM,hf100_lfx10,direct-latent,333,SUCCEEDED,result_out/final_runs/representation/direct_latent/tm/hf100_lfx10/seed_333/report.json,True,
direct_latent_tm_hf100_lfx10_seed_344,direct_latent,TM,hf100_lfx10,direct-latent,344,SUCCEEDED,result_out/final_runs/representation/direct_latent/tm/hf100_lfx10/seed_344/report.json,True,
direct_latent_tm_hf100_lfx10_seed_355,direct_latent,TM,hf100_lfx10,direct-latent,355,SUCCEEDED,result_out/final_runs/representation/direct_latent/tm/hf100_lfx10/seed_355/report.json,True,
direct_latent_tm_hf100_lfx10_seed_366,direct_latent,TM,hf100_lfx10,direct-latent,366,SUCCEEDED,result_out/final_runs/representation/direct_latent/tm/hf100_lfx10/seed_366/report.json,True,
direct_latent_tm_hf100_lfx10_seed_377,direct_latent,TM,hf100_lfx10,direct-latent,377,SUCCEEDED,result_out/final_runs/representation/direct_latent/tm/hf100_lfx10/seed_377/report.json,True,
direct_latent_tm_hf100_lfx10_seed_388,direct_latent,TM,hf100_lfx10,direct-latent,388,SUCCEEDED,result_out/final_runs/representation/direct_latent/tm/hf100_lfx10/seed_388/report.json,True,
direct_latent_tm_hf100_lfx10_seed_399,direct_latent,TM,hf100_lfx10,direct-latent,399,SUCCEEDED,result_out/final_runs/representation/direct_latent/tm/hf100_lfx10/seed_399/report.json,True,
freqwise_tm_hf100_lfx10_seed_200_freq_0000_0025,freqwise_chunk,TM,hf100_lfx10,frequency-wise-nargp-chunk,200,SUCCEEDED,,True,
freqwise_tm_hf100_lfx10_seed_200_freq_0025_0050,freqwise_chunk,TM,hf100_lfx10,frequency-wise-nargp-chunk,200,SUCCEEDED,,True,
freqwise_tm_hf100_lfx10_seed_200_freq_0050_0075,freqwise_chunk,TM,hf100_lfx10,frequency-wise-nargp-chunk,200,SUCCEEDED,,True,
freqwise_tm_hf100_lfx10_seed_200_freq_0075_0100,freqwise_chunk,TM,hf100_lfx10,frequency-wise-nargp-chunk,200,SUCCEEDED,,True,
freqwise_tm_hf100_lfx10_seed_200_freq_0100_0125,freqwise_chunk,TM,hf100_lfx10,frequency-wise-nargp-chunk,200,SUCCEEDED,,True,
freqwise_tm_hf100_lfx10_seed_200_freq_0125_0150,freqwise_chunk,TM,hf100_lfx10,frequency-wise-nargp-chunk,200,SUCCEEDED,,True,
freqwise_tm_hf100_lfx10_seed_200_freq_0150_0175,freqwise_chunk,TM,hf100_lfx10,frequency-wise-nargp-chunk,200,SUCCEEDED,,True,
freqwise_tm_hf100_lfx10_seed_200_freq_0175_0200,freqwise_chunk,TM,hf100_lfx10,frequency-wise-nargp-chunk,200,SUCCEEDED,,True,
freqwise_tm_hf100_lfx10_seed_200_freq_0200_0225,freqwise_chunk,TM,hf100_lfx10,frequency-wise-nargp-chunk,200,SUCCEEDED,,True,
freqwise_tm_hf100_lfx10_seed_200_freq_0225_0250,freqwise_chunk,TM,hf100_lfx10,frequency-wise-nargp-chunk,200,SUCCEEDED,,True,
freqwise_tm_hf100_lfx10_seed_200_freq_0250_0275,freqwise_chunk,TM,hf100_lfx10,frequency-wise-nargp-chunk,200,SUCCEEDED,,True,
freqwise_tm_hf100_lfx10_seed_200_freq_0275_0300,freqwise_chunk,TM,hf100_lfx10,frequency-wise-nargp-chunk,200,SUCCEEDED,,True,
freqwise_tm_hf100_lfx10_seed_200_freq_0300_0325,freqwise_chunk,TM,hf100_lfx10,frequency-wise-nargp-chunk,200,SUCCEEDED,,True,
freqwise_tm_hf100_lfx10_seed_200_freq_0325_0350,freqwise_chunk,TM,hf100_lfx10,frequency-wise-nargp-chunk,200,SUCCEEDED,,True,
freqwise_tm_hf100_lfx10_seed_200_freq_0350_0375,freqwise_chunk,TM,hf100_lfx10,frequency-wise-nargp-chunk,200,SUCCEEDED,,True,
freqwise_tm_hf100_lfx10_seed_200_freq_0375_0400,freqwise_chunk,TM,hf100_lfx10,frequency-wise-nargp-chunk,200,SUCCEEDED,,True,
freqwise_tm_hf100_lfx10_seed_200_freq_0400_0425,freqwise_chunk,TM,hf100_lfx10,frequency-wise-nargp-chunk,200,SUCCEEDED,,True,
freqwise_tm_hf100_lfx10_seed_200_freq_0425_0450,freqwise_chunk,TM,hf100_lfx10,frequency-wise-nargp-chunk,200,SUCCEEDED,,True,
freqwise_tm_hf100_lfx10_seed_200_freq_0450_0475,freqwise_chunk,TM,hf100_lfx10,frequency-wise-nargp-chunk,200,SUCCEEDED,,True,
freqwise_tm_hf100_lfx10_seed_200_freq_0475_0500,freqwise_chunk,TM,hf100_lfx10,frequency-wise-nargp-chunk,200,SUCCEEDED,,True,
freqwise_tm_hf100_lfx10_seed_200_aggregate,freqwise_aggregate,TM,hf100_lfx10,frequency-wise-nargp-aggregate,200,SUCCEEDED,result_out/final_runs/representation/freqwise_nargp/tm/hf100_lfx10/seed_200/report.json,True,
freqwise_tm_hf100_lfx10_seed_210_freq_0000_0025,freqwise_chunk,TM,hf100_lfx10,frequency-wise-nargp-chunk,210,SUCCEEDED,,True,
freqwise_tm_hf100_lfx10_seed_210_freq_0025_0050,freqwise_chunk,TM,hf100_lfx10,frequency-wise-nargp-chunk,210,SUCCEEDED,,True,
freqwise_tm_hf100_lfx10_seed_210_freq_0050_0075,freqwise_chunk,TM,hf100_lfx10,frequency-wise-nargp-chunk,210,SUCCEEDED,,True,
freqwise_tm_hf100_lfx10_seed_210_freq_0075_0100,freqwise_chunk,TM,hf100_lfx10,frequency-wise-nargp-chunk,210,SUCCEEDED,,True,
freqwise_tm_hf100_lfx10_seed_210_freq_0100_0125,freqwise_chunk,TM,hf100_lfx10,frequency-wise-nargp-chunk,210,SUCCEEDED,,True,
freqwise_tm_hf100_lfx10_seed_210_freq_0125_0150,freqwise_chunk,TM,hf100_lfx10,frequency-wise-nargp-chunk,210,SUCCEEDED,,True,
freqwise_tm_hf100_lfx10_seed_210_freq_0150_0175,freqwise_chunk,TM,hf100_lfx10,frequency-wise-nargp-chunk,210,SUCCEEDED,,True,
freqwise_tm_hf100_lfx10_seed_210_freq_0175_0200,freqwise_chunk,TM,hf100_lfx10,frequency-wise-nargp-chunk,210,SUCCEEDED,,True,
freqwise_tm_hf100_lfx10_seed_210_freq_0200_0225,freqwise_chunk,TM,hf100_lfx10,frequency-wise-nargp-chunk,210,SUCCEEDED,,True,
freqwise_tm_hf100_lfx10_seed_210_freq_0225_0250,freqwise_chunk,TM,hf100_lfx10,frequency-wise-nargp-chunk,210,SUCCEEDED,,True,
freqwise_tm_hf100_lfx10_seed_210_freq_0250_0275,freqwise_chunk,TM,hf100_lfx10,frequency-wise-nargp-chunk,210,SUCCEEDED,,True,
freqwise_tm_hf100_lfx10_seed_210_freq_0275_0300,freqwise_chunk,TM,hf100_lfx10,frequency-wise-nargp-chunk,210,SUCCEEDED,,True,
freqwise_tm_hf100_lfx10_seed_210_freq_0300_0325,freqwise_chunk,TM,hf100_lfx10,frequency-wise-nargp-chunk,210,SUCCEEDED,,True,
freqwise_tm_hf100_lfx10_seed_210_freq_0325_0350,freqwise_chunk,TM,hf100_lfx10,frequency-wise-nargp-chunk,210,SUCCEEDED,,True,
freqwise_tm_hf100_lfx10_seed_210_freq_0350_0375,freqwise_chunk,TM,hf100_lfx10,frequency-wise-nargp-chunk,210,SUCCEEDED,,True,
freqwise_tm_hf100_lfx10_seed_210_freq_0375_0400,freqwise_chunk,TM,hf100_lfx10,frequency-wise-nargp-chunk,210,SUCCEEDED,,True,
freqwise_tm_hf100_lfx10_seed_210_freq_0400_0425,freqwise_chunk,TM,hf100_lfx10,frequency-wise-nargp-chunk,210,SUCCEEDED,,True,
freqwise_tm_hf100_lfx10_seed_210_freq_0425_0450,freqwise_chunk,TM,hf100_lfx10,frequency-wise-nargp-chunk,210,SUCCEEDED,,True,
freqwise_tm_hf100_lfx10_seed_210_freq_0450_0475,freqwise_chunk,TM,hf100_lfx10,frequency-wise-nargp-chunk,210,SUCCEEDED,,True,
freqwise_tm_hf100_lfx10_seed_210_freq_0475_0500,freqwise_chunk,TM,hf100_lfx10,frequency-wise-nargp-chunk,210,SUCCEEDED,,True,
freqwise_tm_hf100_lfx10_seed_210_aggregate,freqwise_aggregate,TM,hf100_lfx10,frequency-wise-nargp-aggregate,210,SUCCEEDED,result_out/final_runs/representation/freqwise_nargp/tm/hf100_lfx10/seed_210/report.json,True,
freqwise_tm_hf100_lfx10_seed_220_freq_0000_0025,freqwise_chunk,TM,hf100_lfx10,frequency-wise-nargp-chunk,220,SUCCEEDED,,True,
freqwise_tm_hf100_lfx10_seed_220_freq_0025_0050,freqwise_chunk,TM,hf100_lfx10,frequency-wise-nargp-chunk,220,SUCCEEDED,,True,
freqwise_tm_hf100_lfx10_seed_220_freq_0050_0075,freqwise_chunk,TM,hf100_lfx10,frequency-wise-nargp-chunk,220,SUCCEEDED,,True,
freqwise_tm_hf100_lfx10_seed_220_freq_0075_0100,freqwise_chunk,TM,hf100_lfx10,frequency-wise-nargp-chunk,220,SUCCEEDED,,True,
freqwise_tm_hf100_lfx10_seed_220_freq_0100_0125,freqwise_chunk,TM,hf100_lfx10,frequency-wise-nargp-chunk,220,SUCCEEDED,,True,
freqwise_tm_hf100_lfx10_seed_220_freq_0125_0150,freqwise_chunk,TM,hf100_lfx10,frequency-wise-nargp-chunk,220,SUCCEEDED,,True,
freqwise_tm_hf100_lfx10_seed_220_freq_0150_0175,freqwise_chunk,TM,hf100_lfx10,frequency-wise-nargp-chunk,220,SUCCEEDED,,True,
freqwise_tm_hf100_lfx10_seed_220_freq_0175_0200,freqwise_chunk,TM,hf100_lfx10,frequency-wise-nargp-chunk,220,SUCCEEDED,,True,
freqwise_tm_hf100_lfx10_seed_220_freq_0200_0225,freqwise_chunk,TM,hf100_lfx10,frequency-wise-nargp-chunk,220,SUCCEEDED,,True,
freqwise_tm_hf100_lfx10_seed_220_freq_0225_0250,freqwise_chunk,TM,hf100_lfx10,frequency-wise-nargp-chunk,220,SUCCEEDED,,True,
freqwise_tm_hf100_lfx10_seed_220_freq_0250_0275,freqwise_chunk,TM,hf100_lfx10,frequency-wise-nargp-chunk,220,SUCCEEDED,,True,
freqwise_tm_hf100_lfx10_seed_220_freq_0275_0300,freqwise_chunk,TM,hf100_lfx10,frequency-wise-nargp-chunk,220,SUCCEEDED,,True,
freqwise_tm_hf100_lfx10_seed_220_freq_0300_0325,freqwise_chunk,TM,hf100_lfx10,frequency-wise-nargp-chunk,220,SUCCEEDED,,True,
freqwise_tm_hf100_lfx10_seed_220_freq_0325_0350,freqwise_chunk,TM,hf100_lfx10,frequency-wise-nargp-chunk,220,SUCCEEDED,,True,
freqwise_tm_hf100_lfx10_seed_220_freq_0350_0375,freqwise_chunk,TM,hf100_lfx10,frequency-wise-nargp-chunk,220,SUCCEEDED,,True,
freqwise_tm_hf100_lfx10_seed_220_freq_0375_0400,freqwise_chunk,TM,hf100_lfx10,frequency-wise-nargp-chunk,220,SUCCEEDED,,True,
freqwise_tm_hf100_lfx10_seed_220_freq_0400_0425,freqwise_chunk,TM,hf100_lfx10,frequency-wise-nargp-chunk,220,SUCCEEDED,,True,
freqwise_tm_hf100_lfx10_seed_220_freq_0425_0450,freqwise_chunk,TM,hf100_lfx10,frequency-wise-nargp-chunk,220,SUCCEEDED,,True,
freqwise_tm_hf100_lfx10_seed_220_freq_0450_0475,freqwise_chunk,TM,hf100_lfx10,frequency-wise-nargp-chunk,220,SUCCEEDED,,True,
freqwise_tm_hf100_lfx10_seed_220_freq_0475_0500,freqwise_chunk,TM,hf100_lfx10,frequency-wise-nargp-chunk,220,SUCCEEDED,,True,
freqwise_tm_hf100_lfx10_seed_220_aggregate,freqwise_aggregate,TM,hf100_lfx10,frequency-wise-nargp-aggregate,220,SUCCEEDED,result_out/final_runs/representation/freqwise_nargp/tm/hf100_lfx10/seed_220/report.json,True,
